emc_lot,film_roughness_class,vacuum_base_kpa_abs,zone_range_c,closing_speed_mm_s,edge_void_pct,chip_offset_p95_um,warpage_um,cycle_time_index,void_upper_3sigma_msa,offset_upper_3sigma_msa,robust_pass,primary_margin
M02,Smooth,4.5,1.5,0.85,0.3527136259094908,17.191907119140062,658.3317474661548,104.05773354048301,0.4137115007965777,18.711885189157297,True,0.06440574054213517
M02,Smooth,4.5,1.5,0.9,0.39792586134425817,17.65299982797922,659.9719289271262,103.36175940135746,0.4589237362313451,19.172977897996454,True,0.04107626376865492
M02,Smooth,4.5,1.5,0.95,0.4431380967790255,18.114092536818372,661.6121103880977,102.66578526223189,0.5041359716661123,19.634070606835607,False,-0.004135971666112348
M02,Smooth,4.5,1.5,1.0,0.48835033221379287,18.575185245657526,663.2522918490691,101.96981112310633,0.5493482071008797,20.09516331567476,False,-0.049348207100879726
M02,Smooth,4.5,1.5,1.05,0.5335625676485604,19.036277954496683,664.8924733100406,101.27383698398076,0.5945604425356472,20.556256024513917,False,-0.09456044253564722
M02,Smooth,4.5,1.5,1.1,0.5787748030833277,19.497370663335836,666.5326547710121,100.5778628448552,0.6397726779704146,21.01734873335307,False,-0.1397726779704146
M02,Smooth,4.5,1.5,1.15,0.6239870385180949,19.95846337217499,668.1728362319835,99.88188870572964,0.6849849134051818,21.478441442192224,False,-0.18498491340518175
M02,Smooth,4.5,1.75,0.85,0.4596588444438894,18.319309879331122,674.852501501632,103.99321174167333,0.5206567193309762,19.839287949348357,False,-0.020656719330976236
M02,Smooth,4.5,1.75,0.9,0.5044409888637192,18.773557830495264,676.242478476135,103.31109509148884,0.5654388637508061,20.2935359005125,False,-0.0654388637508061
M02,Smooth,4.5,1.75,0.95,0.5492231332835491,19.227805781659406,677.6324554506382,102.62897844130433,0.610221008170636,20.74778385167664,False,-0.11022100817063596
M02,Smooth,4.5,1.75,1.0,0.5940052777033791,19.682053732823544,679.0224324251412,101.94686179111983,0.6550031525904659,21.20203180284078,False,-0.15500315259046593
M02,Smooth,4.5,1.75,1.05,0.6387874221232089,20.136301683987686,680.4124093996443,101.26474514093533,0.6997852970102958,21.65627975400492,False,-0.1997852970102958
M02,Smooth,4.5,1.75,1.1,0.6835695665430389,20.590549635151827,681.8023863741474,100.58262849075082,0.7445674414301258,22.110527705169062,False,-0.24456744143012576
M02,Smooth,4.5,1.75,1.15,0.7283517109628687,21.044797586315966,683.1923633486505,99.90051184056632,0.7893495858499555,22.5647756563332,False,-0.2893495858499555
M02,Smooth,4.5,2.0,0.85,0.566604062978288,19.446712639522183,691.3732555371092,103.92868994286366,0.6276019378653749,20.966690709539417,False,-0.12760193786537488
M02,Smooth,4.5,2.0,0.9,0.6109561163831805,19.89411583301131,692.513028025144,103.26043078162022,0.6719539912702673,21.414093903028544,False,-0.17195399127026734
M02,Smooth,4.5,2.0,0.95,0.6553081697880728,20.341519026500436,693.6528005131787,102.59217162037677,0.7163060446751597,21.86149709651767,False,-0.21630604467515968
M02,Smooth,4.5,2.0,1.0,0.6996602231929653,20.788922219989566,694.7925730012133,101.92391245913333,0.7606580980800521,22.3089002900068,False,-0.26065809808005214
M02,Smooth,4.5,2.0,1.05,0.7440122765978577,21.236325413478692,695.9323454892481,101.25565329788989,0.8050101514849446,22.756303483495927,False,-0.3050101514849446
M02,Smooth,4.5,2.0,1.1,0.7883643300027501,21.68372860696782,697.0721179772828,100.58739413664645,0.8493622048898369,23.203706676985053,False,-0.34936220488983694
M02,Smooth,4.5,2.0,1.15,0.8327163834076423,22.131131800456945,698.2118904653174,99.91913497540301,0.8937142582947292,23.65110987047418,False,-0.39371425829472917
M02,Smooth,4.5,2.25,0.85,0.6735492815126867,20.574115399713243,707.8940095725866,103.86416814405396,0.7345471563997735,22.094093469730478,False,-0.23454715639977353
M02,Smooth,4.5,2.25,0.9,0.7174712439026416,21.014673835527358,708.7835775741529,103.20976647175159,0.7784691187897285,22.534651905544592,False,-0.27846911878972846
M02,Smooth,4.5,2.25,0.95,0.7613932062925964,21.45523227134147,709.6731455757192,102.55536479944921,0.8223910811796833,22.975210341358704,False,-0.3223910811796833
M02,Smooth,4.5,2.25,1.0,0.8053151686825514,21.895790707155584,710.5627135772855,101.90096312714684,0.8663130435696382,23.41576877717282,False,-0.36631304356963823
M02,Smooth,4.5,2.25,1.05,0.8492371310725064,22.336349142969695,711.4522815788519,101.24656145484445,0.9102350059595933,23.85632721298693,False,-0.4102350059595933
M02,Smooth,4.5,2.25,1.1,0.8931590934624614,22.77690757878381,712.3418495804182,100.59215978254207,0.9541569683495482,24.296885648801045,False,-0.4541569683495482
M02,Smooth,4.5,2.25,1.15,0.9370810558524161,23.21746601459792,713.2314175819844,99.9377581102397,0.9980789307395029,24.737444084615156,False,-0.49807893073950293
M02,Smooth,4.5,2.5,0.85,0.7804945000470853,21.701518159904303,724.4147636080638,103.79964634524428,0.8414923749341722,23.221496229921538,False,-0.34149237493417217
M02,Smooth,4.5,2.5,0.9,0.8239863714221027,22.135231838043403,725.0541271231617,103.15910216188297,0.8849842463091896,23.655209908060638,False,-0.3849842463091896
M02,Smooth,4.5,2.5,0.95,0.8674782427971202,22.568945516182502,725.6934906382597,102.51855797852166,0.928476117684207,24.088923586199737,False,-0.428476117684207
M02,Smooth,4.5,2.5,1.0,0.9109701141721376,23.002659194321602,726.3328541533576,101.87801379516033,0.9719679890592244,24.522637264338837,False,-0.47196798905922444
M02,Smooth,4.5,2.5,1.05,0.9544619855471551,23.4363728724607,726.9722176684555,101.23746961179901,1.015459860434242,24.956350942477936,False,-0.515459860434242
M02,Smooth,4.5,2.5,1.1,0.9979538569221725,23.8700865505998,727.6115811835534,100.5969254284377,1.0589517318092594,25.390064620617036,False,-0.5589517318092594
M02,Smooth,4.5,2.5,1.15,1.0414457282971898,24.3038002287389,728.2509446986514,99.95638124507639,1.1024436031842768,25.823778298756135,False,-0.6024436031842768
M02,Smooth,4.5,2.75,0.85,0.8874397185814838,22.828920920095364,740.9355176435411,103.7351245464346,0.9484375934685707,24.3488989901126,False,-0.4484375934685707
M02,Smooth,4.5,2.75,0.9,0.9305014989415639,23.255789840559448,741.3246766721707,103.10843785201435,0.9914993738286507,24.775767910576683,False,-0.4914993738286507
M02,Smooth,4.5,2.75,0.95,0.9735632793016438,23.682658761023532,741.7138357008002,102.48175115759409,1.0345611541887307,25.202636831040767,False,-0.5345611541887307
M02,Smooth,4.5,2.75,1.0,1.0166250596617237,24.10952768148762,742.1029947294297,101.85506446317383,1.0776229345488106,25.629505751504855,False,-0.5776229345488106
M02,Smooth,4.5,2.75,1.05,1.0596868400218038,24.536396601951704,742.4921537580593,101.22837776875357,1.1206847149088908,26.05637467196894,False,-0.6206847149088908
M02,Smooth,4.5,2.75,1.1,1.1027486203818837,24.963265522415792,742.8813127866888,100.60169107433333,1.1637464952689707,26.483243592433027,False,-0.6637464952689707
M02,Smooth,4.5,2.75,1.15,1.1458104007419636,25.390134442879877,743.2704718153184,99.97500437991307,1.2068082756290506,26.91011251289711,False,-0.7068082756290506
M02,Smooth,4.5,3.0,0.85,0.9943849371158825,23.956323680286424,757.4562716790184,103.67060274762491,1.0553828120029694,25.47630175030366,False,-0.5553828120029694
M02,Smooth,4.5,3.0,0.9,1.037016626461025,24.376347843075493,757.5952262211796,103.05777354214572,1.098014501348112,25.896325913092728,False,-0.598014501348112
M02,Smooth,4.5,3.0,0.95,1.0796483158061674,24.796372005864566,757.7341807633408,102.44494433666654,1.1406461906932543,26.3163500758818,False,-0.6406461906932543
M02,Smooth,4.5,3.0,1.0,1.12228000515131,25.216396168653638,757.8731353055019,101.83211513118734,1.183277880038397,26.736374238670873,False,-0.683277880038397
M02,Smooth,4.5,3.0,1.05,1.1649116944964524,25.63642033144271,758.0120898476631,101.21928592570815,1.2259095693835393,27.156398401459946,False,-0.7259095693835393
M02,Smooth,4.5,3.0,1.1,1.207543383841595,26.056444494231783,758.1510443898242,100.60645672022895,1.268541258728682,27.576422564249018,False,-0.768541258728682
M02,Smooth,4.5,3.0,1.15,1.2501750731867374,26.476468657020853,758.2899989319853,99.99362751474976,1.3111729480738243,27.996446727038087,False,-0.8111729480738243
M02,Smooth,4.5,3.25,0.85,1.1013301556502813,25.08372644047748,773.9770257144957,103.60608094881523,1.1623280305373682,26.603704510494715,False,-0.6623280305373682
M02,Smooth,4.5,3.25,0.9,1.1435317539804861,25.49690584559154,773.8657757701884,103.0071092322771,1.204529628867573,27.016883915608776,False,-0.7045296288675731
M02,Smooth,4.5,3.25,0.95,1.1857333523106912,25.9100852507056,773.7545258258813,102.40813751573897,1.2467312271977782,27.430063320722834,False,-0.7467312271977782
M02,Smooth,4.5,3.25,1.0,1.227934950640896,26.323264655819656,773.643275881574,101.80916579920084,1.288932825527983,27.84324272583689,False,-0.788932825527983
M02,Smooth,4.5,3.25,1.05,1.2701365489711012,26.736444060933714,773.5320259372668,101.21019408266271,1.3311344238581881,28.25642213095095,False,-0.8311344238581881
M02,Smooth,4.5,3.25,1.1,1.3123381473013063,27.149623466047775,773.4207759929595,100.61122236612458,1.3733360221883932,28.66960153606501,False,-0.8733360221883932
M02,Smooth,4.5,3.25,1.15,1.354539745631511,27.562802871161832,773.3095260486524,100.01225064958645,1.4155376205185979,29.082780941179067,False,-0.9155376205185979
M02,Smooth,4.5,3.5,0.85,1.2082753741846797,26.21112920066854,790.4977797499729,103.54155915000555,1.2692732490717666,27.731107270685776,False,-0.7692732490717666
M02,Smooth,4.5,3.5,0.9,1.2500468814999472,26.617463848107587,790.1363253191973,102.95644492240848,1.3110447563870342,28.13744191812482,False,-0.8110447563870342
M02,Smooth,4.5,3.5,0.95,1.2918183888152148,27.023798495546632,789.7748708884218,102.3713306948114,1.3528162637023018,28.543776565563867,False,-0.8528162637023018
M02,Smooth,4.5,3.5,1.0,1.3335898961304824,27.430133142985675,789.4134164576461,101.78621646721435,1.3945877710175694,28.95011121300291,False,-0.8945877710175694
M02,Smooth,4.5,3.5,1.05,1.3753614034457498,27.83646779042472,789.0519620268706,101.20110223961727,1.4363592783328367,29.356445860441955,False,-0.9363592783328367
M02,Smooth,4.5,3.5,1.1,1.4171329107610173,28.242802437863766,788.6905075960949,100.6159880120202,1.4781307856481043,29.762780507881,False,-0.9781307856481043
M02,Smooth,4.5,3.5,1.15,1.4589044180762847,28.649137085302808,788.3290531653194,100.03087378442314,1.5199022929633716,30.169115155320043,False,-1.0199022929633716
M02,Smooth,4.75,1.5,0.85,0.4001899055778205,17.3841390603589,658.3300108644759,103.59397519508838,0.46118778046490744,18.904117130376136,True,0.03881221953509256
M02,Smooth,4.75,1.5,0.9,0.444719112940431,17.849376635507138,659.7410983096357,102.88304542385781,0.5057169878275178,19.369354705524373,False,-0.005716987827517839
M02,Smooth,4.75,1.5,0.95,0.48924832030304133,18.314614210655368,661.1521857547956,102.17211565262724,0.5502461951901282,19.834592280672602,False,-0.050246195190128184
M02,Smooth,4.75,1.5,1.0,0.5337775276656518,18.779851785803604,662.5632731999555,101.46118588139667,0.5947754025527386,20.29982985582084,False,-0.09477540255273864
M02,Smooth,4.75,1.5,1.05,0.5783067350282622,19.245089360951837,663.9743606451153,100.7502561101661,0.6393046099153491,20.765067430969072,False,-0.1393046099153491
M02,Smooth,4.75,1.5,1.1,0.6228359423908727,19.71032693610007,665.3854480902752,100.03932633893552,0.6838338172779596,21.230305006117305,False,-0.18383381727795955
M02,Smooth,4.75,1.5,1.15,0.6673651497534829,20.175564511248304,666.796535535435,99.32839656770497,0.7283630246405698,21.69554258126554,False,-0.2283630246405698
M02,Smooth,4.75,1.75,0.85,0.5108048827099448,18.5265691127822,674.9262364323133,103.53063314269328,0.5718027575970317,20.046547182799436,False,-0.0718027575970317
M02,Smooth,4.75,1.75,0.9,0.5549039990576179,18.984961930255423,676.0871193910048,102.83356086040376,0.6159018739447047,20.504940000272658,False,-0.11590187394470475
M02,Smooth,4.75,1.75,0.95,0.5990031154052907,19.44335474772864,677.2480023496962,102.13648857811425,0.6600009902923776,20.963332817745876,False,-0.16000099029237758
M02,Smooth,4.75,1.75,1.0,0.6431022317529637,19.901747565201862,678.4088853083878,101.43941629582476,0.7041001066400505,21.421725635219097,False,-0.20410010664005052
M02,Smooth,4.75,1.75,1.05,0.6872013481006367,20.36014038267508,679.5697682670792,100.74234401353525,0.7481992229877236,21.880118452692315,False,-0.24819922298772357
M02,Smooth,4.75,1.75,1.1,0.7313004644483097,20.818533200148302,680.7306512257707,100.04527173124573,0.7922983393353965,22.338511270165537,False,-0.2922983393353965
M02,Smooth,4.75,1.75,1.15,0.7753995807959824,21.27692601762152,681.8915341844622,99.34819944895624,0.8363974556830692,22.796904087638755,False,-0.3363974556830692
M02,Smooth,4.75,2.0,0.85,0.6214198598420693,19.668999165205502,691.5224620001508,103.46729109029818,0.6824177347291561,21.188977235222737,False,-0.18241773472915612
M02,Smooth,4.75,2.0,0.9,0.6650888851748048,20.12054722500371,692.4331404723738,102.78407629694972,0.7260867600618917,21.640525295020943,False,-0.22608676006189166
M02,Smooth,4.75,2.0,0.95,0.7087579105075401,20.572095284801915,693.3438189445969,102.10086150360128,0.769755785394627,22.09207335481915,False,-0.26975578539462697
M02,Smooth,4.75,2.0,1.0,0.7524269358402756,21.02364334460012,694.25449741682,101.41764671025284,0.8134248107273625,22.543621414617355,False,-0.3134248107273625
M02,Smooth,4.75,2.0,1.05,0.7960959611730112,21.475191404398327,695.1651758890431,100.73443191690438,0.857093836060098,22.99516947441556,False,-0.35709383606009804
M02,Smooth,4.75,2.0,1.1,0.8397649865057466,21.926739464196533,696.0758543612662,100.05121712355594,0.9007628613928335,23.446717534213768,False,-0.40076286139283346
M02,Smooth,4.75,2.0,1.15,0.8834340118384819,22.378287523994736,696.9865328334893,99.3680023302075,0.9444318867255688,23.89826559401197,False,-0.44443188672556877
M02,Smooth,4.75,2.25,0.85,0.7320348369741937,20.811429217628802,708.1186875679881,103.40394903790308,0.7930327118612805,22.331407287646037,False,-0.29303271186128055
M02,Smooth,4.75,2.25,0.9,0.7752737712919917,21.256132519751993,708.7791615537428,102.73459173349569,0.8362716461790786,22.776110589769228,False,-0.33627164617907856
M02,Smooth,4.75,2.25,0.95,0.8185127056097896,21.700835821875184,709.4396355394975,102.0652344290883,0.8795105804968765,23.22081389189242,False,-0.37951058049687647
M02,Smooth,4.75,2.25,1.0,0.8617516399275876,22.14553912399838,710.1001095252523,101.39587712468092,0.9227495148146745,23.665517194015614,False,-0.4227495148146745
M02,Smooth,4.75,2.25,1.05,0.9049905742453856,22.59024242612157,710.760583511007,100.72651982027354,0.9659884491324725,24.110220496138805,False,-0.4659884491324725
M02,Smooth,4.75,2.25,1.1,0.9482295085631836,23.034945728244764,711.4210574967617,100.05716251586615,1.0092273834502705,24.554923798262,False,-0.5092273834502705
M02,Smooth,4.75,2.25,1.15,0.9914684428809815,23.479649030367952,712.0815314825164,99.38780521145877,1.0524663177680684,24.999627100385187,False,-0.5524663177680684
M02,Smooth,4.75,2.5,0.85,0.842649814106318,21.9538592700521,724.7149131358256,103.34060698550796,0.9036476889934049,23.473837340069334,False,-0.40364768899340486
M02,Smooth,4.75,2.5,0.9,0.8854586574091786,22.39171781450028,725.1251826351119,102.68510717004165,0.9464565322962655,23.911695884517513,False,-0.4464565322962655
M02,Smooth,4.75,2.5,0.95,0.928267500712039,22.829576358948458,725.5354521343983,102.02960735457532,0.9892653755991259,24.349554428965693,False,-0.48926537559912586
M02,Smooth,4.75,2.5,1.0,0.9710763440148995,23.267434903396637,725.9457216336846,101.374107539109,1.0320742189019865,24.787412973413872,False,-0.5320742189019865
M02,Smooth,4.75,2.5,1.05,1.0138851873177601,23.705293447844813,726.3559911329709,100.71860772364268,1.074883062204847,25.225271517862048,False,-0.5748830622048471
M02,Smooth,4.75,2.5,1.1,1.0566940306206205,24.143151992292992,726.7662606322572,100.06310790817636,1.1176919055077075,25.663130062310227,False,-0.6176919055077075
M02,Smooth,4.75,2.5,1.15,1.099502873923481,24.58101053674117,727.1765301315436,99.40760809271003,1.1605007488105679,26.100988606758406,False,-0.6605007488105679
M02,Smooth,4.75,2.75,0.85,0.9532647912384424,23.0962893224754,741.311138703663,103.27726493311286,1.0142626661255294,24.616267392492635,False,-0.5142626661255294
M02,Smooth,4.75,2.75,0.9,0.9956435435263654,23.527303109248564,741.4712037164809,102.6356226065876,1.0566414184134523,25.0472811792658,False,-0.5566414184134523
M02,Smooth,4.75,2.75,0.95,1.0380222958142884,23.958316896021728,741.6312687292989,101.99398028006235,1.0990201707013754,25.478294966038963,False,-0.5990201707013754
M02,Smooth,4.75,2.75,1.0,1.0804010481022115,24.389330682794895,741.7913337421169,101.35233795353709,1.1413989229892985,25.90930875281213,False,-0.6413989229892985
M02,Smooth,4.75,2.75,1.05,1.1227798003901346,24.82034446956806,741.9513987549348,100.71069562701183,1.1837776752772216,26.340322539585294,False,-0.6837776752772216
M02,Smooth,4.75,2.75,1.1,1.1651585526780575,25.251358256341224,742.1114637677528,100.06905330048656,1.2261564275651444,26.77133632635846,False,-0.7261564275651444
M02,Smooth,4.75,2.75,1.15,1.2075373049659803,25.682372043114388,742.2715287805706,99.4274109739613,1.2685351798530673,27.202350113131622,False,-0.7685351798530673
M02,Smooth,4.75,3.0,0.85,1.0638797683705667,24.2387193748987,757.9073642715003,103.21392288071776,1.1248776432576537,25.758697444915935,False,-0.6248776432576537
M02,Smooth,4.75,3.0,0.9,1.1058284296435523,24.66288840399685,757.8172247978499,102.58613804313356,1.1668263045306393,26.182866474014084,False,-0.6668263045306393
M02,Smooth,4.75,3.0,0.95,1.147777090916538,25.087057433095,757.7270853241995,101.95835320554937,1.2087749658036249,26.607035503112236,False,-0.7087749658036249
M02,Smooth,4.75,3.0,1.0,1.1897257521895235,25.511226462193154,757.6369458505491,101.33056836796517,1.2507236270766104,27.03120453221039,False,-0.7507236270766104
M02,Smooth,4.75,3.0,1.05,1.2316744134625088,25.935395491291303,757.5468063768986,100.70278353038097,1.2926722883495958,27.455373561308537,False,-0.7926722883495958
M02,Smooth,4.75,3.0,1.1,1.2736230747354944,26.359564520389455,757.4566669032482,100.07499869279677,1.3346209496225814,27.87954259040669,False,-0.8346209496225814
M02,Smooth,4.75,3.0,1.15,1.3155717360084798,26.783733549487604,757.3665274295978,99.44721385521257,1.3765696108955667,28.30371161950484,False,-0.8765696108955667
M02,Smooth,4.75,3.25,0.85,1.1744947455026913,25.381149427322,774.5035898393378,103.15058082832266,1.2354926203897783,26.901127497339235,False,-0.7354926203897783
M02,Smooth,4.75,3.25,0.9,1.2160133157607393,25.798473698745138,774.163245879219,102.53665347967953,1.2770111906478263,27.318451768762372,False,-0.7770111906478263
M02,Smooth,4.75,3.25,0.95,1.2575318860187872,26.215797970168275,773.8229019191002,101.92272613103638,1.3185297609058741,27.73577604018551,False,-0.8185297609058741
M02,Smooth,4.75,3.25,1.0,1.2990504562768352,26.633122241591412,773.4825579589814,101.30879878239325,1.3600483311639222,28.153100311608647,False,-0.8600483311639222
M02,Smooth,4.75,3.25,1.05,1.3405690265348835,27.05044651301455,773.1422139988625,100.69487143375011,1.4015669014219705,28.570424583031784,False,-0.9015669014219705
M02,Smooth,4.75,3.25,1.1,1.3820875967929316,27.467770784437686,772.8018700387437,100.08094408510698,1.4430854716800185,28.98774885445492,False,-0.9430854716800185
M02,Smooth,4.75,3.25,1.15,1.4236061670509794,27.88509505586082,772.461526078625,99.46701673646385,1.4846040419380664,29.405073125878054,False,-0.9846040419380664
M02,Smooth,4.75,3.5,0.85,1.2851097226348156,26.523579479745298,791.0998154071752,103.08723877592756,1.3461075975219026,28.043557549762532,False,-0.8461075975219026
M02,Smooth,4.75,3.5,0.9,1.3261982018779261,26.934058993493423,790.5092669605881,102.48716891622549,1.387196076765013,28.454037063510658,False,-0.8871960767650131
M02,Smooth,4.75,3.5,0.95,1.3672866811210367,27.344538507241545,789.9187185140008,101.88709905652341,1.4282845560081237,28.86451657725878,False,-0.9282845560081237
M02,Smooth,4.75,3.5,1.0,1.4083751603641472,27.75501802098967,789.3281700674137,101.28702919682134,1.4693730352512342,29.274996091006905,False,-0.9693730352512342
M02,Smooth,4.75,3.5,1.05,1.4494636396072578,28.165497534737792,788.7376216208264,100.68695933711926,1.5104615144943447,29.685475604755027,False,-1.0104615144943447
M02,Smooth,4.75,3.5,1.1,1.4905521188503683,28.575977048485917,788.1470731742393,100.08688947741719,1.5515499937374553,30.095955118503152,False,-1.0515499937374553
M02,Smooth,4.75,3.5,1.15,1.5316405980934789,28.98645656223404,787.5565247276521,99.48681961771511,1.5926384729805658,30.506434632251274,False,-1.0926384729805658
M02,Smooth,5.0,1.5,0.85,0.44766618524615026,17.57637100157774,658.328274262797,103.13021684969374,0.5086640601332372,19.096349071594975,False,-0.008664060133237173
M02,Smooth,5.0,1.5,0.9,0.4915123645366038,18.045753443035053,659.5102676921452,102.40433144635816,0.5525102394236907,19.565731513052288,False,-0.05251023942369071
M02,Smooth,5.0,1.5,0.95,0.5353585438270572,18.515135884492366,660.6922611214935,101.67844604302259,0.596356418714144,20.0351139545096,False,-0.09635641871414402
M02,Smooth,5.0,1.5,1.0,0.5792047231175107,18.98451832594968,661.8742545508418,100.95256063968701,0.6402025980045976,20.504496395966914,False,-0.14020259800459756
M02,Smooth,5.0,1.5,1.05,0.6230509024079642,19.453900767406992,663.05624798019,100.22667523635144,0.6840487772950511,20.973878837424227,False,-0.1840487772950511
M02,Smooth,5.0,1.5,1.1,0.6668970816984177,19.923283208864305,664.2382414095383,99.50078983301586,0.7278949565855045,21.44326127888154,False,-0.22789495658550452
M02,Smooth,5.0,1.5,1.15,0.710743260988871,20.392665650321614,665.4202348388866,98.77490442968029,0.7717411358759578,21.91264372033885,False,-0.27174113587595783
M02,Smooth,5.0,1.75,0.85,0.5619509209760004,18.73382834623328,674.9999713629945,103.06805454371322,0.6229487958630873,20.253806416250516,False,-0.12294879586308727
M02,Smooth,5.0,1.75,0.9,0.6053670092515164,19.19636603001558,675.9317603058745,102.3560266293187,0.6663648841386033,20.716344100032813,False,-0.1663648841386033
M02,Smooth,5.0,1.75,0.95,0.6487830975270323,19.658903713797876,676.8635492487543,101.6439987149242,0.7097809724141192,21.17888178381511,False,-0.2097809724141192
M02,Smooth,5.0,1.75,1.0,0.6921991858025484,20.121441397580178,677.7953381916342,100.93197080052968,0.7531970606896352,21.641419467597412,False,-0.2531970606896352
M02,Smooth,5.0,1.75,1.05,0.7356152740780644,20.583979081362475,678.7271271345141,100.21994288613516,0.7966131489651512,22.10395715137971,False,-0.29661314896515123
M02,Smooth,5.0,1.75,1.1,0.7790313623535804,21.046516765144776,679.658916077394,99.50791497174065,0.8400292372406672,22.56649483516201,False,-0.34002923724066725
M02,Smooth,5.0,1.75,1.15,0.8224474506290962,21.50905444892707,680.5907050202738,98.79588705734614,0.883445325516183,23.029032518944305,False,-0.38344532551618304
M02,Smooth,5.0,2.0,0.85,0.6762356567058505,19.89128569088882,691.6716684631922,103.0058922377327,0.7372335315929374,21.411263760906056,False,-0.23723353159293736
M02,Smooth,5.0,2.0,0.9,0.7192216539664291,20.346978616996104,692.3532529196036,102.30772181227924,0.780219528853516,21.86695668701334,False,-0.280219528853516
M02,Smooth,5.0,2.0,0.95,0.7622076512270075,20.80267154310339,693.0348373760152,101.60955138682579,0.8232055261140944,22.322649613120625,False,-0.32320552611409437
M02,Smooth,5.0,2.0,1.0,0.8051936484875861,21.258364469210676,693.7164218324266,100.91138096137234,0.866191523374673,22.77834253922791,False,-0.366191523374673
M02,Smooth,5.0,2.0,1.05,0.8481796457481646,21.71405739531796,694.3980062888381,100.21321053591889,0.9091775206352515,23.234035465335193,False,-0.4091775206352515
M02,Smooth,5.0,2.0,1.1,0.8911656430087431,22.169750321425244,695.0795907452497,99.51504011046543,0.95216351789583,23.68972839144248,False,-0.45216351789583
M02,Smooth,5.0,2.0,1.15,0.9341516402693215,22.62544324753253,695.7611752016611,98.816869685012,0.9951495151564084,24.145421317549765,False,-0.49514951515640837
M02,Smooth,5.0,2.25,0.85,0.7905203924357007,21.04874303554436,708.3433655633897,102.94372993175217,0.8515182673227876,22.568721105561593,False,-0.35151826732278757
M02,Smooth,5.0,2.25,0.9,0.8330762986813417,21.49759120397663,708.7747455333329,102.25941699523977,0.8940741735684286,23.017569273993864,False,-0.39407417356842855
M02,Smooth,5.0,2.25,0.95,0.8756322049269827,21.9464393724089,709.206125503276,101.57510405872739,0.9366300798140695,23.466417442426135,False,-0.43663007981406954
M02,Smooth,5.0,2.25,1.0,0.9181881111726238,22.395287540841174,709.6375054732191,100.890791122215,0.9791859860597106,23.91526561085841,False,-0.47918598605971063
M02,Smooth,5.0,2.25,1.05,0.9607440174182648,22.844135709273445,710.0688854431622,100.20647818570262,1.0217418923053516,24.36411377929068,False,-0.5217418923053516
M02,Smooth,5.0,2.25,1.1,1.003299923663906,23.292983877705716,710.5002654131054,99.52216524919022,1.064297798550993,24.81296194772295,False,-0.5642977985509929
M02,Smooth,5.0,2.25,1.15,1.0458558299095468,23.741832046137986,710.9316453830484,98.83785231267784,1.1068537047966338,25.26181011615522,False,-0.6068537047966338
M02,Smooth,5.0,2.5,0.85,0.9048051281655508,22.2062003801999,725.0150626635873,102.88156762577165,0.9658030030526377,23.726178450217134,False,-0.46580300305263767
M02,Smooth,5.0,2.5,0.9,0.9469309433962544,22.648203790957155,725.196238147062,102.21111217820032,1.0079288182833412,24.16818186097439,False,-0.5079288182833412
M02,Smooth,5.0,2.5,0.95,0.9890567586269579,23.090207201714414,725.3774136305367,101.540656730629,1.0500546335140448,24.61018527173165,False,-0.5500546335140448
M02,Smooth,5.0,2.5,1.0,1.0311825738576614,23.53221061247167,725.5585891140115,100.87020128305767,1.0921804487447484,25.052188682488904,False,-0.5921804487447484
M02,Smooth,5.0,2.5,1.05,1.073308389088365,23.974214023228928,725.7397645974862,100.19974583548634,1.134306263975452,25.494192093246163,False,-0.634306263975452
M02,Smooth,5.0,2.5,1.1,1.1154342043190686,24.416217433986187,725.9209400809609,99.52929038791501,1.1764320792061556,25.93619550400342,False,-0.6764320792061556
M02,Smooth,5.0,2.5,1.15,1.157560019549772,24.858220844743443,726.1021155644357,98.85883494034368,1.218557894436859,26.378198914760677,False,-0.7185578944368589
M02,Smooth,5.0,2.75,0.85,1.019089863895401,23.363657724855436,741.6867597637848,102.81940531979113,1.0800877387824879,24.88363579487267,False,-0.5800877387824879
M02,Smooth,5.0,2.75,0.9,1.060785588111167,23.79881637793768,741.6177307607912,102.16280736116086,1.121783462998254,25.318794447954915,False,-0.6217834629982539
M02,Smooth,5.0,2.75,0.95,1.102481312326933,24.233975031019924,741.5487017577975,101.5062094025306,1.16347918721402,25.75395310103716,False,-0.66347918721402
M02,Smooth,5.0,2.75,1.0,1.144177036542699,24.669133684102167,741.4796727548039,100.84961144390033,1.205174911429786,26.189111754119402,False,-0.705174911429786
M02,Smooth,5.0,2.75,1.05,1.1858727607584651,25.10429233718441,741.4106437518102,100.19301348527007,1.2468706356455521,26.624270407201646,False,-0.7468706356455521
M02,Smooth,5.0,2.75,1.1,1.2275684849742312,25.539450990266655,741.3416147488166,99.5364155266398,1.2885663598613182,27.05942906028389,False,-0.7885663598613182
M02,Smooth,5.0,2.75,1.15,1.2692642091899973,25.9746096433489,741.272585745823,98.87981756800954,1.3302620840770842,27.494587713366133,False,-0.8302620840770842
M02,Smooth,5.0,3.0,0.85,1.1333745996252511,24.521115069510977,758.3584568639824,102.75724301381061,1.194372474512338,26.04109313952821,False,-0.6943724745123381
M02,Smooth,5.0,3.0,0.9,1.1746402328260797,24.949428964918205,758.0392233745204,102.11450254412141,1.2356381077131666,26.46940703493544,False,-0.7356381077131666
M02,Smooth,5.0,3.0,0.95,1.2159058660269082,25.377742860325437,757.7199898850583,101.4717620744322,1.2769037409139952,26.897720930342672,False,-0.7769037409139952
M02,Smooth,5.0,3.0,1.0,1.2571714992277367,25.806056755732666,757.4007563955963,100.82902160474299,1.3181693741148237,27.3260348257499,False,-0.8181693741148237
M02,Smooth,5.0,3.0,1.05,1.2984371324285655,26.234370651139898,757.0815229061343,100.18628113505379,1.3594350073156525,27.754348721157132,False,-0.8594350073156525
M02,Smooth,5.0,3.0,1.1,1.339702765629394,26.662684546547126,756.7622894166723,99.54354066536459,1.400700640516481,28.18266261656436,False,-0.900700640516481
M02,Smooth,5.0,3.0,1.15,1.3809683988302224,27.090998441954355,756.4430559272103,98.90080019567539,1.4419662737173093,28.61097651197159,False,-0.9419662737173093
M02,Smooth,5.0,3.25,0.85,1.2476593353551013,25.678572414166517,775.0301539641799,102.69508070783009,1.3086572102421883,27.19855048418375,False,-0.8086572102421883
M02,Smooth,5.0,3.25,0.9,1.2884948775409923,26.100041551898734,774.4607159882496,102.06619772708194,1.3494927524280793,27.62001962191597,False,-0.8494927524280793
M02,Smooth,5.0,3.25,0.95,1.3293304197268834,26.521510689630947,773.8912780123192,101.4373147463338,1.3903282946139703,28.041488759648182,False,-0.8903282946139703
M02,Smooth,5.0,3.25,1.0,1.3701659619127746,26.942979827363164,773.3218400363887,100.80843176558567,1.4311638367998616,28.4629578973804,False,-0.9311638367998616
M02,Smooth,5.0,3.25,1.05,1.4110015040986656,27.36444896509538,772.7524020604583,100.17954878483752,1.4719993789857526,28.884427035112616,False,-0.9719993789857526
M02,Smooth,5.0,3.25,1.1,1.4518370462845567,27.785918102827598,772.182964084528,99.55066580408938,1.5128349211716436,29.305896172844832,False,-1.0128349211716436
M02,Smooth,5.0,3.25,1.15,1.4926725884704477,28.20738724055981,771.6135261085975,98.92178282334123,1.5536704633575347,29.727365310577046,False,-1.0536704633575347
M02,Smooth,5.0,3.5,0.85,1.3619440710849513,26.836029758822054,791.7018510643775,102.63291840184957,1.4229419459720383,28.35600782883929,False,-0.9229419459720383
M02,Smooth,5.0,3.5,0.9,1.402349522255905,27.25065413887926,790.8822086019787,102.01789291004249,1.463347397142992,28.770632208896494,False,-0.963347397142992
M02,Smooth,5.0,3.5,0.95,1.4427549734268585,27.66527851893646,790.06256613958,101.4028674182354,1.5037528483139455,29.185256588953695,False,-1.0037528483139455
M02,Smooth,5.0,3.5,1.0,1.4831604245978123,28.079902898993662,789.2429236771811,100.78784192642833,1.5441582994848992,29.599880969010897,False,-1.0441582994848992
M02,Smooth,5.0,3.5,1.05,1.5235658757687658,28.494527279050864,788.4232812147824,100.17281643462124,1.5845637506558528,30.0145053490681,False,-1.0845637506558528
M02,Smooth,5.0,3.5,1.1,1.5639713269397195,28.90915165910807,787.6036387523835,99.55779094281417,1.6249692018268065,30.429129729125304,False,-1.1249692018268065
M02,Smooth,5.0,3.5,1.15,1.604376778110673,29.323776039165267,786.7839962899848,98.94276545100709,1.66537465299776,30.843754109182502,False,-1.16537465299776
M02,Smooth,5.25,1.5,0.85,0.49514246491448,17.76860294279658,658.3265376611182,102.66645850429909,0.5561403398015669,19.288581012813815,False,-0.05614033980156685
M02,Smooth,5.25,1.5,0.9,0.5383056161327766,18.242130250562973,659.2794370746549,101.92561746885852,0.5993034910198635,19.762108320580207,False,-0.09930349101986347
M02,Smooth,5.25,1.5,0.95,0.581468767351073,18.71565755832936,660.2323364881914,101.18477643341794,0.6424666422381599,20.235635628346596,False,-0.14246664223815986
M02,Smooth,5.25,1.5,1.0,0.6246319185693696,19.189184866095754,661.1852359017281,100.44393539797736,0.6856297934564565,20.70916293611299,False,-0.18562979345645647
M02,Smooth,5.25,1.5,1.05,0.6677950697876661,19.662712173862147,662.1381353152648,99.70309436253677,0.728792944674753,21.18269024387938,False,-0.22879294467475297
M02,Smooth,5.25,1.5,1.1,0.7109582210059627,20.13623948162854,663.0910347288014,98.96225332709619,0.7719560958930496,21.656217551645774,False,-0.2719560958930496
M02,Smooth,5.25,1.5,1.15,0.7541213722242591,20.60976678939493,664.0439341423381,98.22141229165562,0.815119247111346,22.129744859412163,False,-0.315119247111346
M02,Smooth,5.25,1.75,0.85,0.6130969592420559,18.94108757968436,675.0737062936759,102.60547594473316,0.6740948341291427,20.461065649701595,False,-0.17409483412914273
M02,Smooth,5.25,1.75,0.9,0.655830019445415,19.407770129775738,675.7764012207441,101.87849239823363,0.7168278943325018,20.927748199792973,False,-0.21682789433250182
M02,Smooth,5.25,1.75,0.95,0.698563079648774,19.874452679867115,676.4790961478125,101.15150885173412,0.7595609545358608,21.39443074988435,False,-0.2595609545358608
M02,Smooth,5.25,1.75,1.0,0.741296139852133,20.341135229958493,677.1817910748807,100.4245253052346,0.8022940147392199,21.861113299975727,False,-0.3022940147392199
M02,Smooth,5.25,1.75,1.05,0.784029200055492,20.80781778004987,677.884486001949,99.69754175873508,0.8450270749425789,22.327795850067105,False,-0.3450270749425789
M02,Smooth,5.25,1.75,1.1,0.8267622602588511,21.274500330141247,678.5871809290173,98.97055821223556,0.887760135145938,22.794478400158482,False,-0.387760135145938
M02,Smooth,5.25,1.75,1.15,0.86949532046221,21.741182880232625,679.2898758560856,98.24357466573605,0.9304931953492969,23.26116095024986,False,-0.43049319534929686
M02,Smooth,5.25,2.0,0.85,0.7310514535696319,20.113572216572138,691.8208749262336,102.54449338516721,0.7920493284567187,21.633550286589372,False,-0.2920493284567187
M02,Smooth,5.25,2.0,0.9,0.7733544227580534,20.573410008988503,692.2733653668334,101.83136732760876,0.8343522976451403,22.093388079005738,False,-0.3343522976451403
M02,Smooth,5.25,2.0,0.95,0.8156573919464749,21.033247801404865,692.7258558074334,101.1182412700503,0.8766552668335618,22.5532258714221,False,-0.37665526683356176
M02,Smooth,5.25,2.0,1.0,0.8579603611348965,21.49308559382123,693.1783462480333,100.40511521249185,0.9189582360219833,23.013063663838466,False,-0.41895823602198334
M02,Smooth,5.25,2.0,1.05,0.9002633303233181,21.952923386237593,693.6308366886332,99.6919891549334,0.9612612052104049,23.472901456254828,False,-0.4612612052104049
M02,Smooth,5.25,2.0,1.1,0.9425662995117396,22.41276117865396,694.0833271292331,98.97886309737494,1.0035641743988266,23.932739248671194,False,-0.5035641743988266
M02,Smooth,5.25,2.0,1.15,0.9848692687001611,22.87259897107032,694.535817569833,98.26573703981649,1.045867143587248,24.392577041087556,False,-0.545867143587248
M02,Smooth,5.25,2.25,0.85,0.8490059478972077,21.286056853459918,708.5680435587913,102.48351082560127,0.9100038227842946,22.806034923477153,False,-0.4100038227842946
M02,Smooth,5.25,2.25,0.9,0.8908788260706918,21.73904988820127,708.7703295129228,101.78424225698387,0.9518767009577787,23.259027958218503,False,-0.45187670095777865
M02,Smooth,5.25,2.25,0.95,0.9327517042441759,22.192042922942615,708.9726154670543,101.08497368836649,0.9937495791312627,23.71202099295985,False,-0.4937495791312627
M02,Smooth,5.25,2.25,1.0,0.9746245824176599,22.645035957683966,709.1749014211858,100.38570511974909,1.0356224573047468,24.1650140277012,False,-0.5356224573047468
M02,Smooth,5.25,2.25,1.05,1.016497460591144,23.098028992425316,709.3771873753174,99.68643655113169,1.077495335478231,24.61800706244255,False,-0.5774953354782311
M02,Smooth,5.25,2.25,1.1,1.0583703387646282,23.551022027166667,709.5794733294489,98.98716798251431,1.1193682136517151,25.0710000971839,False,-0.6193682136517151
M02,Smooth,5.25,2.25,1.15,1.100243216938112,24.004015061908017,709.7817592835804,98.28789941389691,1.161241091825199,25.523993131925252,False,-0.661241091825199
M02,Smooth,5.25,2.5,0.85,0.9669604422247836,22.458541490347695,725.315212191349,102.42252826603533,1.0279583171118705,23.97851956036493,False,-0.5279583171118705
M02,Smooth,5.25,2.5,0.9,1.0084032293833303,22.904689767414034,725.2672936590121,101.737117186359,1.0694011042704172,24.42466783743127,False,-0.5694011042704172
M02,Smooth,5.25,2.5,0.95,1.0498460165418768,23.35083804448037,725.2193751266752,101.05170610668267,1.1108438914289638,24.870816114497604,False,-0.6108438914289638
M02,Smooth,5.25,2.5,1.0,1.0912888037004234,23.796986321546704,725.1714565943385,100.36629502700633,1.1522866785875103,25.31696439156394,False,-0.6522866785875103
M02,Smooth,5.25,2.5,1.05,1.13273159085897,24.243134598613043,725.1235380620016,99.68088394733,1.1937294657460569,25.763112668630278,False,-0.6937294657460569
M02,Smooth,5.25,2.5,1.1,1.1741743780175167,24.68928287567938,725.0756195296647,98.99547286765367,1.2351722529046036,26.209260945696613,False,-0.7351722529046036
M02,Smooth,5.25,2.5,1.15,1.215617165176063,25.135431152745713,725.0277009973278,98.31006178797735,1.27661504006315,26.655409222762948,False,-0.77661504006315
M02,Smooth,5.25,2.75,0.85,1.0849149365523596,23.631026127235476,742.0623808239067,102.36154570646939,1.1459128114394466,25.15100419725271,False,-0.6459128114394466
M02,Smooth,5.25,2.75,0.9,1.1259276326959686,24.0703296466268,741.7642578051015,101.68999211573413,1.1869255075830556,25.590307716644034,False,-0.6869255075830556
M02,Smooth,5.25,2.75,0.95,1.1669403288395777,24.50963316601812,741.4661347862963,101.01843852499886,1.2279382037266646,26.029611236035354,False,-0.7279382037266646
M02,Smooth,5.25,2.75,1.0,1.207953024983187,24.948936685409443,741.168011767491,100.34688493426358,1.2689508998702739,26.468914755426677,False,-0.7689508998702739
M02,Smooth,5.25,2.75,1.05,1.248965721126796,25.388240204800766,740.8698887486858,99.67533134352831,1.309963596013883,26.908218274818,False,-0.8099635960138829
M02,Smooth,5.25,2.75,1.1,1.2899784172704052,25.82754372419209,740.5717657298804,99.00377775279304,1.3509762921574922,27.347521794209324,False,-0.8509762921574922
M02,Smooth,5.25,2.75,1.15,1.330991113414014,26.26684724358341,740.2736427110752,98.33222416205777,1.391988988301101,27.786825313600644,False,-0.891988988301101
M02,Smooth,5.25,3.0,0.85,1.2028694308799355,24.803510764123253,758.8095494564644,102.30056314690346,1.2638673057670224,26.323488834140488,False,-0.7638673057670224
M02,Smooth,5.25,3.0,0.9,1.243452036008607,25.23596952583956,758.2612219511908,101.64286704510924,1.304449910895694,26.755947595856796,False,-0.804449910895694
M02,Smooth,5.25,3.0,0.95,1.2840346411372785,25.66842828755587,757.7128944459172,100.98517094331504,1.3450325160243655,27.188406357573104,False,-0.8450325160243655
M02,Smooth,5.25,3.0,1.0,1.3246172462659502,26.10088704927218,757.1645669406436,100.32747484152083,1.3856151211530372,27.620865119289416,False,-0.8856151211530372
M02,Smooth,5.25,3.0,1.05,1.365199851394622,26.53334581098849,756.61623943537,99.66977873972662,1.426197726281709,28.053323881005724,False,-0.9261977262817089
M02,Smooth,5.25,3.0,1.1,1.4057824565232935,26.965804572704798,756.0679119300963,99.01208263793241,1.4667803314103804,28.485782642722032,False,-0.9667803314103804
M02,Smooth,5.25,3.0,1.15,1.446365061651965,27.398263334421106,755.5195844248227,98.35438653613821,1.507362936539052,28.91824140443834,False,-1.007362936539052
M02,Smooth,5.25,3.25,0.85,1.3208239252075114,25.975995401011033,775.5567180890221,102.23958058733751,1.3818218000945983,27.495973471028268,False,-0.8818218000945983
M02,Smooth,5.25,3.25,0.9,1.3609764393212456,26.401609405052326,774.7581860972801,101.59574197448437,1.4219743142083325,27.92158747506956,False,-0.9219743142083325
M02,Smooth,5.25,3.25,0.95,1.4011289534349796,26.827223409093623,773.9596541055381,100.95190336163122,1.4621268283220665,28.347201479110858,False,-0.9621268283220665
M02,Smooth,5.25,3.25,1.0,1.4412814675487138,27.252837413134916,773.1611221137961,100.30806474877807,1.5022793424358007,28.77281548315215,False,-1.0022793424358007
M02,Smooth,5.25,3.25,1.05,1.481433981662448,27.678451417176213,772.362590122054,99.66422613592492,1.542431856549535,29.198429487193447,False,-1.042431856549535
M02,Smooth,5.25,3.25,1.1,1.521586495776182,28.10406542121751,771.5640581303121,99.02038752307178,1.582584370663269,29.624043491234744,False,-1.082584370663269
M02,Smooth,5.25,3.25,1.15,1.561739009889916,28.529679425258802,770.7655261385701,98.37654891021863,1.622736884777003,30.049657495276037,False,-1.122736884777003
M02,Smooth,5.25,3.5,0.85,1.4387784195350872,27.14848003789881,792.3038867215798,102.17859802777157,1.4997762944221742,28.668458107916045,False,-0.9997762944221742
M02,Smooth,5.25,3.5,0.9,1.478500842633884,27.567249284265092,791.2551502433695,101.54861690385948,1.539498717520971,29.087227354282327,False,-1.039498717520971
M02,Smooth,5.25,3.5,0.95,1.5182232657326804,27.986018530631373,790.206413765159,100.91863577994741,1.5792211406197674,29.505996600648608,False,-1.0792211406197674
M02,Smooth,5.25,3.5,1.0,1.557945688831477,28.404787776997654,789.1576772869487,100.28865465603532,1.618943563718564,29.92476584701489,False,-1.118943563718564
M02,Smooth,5.25,3.5,1.05,1.5976681119302738,28.823557023363936,788.1089408087382,99.65867353212323,1.6586659868173608,30.34353509338117,False,-1.1586659868173608
M02,Smooth,5.25,3.5,1.1,1.6373905350290705,29.242326269730217,787.0602043305279,99.02869240821114,1.6983884099161575,30.762304339747452,False,-1.1983884099161575
M02,Smooth,5.25,3.5,1.15,1.677112958127867,29.6610955160965,786.0114678523175,98.39871128429907,1.738110833014954,31.181073586113733,False,-1.238110833014954
M02,Smooth,5.5,1.5,0.85,0.5426187445828098,17.96083488401542,658.3248010594393,102.20270015890445,0.6036166194698966,19.480812954032654,False,-0.10361661946989664
M02,Smooth,5.5,1.5,0.9,0.5850988677289494,18.43850705809089,659.0486064571644,101.44690349135887,0.6460967426160362,19.958485128108126,False,-0.14609674261603622
M02,Smooth,5.5,1.5,0.95,0.6275789908750888,18.91617923216636,659.7724118548895,100.69110682381329,0.6885768657621757,20.436157302183595,False,-0.1885768657621757
M02,Smooth,5.5,1.5,1.0,0.6700591140212285,19.39385140624183,660.4962172526145,99.9353101562677,0.7310569889083154,20.913829476259064,False,-0.23105698890831539
M02,Smooth,5.5,1.5,1.05,0.7125392371673681,19.8715235803173,661.2200226503396,99.17951348872211,0.773537112054455,21.391501650334536,False,-0.27353711205445497
M02,Smooth,5.5,1.5,1.1,0.7550193603135077,20.349195754392774,661.9438280480647,98.42371682117653,0.8160172352005945,21.86917382441001,False,-0.31601723520059455
M02,Smooth,5.5,1.5,1.15,0.7974994834596472,20.826867928468243,662.6676334457898,97.66792015363094,0.858497358346734,22.346845998485477,False,-0.358497358346734
M02,Smooth,5.5,1.75,0.85,0.6642429975081114,19.148346813135436,675.1474412243572,102.1428973457531,0.7252408723951983,20.66832488315267,False,-0.2252408723951983
M02,Smooth,5.5,1.75,0.9,0.7062930296393135,19.619174229535894,675.6210421356138,101.40095816714857,0.7672909045264004,21.13915229955313,False,-0.26729090452640036
M02,Smooth,5.5,1.75,0.95,0.7483430617705156,20.09000164593635,676.0946430468705,100.65901898854405,0.8093409366576024,21.609979715953585,False,-0.3093409366576024
M02,Smooth,5.5,1.75,1.0,0.7903930939017176,20.560829062336808,676.5682439581273,99.91707980993952,0.8513909687888045,22.080807132354042,False,-0.3513909687888045
M02,Smooth,5.5,1.75,1.05,0.8324431260329198,21.031656478737265,677.0418448693839,99.175140631335,0.8934410009200067,22.5516345487545,False,-0.39344100092000667
M02,Smooth,5.5,1.75,1.1,0.8744931581641219,21.502483895137722,677.5154457806406,98.43320145273047,0.9354910330512087,23.022461965154957,False,-0.43549103305120873
M02,Smooth,5.5,1.75,1.15,0.9165431902953238,21.973311311538176,677.9890466918973,97.69126227412596,0.9775410651824107,23.49328938155541,False,-0.4775410651824107
M02,Smooth,5.5,2.0,0.85,0.7858672504334131,20.335858742255457,691.970081389275,102.08309453260173,0.8468651253205,21.855836812272692,False,-0.34686512532049996
M02,Smooth,5.5,2.0,0.9,0.8274871915496778,20.7998414009809,692.1934778140633,101.35501284293827,0.8884850664367646,22.319819470998134,False,-0.3884850664367646
M02,Smooth,5.5,2.0,0.95,0.8691071326659423,21.26382405970634,692.4168742388516,100.62693115327481,0.9301050075530292,22.783802129723576,False,-0.43010500755302916
M02,Smooth,5.5,2.0,1.0,0.9107270737822069,21.727806718431786,692.64027066364,99.89884946361136,0.9717249486692937,23.24778478844902,False,-0.4717249486692937
M02,Smooth,5.5,2.0,1.05,0.9523470148984715,22.191789377157228,692.8636670884282,99.17076777394789,1.0133448897855584,23.711767447174463,False,-0.5133448897855584
M02,Smooth,5.5,2.0,1.1,0.9939669560147362,22.655772035882674,693.0870635132165,98.44268608428443,1.0549648309018231,24.17575010589991,False,-0.5549648309018231
M02,Smooth,5.5,2.0,1.15,1.0355868971310007,23.119754694608112,693.3104599380049,97.71460439462098,1.0965847720180877,24.639732764625347,False,-0.5965847720180877
M02,Smooth,5.5,2.25,0.85,0.9074915033587148,21.523370671375474,708.7927215541929,102.02329171945037,0.9684893782458016,23.04334874139271,False,-0.4684893782458016
M02,Smooth,5.5,2.25,0.9,0.9486813534600419,21.980508572425904,708.7659134925128,101.30906751872797,1.0096792283471288,23.50048664244314,False,-0.5096792283471288
M02,Smooth,5.5,2.25,0.95,0.9898712035613689,22.437646473476335,708.7391054308328,100.59484331800557,1.0508690784484558,23.95762454349357,False,-0.5508690784484558
M02,Smooth,5.5,2.25,1.0,1.031061053662696,22.89478437452676,708.7122973691527,99.88061911728317,1.092058928549783,24.414762444543996,False,-0.592058928549783
M02,Smooth,5.5,2.25,1.05,1.0722509037640233,23.35192227557719,708.6854893074726,99.16639491656078,1.1332487786511103,24.871900345594426,False,-0.6332487786511103
M02,Smooth,5.5,2.25,1.1,1.1134407538653504,23.80906017662762,708.6586812457924,98.45217071583838,1.1744386287524373,25.329038246644856,False,-0.6744386287524373
M02,Smooth,5.5,2.25,1.15,1.1546306039666774,24.266198077678048,708.6318731841124,97.73794651511598,1.2156284788537643,25.786176147695283,False,-0.7156284788537643
M02,Smooth,5.5,2.5,0.85,1.0291157562840163,22.710882600495495,725.6153617191108,101.96348890629902,1.0901136311711033,24.23086067051273,False,-0.5901136311711033
M02,Smooth,5.5,2.5,0.9,1.069875515370406,23.16117574387091,725.3383491709623,101.26312219451768,1.130873390257493,24.681153813888145,False,-0.630873390257493
M02,Smooth,5.5,2.5,0.95,1.1106352744567956,23.611468887246325,725.0613366228138,100.56275548273634,1.1716331493438825,25.13144695726356,False,-0.6716331493438825
M02,Smooth,5.5,2.5,1.0,1.1513950335431853,24.06176203062174,724.7843240746654,99.86238877095501,1.2123929084302723,25.581740100638974,False,-0.7123929084302723
M02,Smooth,5.5,2.5,1.05,1.192154792629575,24.512055173997155,724.5073115265169,99.16202205917367,1.253152667516662,26.03203324401439,False,-0.753152667516662
M02,Smooth,5.5,2.5,1.1,1.2329145517159645,24.96234831737257,724.2302989783684,98.46165534739232,1.2939124266030515,26.482326387389804,False,-0.7939124266030515
M02,Smooth,5.5,2.5,1.15,1.273674310802354,25.412641460747984,723.9532864302199,97.761288635611,1.334672185689441,26.93261953076522,False,-0.834672185689441
M02,Smooth,5.5,2.75,0.85,1.150740009209318,23.898394529615512,742.4380018840286,101.90368609314766,1.211737884096405,25.418372599632747,False,-0.711737884096405
M02,Smooth,5.5,2.75,0.9,1.1910696772807703,24.341842915315915,741.9107848494117,101.21717687030738,1.2520675521678573,25.86182098533315,False,-0.7520675521678573
M02,Smooth,5.5,2.75,0.95,1.2313993453522223,24.785291301016315,741.3835678147949,100.53066764746711,1.2923972202393093,26.30526937103355,False,-0.7923972202393093
M02,Smooth,5.5,2.75,1.0,1.2717290134236745,25.228739686716718,740.856350780178,99.84415842462683,1.3327268883107615,26.748717756733953,False,-0.8327268883107615
M02,Smooth,5.5,2.75,1.05,1.3120586814951267,25.672188072417118,740.3291337455612,99.15764920178655,1.3730565563822137,27.192166142434353,False,-0.8730565563822137
M02,Smooth,5.5,2.75,1.1,1.352388349566579,26.11563645811752,739.8019167109444,98.47113997894628,1.413386224453666,27.635614528134756,False,-0.9133862244536659
M02,Smooth,5.5,2.75,1.15,1.392718017638031,26.55908484381792,739.2746996763275,97.78463075610601,1.453715892525118,28.079062913835156,False,-0.9537158925251179
M02,Smooth,5.5,3.0,0.85,1.2723642621346196,25.08590645873553,759.2606420489465,101.84388327999629,1.3333621370217066,26.605884528752764,False,-0.8333621370217066
M02,Smooth,5.5,3.0,0.9,1.3122638391911343,25.522510086760917,758.4832205278612,101.17123154609709,1.3732617140782213,27.042488156778152,False,-0.8732617140782213
M02,Smooth,5.5,3.0,0.95,1.352163416247649,25.959113714786305,757.7057990067759,100.49857981219787,1.413161291134736,27.47909178480354,False,-0.913161291134736
M02,Smooth,5.5,3.0,1.0,1.3920629933041637,26.395717342811693,756.9283774856907,99.82592807829866,1.4530608681912507,27.915695412828928,False,-0.9530608681912507
M02,Smooth,5.5,3.0,1.05,1.4319625703606784,26.83232097083708,756.1509559646055,99.15327634439944,1.4929604452477654,28.352299040854316,False,-0.9929604452477654
M02,Smooth,5.5,3.0,1.1,1.4718621474171931,27.26892459886247,755.3735344435203,98.48062461050023,1.53286002230428,28.788902668879704,False,-1.03286002230428
M02,Smooth,5.5,3.0,1.15,1.5117617244737076,27.705528226887857,754.596112922435,97.80797287660101,1.5727595993607946,29.225506296905092,False,-1.0727595993607946
M02,Smooth,5.5,3.25,0.85,1.3939885150599214,26.27341838785555,776.0832822138642,101.78408046684494,1.4549863899470084,27.793396457872785,False,-0.9549863899470084
M02,Smooth,5.5,3.25,0.9,1.4334580011014986,26.703177258205923,775.0556562063107,101.12528622188678,1.4944558759885855,28.223155328223157,False,-0.9944558759885855
M02,Smooth,5.5,3.25,0.95,1.4729274871430758,27.132936128556295,774.028030198757,100.46649197692864,1.5339253620301627,28.65291419857353,False,-1.0339253620301627
M02,Smooth,5.5,3.25,1.0,1.512396973184653,27.56269499890667,773.0004041912034,99.80769773197048,1.57339484807174,29.082673068923906,False,-1.07339484807174
M02,Smooth,5.5,3.25,1.05,1.5518664592262301,27.992453869257044,771.9727781836499,99.14890348701233,1.612864334113317,29.51243193927428,False,-1.112864334113317
M02,Smooth,5.5,3.25,1.1,1.5913359452678073,28.42221273960742,770.9451521760963,98.49010924205417,1.6523338201548943,29.942190809624655,False,-1.1523338201548943
M02,Smooth,5.5,3.25,1.15,1.6308054313093845,28.851971609957793,769.9175261685426,97.83131499709603,1.6918033061964715,30.371949679975028,False,-1.1918033061964715
M02,Smooth,5.5,3.5,0.85,1.515612767985223,27.460930316975567,792.9059223787821,101.72427765369358,1.57661064287231,28.9809083869928,False,-1.07661064287231
M02,Smooth,5.5,3.5,0.9,1.5546521630118628,27.883844429650928,791.6280918847601,101.07934089767649,1.6156500378989498,29.403822499668163,False,-1.1156500378989498
M02,Smooth,5.5,3.5,0.95,1.5936915580385023,28.30675854232629,790.3502613907382,100.4344041416594,1.6546894329255892,29.826736612343524,False,-1.1546894329255892
M02,Smooth,5.5,3.5,1.0,1.6327309530651422,28.72967265500165,789.0724308967161,99.78946738564231,1.6937288279522291,30.249650725018885,False,-1.1937288279522291
M02,Smooth,5.5,3.5,1.05,1.6717703480917818,29.152586767677008,787.7946004026942,99.14453062962522,1.7327682229788688,30.672564837694242,False,-1.2327682229788688
M02,Smooth,5.5,3.5,1.1,1.7108097431184215,29.57550088035237,786.5167699086721,98.49959387360813,1.7718076180055085,31.095478950369603,False,-1.2718076180055085
M02,Smooth,5.5,3.5,1.15,1.7498491381450612,29.99841499302773,785.2389394146502,97.85465711759105,1.8108470130321481,31.518393063044964,False,-1.3108470130321481
M02,Smooth,5.75,1.5,0.85,0.5900950242511396,18.15306682523426,658.3230644577604,101.73894181350981,0.6510928991382264,19.673044895251493,False,-0.15109289913822643
M02,Smooth,5.75,1.5,0.9,0.6318921193251222,18.634883865618807,658.8177758396739,100.96818951385922,0.6928899942122091,20.154861935636042,False,-0.1928899942122091
M02,Smooth,5.75,1.5,0.95,0.6736892143991048,19.116700906003356,659.3124872215874,100.19743721420863,0.7346870892861916,20.63667897602059,False,-0.23468708928619164
M02,Smooth,5.75,1.5,1.0,0.7154863094730874,19.598517946387908,659.8071986035009,99.42668491455804,0.7764841843601743,21.118496016405143,False,-0.2764841843601743
M02,Smooth,5.75,1.5,1.05,0.7572834045470701,20.080334986772456,660.3019099854143,98.65593261490746,0.818281279434157,21.60031305678969,False,-0.31828127943415696
M02,Smooth,5.75,1.5,1.1,0.7990804996210528,20.562152027157005,660.7966213673278,97.88518031525686,0.8600783745081396,22.08213009717424,False,-0.3600783745081396
M02,Smooth,5.75,1.5,1.15,0.8408775946950352,21.043969067541553,661.2913327492413,97.11442801560628,0.9018754695821221,22.563947137558788,False,-0.40187546958212206
M02,Smooth,5.75,1.75,0.85,0.7153890357741669,19.355606046586516,675.2211761550384,101.68031874677303,0.7763869106612538,20.87558411660375,False,-0.27638691066125376
M02,Smooth,5.75,1.75,0.9,0.756756039833212,19.830578329296053,675.4656830504836,100.9234239360635,0.8177539147202989,21.350556399313287,False,-0.3177539147202989
M02,Smooth,5.75,1.75,0.95,0.7981230438922572,20.30555061200559,675.7101899459286,100.16652912535397,0.859120918779344,21.825528682022824,False,-0.35912091877934404
M02,Smooth,5.75,1.75,1.0,0.8394900479513023,20.780522894715123,675.9546968413737,99.40963431464445,0.9004879228383892,22.300500964732358,False,-0.4004879228383892
M02,Smooth,5.75,1.75,1.05,0.8808570520103475,21.25549517742466,676.1992037368188,98.65273950393492,0.9418549268974343,22.775473247441894,False,-0.44185492689743433
M02,Smooth,5.75,1.75,1.1,0.9222240560693927,21.730467460134197,676.4437106322639,97.8958446932254,0.9832219309564796,23.25044553015143,False,-0.4832219309564796
M02,Smooth,5.75,1.75,1.15,0.9635910601284376,22.20543974284373,676.688217527709,97.13894988251587,1.0245889350155246,23.725417812860965,False,-0.5245889350155246
M02,Smooth,5.75,2.0,0.85,0.8406830472971943,20.558145267938777,692.1192878523165,101.62169568003625,0.9016809221842812,22.07812333795601,False,-0.4016809221842812
M02,Smooth,5.75,2.0,0.9,0.8816199603413021,21.026272792973298,692.1135902612931,100.87865835826778,0.9426178352283889,22.546250862990533,False,-0.44261783522838893
M02,Smooth,5.75,2.0,0.95,0.9225568733854096,21.49440031800782,692.1078926702698,100.13562103649932,0.9835547482724964,23.014378388025055,False,-0.48355474827249645
M02,Smooth,5.75,2.0,1.0,0.9634937864295173,21.96252784304234,692.1021950792466,99.39258371473086,1.0244916613166042,23.482505913059576,False,-0.5244916613166042
M02,Smooth,5.75,2.0,1.05,1.004430699473625,22.430655368076863,692.0964974882232,98.64954639296239,1.065428574360712,23.950633438094098,False,-0.5654285743607119
M02,Smooth,5.75,2.0,1.1,1.0453676125177327,22.898782893111385,692.0907998972,97.90650907119392,1.1063654874048197,24.41876096312862,False,-0.6063654874048197
M02,Smooth,5.75,2.0,1.15,1.0863045255618402,23.366910418145906,692.0851023061767,97.16347174942545,1.1473024004489272,24.88688848816314,False,-0.6473024004489272
M02,Smooth,5.75,2.25,0.85,0.9659770588202218,21.760684489291034,709.0173995495944,101.56307261329948,1.0269749337073086,23.28066255930827,False,-0.5269749337073086
M02,Smooth,5.75,2.25,0.9,1.0064838808493919,22.22196725665054,708.7614974721027,100.83389278047207,1.0674817557364789,23.741945326667775,False,-0.5674817557364789
M02,Smooth,5.75,2.25,0.95,1.046990702878562,22.68325002401005,708.5055953946111,100.10471294764467,1.107988577765649,24.203228094027285,False,-0.6079885777656491
M02,Smooth,5.75,2.25,1.0,1.0874975249077323,23.144532791369556,708.2496933171194,99.37553311481726,1.1484953997948193,24.66451086138679,False,-0.6484953997948193
M02,Smooth,5.75,2.25,1.05,1.1280043469369025,23.605815558729066,707.9937912396277,98.64635328198986,1.1890022218239895,25.1257936287463,False,-0.6890022218239895
M02,Smooth,5.75,2.25,1.1,1.1685111689660728,24.067098326088573,707.7378891621361,97.91717344916246,1.2295090438531597,25.587076396105807,False,-0.7295090438531597
M02,Smooth,5.75,2.25,1.15,1.2090179909952428,24.528381093448083,707.4819870846444,97.18799361633505,1.2700158658823297,26.048359163465317,False,-0.7700158658823297
M02,Smooth,5.75,2.5,0.85,1.091271070343249,22.96322371064329,725.9155112468725,101.5044495465627,1.152268945230336,24.483201780660526,False,-0.6522689452303361
M02,Smooth,5.75,2.5,0.9,1.1313478013574818,23.417661720327786,725.4094046829124,100.78912720267635,1.1923456762445688,24.93763979034502,False,-0.6923456762445688
M02,Smooth,5.75,2.5,0.95,1.1714245323717145,23.87209973001228,724.9032981189523,100.07380485879001,1.2324224072588015,25.392077800029515,False,-0.7324224072588015
M02,Smooth,5.75,2.5,1.0,1.2115012633859472,24.326537739696775,724.3971915549922,99.35848251490367,1.2724991382730342,25.84651580971401,False,-0.7724991382730342
M02,Smooth,5.75,2.5,1.05,1.25157799440018,24.78097574938127,723.8910849910322,98.64316017101733,1.3125758692872669,26.300953819398504,False,-0.8125758692872669
M02,Smooth,5.75,2.5,1.1,1.2916547254144126,25.235413759065764,723.3849784270722,97.92783782713099,1.3526526003014996,26.755391829083,False,-0.8526526003014996
M02,Smooth,5.75,2.5,1.15,1.331731456428645,25.689851768750255,722.8788718631121,97.21251548324464,1.392729331315732,27.20982983876749,False,-0.8927293313157321
M02,Smooth,5.75,2.75,0.85,1.2165650818662765,24.16576293199555,742.8136229441504,101.44582647982593,1.2775629567533635,25.685741002012783,False,-0.7775629567533635
M02,Smooth,5.75,2.75,0.9,1.2562117218655717,24.61335618400503,742.0573118937219,100.74436162488064,1.3172095967526587,26.133334254022266,False,-0.8172095967526587
M02,Smooth,5.75,2.75,0.95,1.295858361864867,25.06094943601451,741.3010008432935,100.04289676993535,1.3568562367519539,26.580927506031745,False,-0.8568562367519539
M02,Smooth,5.75,2.75,1.0,1.335505001864162,25.50854268802399,740.5446897928651,99.34143191499008,1.396502876751249,27.028520758041225,False,-0.8965028767512491
M02,Smooth,5.75,2.75,1.05,1.3751516418634575,25.956135940033473,739.7883787424366,98.6399670600448,1.4361495167505445,27.476114010050708,False,-0.9361495167505445
M02,Smooth,5.75,2.75,1.1,1.4147982818627527,26.403729192042952,739.0320676920082,97.93850220509952,1.4757961567498397,27.923707262060187,False,-0.9757961567498397
M02,Smooth,5.75,2.75,1.15,1.4544449218620477,26.851322444052432,738.2757566415798,97.23703735015424,1.5154427967491346,28.371300514069667,False,-1.0154427967491346
M02,Smooth,5.75,3.0,0.85,1.341859093389304,25.36830215334781,759.7117346414284,101.38720341308914,1.402856968276391,26.888280223365044,False,-0.902856968276391
M02,Smooth,5.75,3.0,0.9,1.3810756423736616,25.809050647682273,758.7052191045316,100.69959604708492,1.4420735172607486,27.329028717699508,False,-0.9420735172607486
M02,Smooth,5.75,3.0,0.95,1.4202921913580193,26.24979914201674,757.6987035676348,100.01198868108071,1.4812900662451063,27.769777212033976,False,-0.9812900662451063
M02,Smooth,5.75,3.0,1.0,1.4595087403423772,26.69054763635121,756.692188030738,99.3243813150765,1.5205066152294642,28.210525706368443,False,-1.0205066152294642
M02,Smooth,5.75,3.0,1.05,1.4987252893267349,27.131296130685676,755.6856724938411,98.63677394907226,1.5597231642138218,28.65127420070291,False,-1.0597231642138218
M02,Smooth,5.75,3.0,1.1,1.5379418383110925,27.57204462502014,754.6791569569443,97.94916658306805,1.5989397131981795,29.092022695037375,False,-1.0989397131981795
M02,Smooth,5.75,3.0,1.15,1.5771583872954502,28.01279311935461,753.6726414200475,97.26155921706383,1.6381562621825372,29.532771189371843,False,-1.1381562621825372
M02,Smooth,5.75,3.25,0.85,1.4671531049123314,26.570841374700066,776.6098463387065,101.32858034635237,1.5281509797994184,28.0908194447173,False,-1.0281509797994184
M02,Smooth,5.75,3.25,0.9,1.5059395628817516,27.00474511135952,775.3531263153412,100.65483046928921,1.5669374377688385,28.524723181376753,False,-1.0669374377688385
M02,Smooth,5.75,3.25,0.95,1.544726020851172,27.43864884801897,774.096406291976,99.98108059222605,1.605723895738259,28.958626918036206,False,-1.105723895738259
M02,Smooth,5.75,3.25,1.0,1.583512478820592,27.872552584678424,772.8396862686108,99.30733071516289,1.644510353707679,29.39253065469566,False,-1.144510353707679
M02,Smooth,5.75,3.25,1.05,1.6222989367900125,28.30645632133788,771.5829662452456,98.63358083809973,1.6832968116770994,29.826434391355114,False,-1.1832968116770994
M02,Smooth,5.75,3.25,1.1,1.6610853947594326,28.740360057997332,770.3262462218804,97.95983096103657,1.7220832696465196,30.260338128014567,False,-1.2220832696465196
M02,Smooth,5.75,3.25,1.15,1.6998718527288528,29.174263794656785,769.0695261985152,97.28608108397343,1.7608697276159397,30.69424186467402,False,-1.2608697276159397
M02,Smooth,5.75,3.5,0.85,1.5924471164353589,27.773380596052323,793.5079580359844,101.26995727961558,1.6534449913224458,29.293358666069558,False,-1.1534449913224458
M02,Smooth,5.75,3.5,0.9,1.6308034833898415,28.200439575036764,792.0010335261509,100.6100648914935,1.6918013582769285,29.720417645054,False,-1.1918013582769285
M02,Smooth,5.75,3.5,0.95,1.6691598503443243,28.6274985540212,790.4941090163172,99.95017250337139,1.7301577252314113,30.147476624038436,False,-1.2301577252314113
M02,Smooth,5.75,3.5,1.0,1.707516217298807,29.054557533005642,788.9871845064837,99.2902801152493,1.768514092185894,30.574535603022877,False,-1.268514092185894
M02,Smooth,5.75,3.5,1.05,1.7458725842532898,29.481616511990083,787.48025999665,98.6303877271272,1.8068704591403768,31.001594582007318,False,-1.3068704591403768
M02,Smooth,5.75,3.5,1.1,1.7842289512077727,29.90867549097452,785.9733354868165,97.97049533900511,1.8452268260948597,31.428653560991755,False,-1.3452268260948597
M02,Smooth,5.75,3.5,1.15,1.8225853181622553,30.335734469958958,784.466410976983,97.31060295088302,1.8835831930493423,31.855712539976192,False,-1.3835831930493423
M02,Smooth,6.0,1.5,0.85,0.6375713039194693,18.345298766453098,658.3213278560816,101.27518346811517,0.6985691788065561,19.865276836470333,False,-0.1985691788065561
M02,Smooth,6.0,1.5,0.9,0.678685370921295,18.831260673146726,658.5869452221834,100.48947553635958,0.7396832458083819,20.35123874316396,False,-0.23968324580838185
M02,Smooth,6.0,1.5,0.95,0.7197994379231206,19.317222579840355,658.8525625882853,99.70376760460398,0.7807973128102075,20.83720064985759,False,-0.2807973128102075
M02,Smooth,6.0,1.5,1.0,0.7609135049249462,19.803184486533983,659.1181799543872,98.91805967284839,0.8219113798120331,21.323162556551218,False,-0.3219113798120331
M02,Smooth,6.0,1.5,1.05,0.802027571926772,20.28914639322761,659.3837973204891,98.13235174109279,0.8630254468138588,21.809124463244846,False,-0.36302544681385884
M02,Smooth,6.0,1.5,1.1,0.8431416389285977,20.77510829992124,659.649414686591,97.3466438093372,0.9041395138156846,22.295086369938474,False,-0.4041395138156846
M02,Smooth,6.0,1.5,1.15,0.8842557059304232,21.261070206614868,659.9150320526928,96.5609358775816,0.9452535808175101,22.781048276632102,False,-0.4452535808175101
M02,Smooth,6.0,1.75,0.85,0.7665350740402224,19.562865280037595,675.2949110857197,101.21774014779297,0.8275329489273092,21.08284335005483,False,-0.3275329489273092
M02,Smooth,6.0,1.75,0.9,0.8072190500271106,20.041982429056212,675.3103239653532,100.44588970497844,0.8682169249141974,21.561960499073447,False,-0.36821692491419744
M02,Smooth,6.0,1.75,0.95,0.8479030260139988,20.521099578074825,675.3257368449867,99.6740392621639,0.9089009009010857,22.04107764809206,False,-0.40890090090108566
M02,Smooth,6.0,1.75,1.0,0.888587002000887,21.000216727093438,675.3411497246202,98.90218881934938,0.9495848768879739,22.520194797110673,False,-0.4495848768879739
M02,Smooth,6.0,1.75,1.05,0.9292709779877752,21.479333876112054,675.3565626042537,98.13033837653484,0.9902688528748621,22.99931194612929,False,-0.4902688528748621
M02,Smooth,6.0,1.75,1.1,0.9699549539746635,21.958451025130667,675.3719754838872,97.35848793372031,1.0309528288617504,23.478429095147902,False,-0.5309528288617504
M02,Smooth,6.0,1.75,1.15,1.0106389299615515,22.43756817414928,675.3873883635207,96.58663749090577,1.0716368048486384,23.957546244166515,False,-0.5716368048486384
M02,Smooth,6.0,2.0,0.85,0.8954988441609756,20.780431793622093,692.2684943153579,101.16029682747077,0.9564967190480624,22.300409863639327,False,-0.45649671904806244
M02,Smooth,6.0,2.0,0.9,0.9357527291329264,21.252704184965694,692.0337027085229,100.4023038735973,0.9967506040200133,22.77268225498293,False,-0.49675060402001325
M02,Smooth,6.0,2.0,0.95,0.976006614104877,21.724976576309295,691.7989111016881,99.64431091972384,1.0370044889919638,23.24495464632653,False,-0.5370044889919638
M02,Smooth,6.0,2.0,1.0,1.0162604990768278,22.197248967652897,691.5641194948532,98.88631796585037,1.0772583739639148,23.71722703767013,False,-0.5772583739639148
M02,Smooth,6.0,2.0,1.05,1.0565143840487785,22.669521358996498,691.3293278880183,98.1283250119769,1.1175122589358655,24.189499429013733,False,-0.6175122589358655
M02,Smooth,6.0,2.0,1.1,1.0967682690207292,23.1417937503401,691.0945362811834,97.37033205810341,1.1577661439078162,24.661771820357334,False,-0.6577661439078162
M02,Smooth,6.0,2.0,1.15,1.1370221539926797,23.614066141683697,690.8597446743486,96.61233910422995,1.1980200288797667,25.13404421170093,False,-0.6980200288797667
M02,Smooth,6.0,2.25,0.85,1.0244626142817288,21.99799830720659,709.242077544996,101.10285350714858,1.0854604891688158,23.517976377223825,False,-0.5854604891688158
M02,Smooth,6.0,2.25,0.9,1.064286408238742,22.46342594087518,708.7570814516928,100.35871804221617,1.125284283125829,23.983404010892414,False,-0.625284283125829
M02,Smooth,6.0,2.25,0.95,1.1041102021957552,22.928853574543766,708.2720853583895,99.61458257728376,1.1651080770828421,24.448831644561,False,-0.6651080770828421
M02,Smooth,6.0,2.25,1.0,1.1439339961527684,23.39428120821235,707.7870892650863,98.87044711235136,1.2049318710398553,24.914259278229586,False,-0.7049318710398553
M02,Smooth,6.0,2.25,1.05,1.1837577901097818,23.85970884188094,707.3020931717829,98.12631164741894,1.2447556649968687,25.379686911898176,False,-0.7447556649968687
M02,Smooth,6.0,2.25,1.1,1.223581584066795,24.325136475549527,706.8170970784796,97.38217618248653,1.284579458953882,25.845114545566762,False,-0.7845794589538819
M02,Smooth,6.0,2.25,1.15,1.263405378023808,24.790564109218113,706.3321009851763,96.63804071755412,1.324403252910895,26.310542179235348,False,-0.8244032529108949
M02,Smooth,6.0,2.5,0.85,1.153426384402482,23.21556482079109,726.2156607746341,101.04541018682639,1.2144242592895689,24.735542890808325,False,-0.7144242592895689
M02,Smooth,6.0,2.5,0.9,1.1928200873445578,23.67414769678466,725.4804601948625,100.31513221083503,1.2538179622316448,25.194125766801896,False,-0.7538179622316448
M02,Smooth,6.0,2.5,0.95,1.2322137902866335,24.132730572778236,724.7452596150908,99.58485423484369,1.2932116651737204,25.65270864279547,False,-0.7932116651737204
M02,Smooth,6.0,2.5,1.0,1.2716074932287091,24.59131344877181,724.0100590353192,98.85457625885233,1.332605368115796,26.111291518789045,False,-0.8326053681157961
M02,Smooth,6.0,2.5,1.05,1.311001196170785,25.04989632476538,723.2748584555476,98.12429828286099,1.371999071057872,26.569874394782616,False,-0.871999071057872
M02,Smooth,6.0,2.5,1.1,1.3503948991128607,25.508479200758956,722.5396578757759,97.39402030686965,1.4113927739999477,27.02845727077619,False,-0.9113927739999477
M02,Smooth,6.0,2.5,1.15,1.3897886020549364,25.967062076752526,721.8044572960042,96.6637423308783,1.4507864769420233,27.48704014676976,False,-0.9507864769420233
M02,Smooth,6.0,2.75,0.85,1.282390154523235,24.433131334375588,743.1892440042723,100.98796686650418,1.343388029410322,25.953109404392823,False,-0.843388029410322
M02,Smooth,6.0,2.75,0.9,1.3213537664503734,24.884869452694147,742.2038389380323,100.2715463794539,1.3823516413374604,26.404847522711382,False,-0.8823516413374604
M02,Smooth,6.0,2.75,0.95,1.3603173783775115,25.336607571012706,741.2184338717922,99.55512589240361,1.4213152532645985,26.85658564102994,False,-0.9213152532645985
M02,Smooth,6.0,2.75,1.0,1.39928099030465,25.788345689331265,740.2330288055522,98.83870540535332,1.4602788651917369,27.3083237593485,False,-0.9602788651917369
M02,Smooth,6.0,2.75,1.05,1.438244602231788,26.240083807649825,739.2476237393122,98.12228491830304,1.499242477118875,27.76006187766706,False,-0.999242477118875
M02,Smooth,6.0,2.75,1.1,1.4772082141589264,26.691821925968384,738.2622186730721,97.40586443125275,1.5382060890460134,28.21179999598562,False,-1.0382060890460134
M02,Smooth,6.0,2.75,1.15,1.5161718260860646,27.143560044286943,737.2768136068321,96.68944394420248,1.5771697009731516,28.663538114304178,False,-1.0771697009731516
M02,Smooth,6.0,3.0,0.85,1.4113539246439883,25.650697847960085,760.1628272339104,100.93052354618199,1.4723517995310753,27.17067591797732,False,-0.9723517995310753
M02,Smooth,6.0,3.0,0.9,1.449887445556189,26.09559120860363,758.927217681202,100.22796054807276,1.510885320443276,27.615569278620864,False,-1.010885320443276
M02,Smooth,6.0,3.0,0.95,1.4884209664683898,26.540484569247177,757.6916081284936,99.52539754996354,1.5494188413554768,28.06046263926441,False,-1.0494188413554768
M02,Smooth,6.0,3.0,1.0,1.5269544873805905,26.98537792989072,756.4559985757852,98.82283455185431,1.5879523622676774,28.505355999907955,False,-1.0879523622676774
M02,Smooth,6.0,3.0,1.05,1.5654880082927913,27.430271290534268,755.2203890230768,98.1202715537451,1.6264858831798783,28.950249360551503,False,-1.1264858831798783
M02,Smooth,6.0,3.0,1.1,1.6040215292049922,27.875164651177816,753.9847794703684,97.41770855563587,1.6650194040920792,29.39514272119505,False,-1.1650194040920792
M02,Smooth,6.0,3.0,1.15,1.6425550501171928,28.32005801182136,752.74916991766,96.71514555752665,1.7035529250042798,29.840036081838594,False,-1.2035529250042798
M02,Smooth,6.0,3.25,0.85,1.5403176947647415,26.868264361544583,777.1364104635486,100.8730802258598,1.6013155696518284,28.388242431561817,False,-1.1013155696518284
M02,Smooth,6.0,3.25,0.9,1.5784211246620048,27.306312964513115,775.6505964243718,100.18437471669162,1.6394189995490918,28.82629103453035,False,-1.1394189995490918
M02,Smooth,6.0,3.25,0.95,1.616524554559268,27.744361567481647,774.1647823851949,99.49566920752346,1.6775224294463549,29.264339637498882,False,-1.1775224294463549
M02,Smooth,6.0,3.25,1.0,1.6546279844565313,28.18241017045018,772.6789683460182,98.8069636983553,1.7156258593436182,29.702388240467414,False,-1.2156258593436182
M02,Smooth,6.0,3.25,1.05,1.6927314143537946,28.62045877341871,771.1931543068414,98.11825818918715,1.7537292892408816,30.140436843435946,False,-1.2537292892408816
M02,Smooth,6.0,3.25,1.1,1.730834844251058,29.058507376387244,769.7073402676646,97.42955268001899,1.791832719138145,30.57848544640448,False,-1.291832719138145
M02,Smooth,6.0,3.25,1.15,1.768938274148321,29.496555979355772,768.2215262284877,96.74084717085083,1.829936149035408,31.016534049373007,False,-1.329936149035408
M02,Smooth,6.0,3.5,0.85,1.6692814648854946,28.08583087512908,794.1099936931868,100.81563690553759,1.7302793397725815,29.605808945146315,False,-1.2302793397725815
M02,Smooth,6.0,3.5,0.9,1.7069548037678204,28.5170347204226,792.3739751675415,100.1407888853105,1.7679526786549074,30.037012790439835,False,-1.2679526786549074
M02,Smooth,6.0,3.5,0.95,1.7446281426501462,28.948238565716117,790.6379566418964,99.4659408650834,1.8056260175372332,30.468216635733352,False,-1.3056260175372332
M02,Smooth,6.0,3.5,1.0,1.782301481532472,29.379442411009634,788.9019381162511,98.7910928448563,1.843299356419559,30.89942048102687,False,-1.343299356419559
M02,Smooth,6.0,3.5,1.05,1.8199748204147979,29.810646256303155,787.165919590606,98.11624482462919,1.8809726953018848,31.33062432632039,False,-1.3809726953018848
M02,Smooth,6.0,3.5,1.1,1.8576481592971237,30.241850101596672,785.4299010649609,97.44139680440209,1.9186460341842106,31.761828171613907,False,-1.4186460341842106
M02,Smooth,6.0,3.5,1.15,1.8953214981794493,30.67305394689019,783.6938825393156,96.766548784175,1.9563193730665362,32.193032016907424,False,-1.4563193730665362
M02,Smooth,6.25,1.5,0.85,0.685047583587799,18.537530707671937,658.3195912544027,100.81142512272052,0.7460454584748859,20.057508777689172,False,-0.2460454584748859
M02,Smooth,6.25,1.5,0.9,0.7254786225174678,19.027637480674645,658.356114604693,100.01076155885993,0.7864764974045546,20.54761555069188,False,-0.2864764974045546
M02,Smooth,6.25,1.5,0.95,0.7659096614471365,19.51774425367735,658.3926379549832,99.21009799499933,0.8269075363342233,21.037722323694585,False,-0.3269075363342233
M02,Smooth,6.25,1.5,1.0,0.8063407003768052,20.007851026680058,658.4291613052735,98.40943443113873,0.867338575263892,21.527829096697292,False,-0.367338575263892
M02,Smooth,6.25,1.5,1.05,0.846771739306474,20.497957799682766,658.4656846555638,97.60877086727812,0.9077696141935608,22.0179358697,False,-0.40776961419356084
M02,Smooth,6.25,1.5,1.1,0.8872027782361427,20.988064572685474,658.5022080058541,96.80810730341753,0.9482006531232295,22.50804264270271,False,-0.44820065312322954
M02,Smooth,6.25,1.5,1.15,0.9276338171658113,21.478171345688178,658.5387313561444,96.00744373955693,0.9886316920528981,22.998149415705413,False,-0.48863169205289814
M02,Smooth,6.25,1.75,0.85,0.8176811123062779,19.770124513488675,675.368646016401,100.75516154881291,0.8786789871933648,21.29010258350591,False,-0.3786789871933648
M02,Smooth,6.25,1.75,0.9,0.8576820602210092,20.253386528816367,675.1549648802229,99.96835547389337,0.9186799351080961,21.773364598833602,False,-0.4186799351080961
M02,Smooth,6.25,1.75,0.95,0.8976830081357404,20.73664854414406,674.9412837440448,99.18154939897384,0.9586808830228273,22.256626614161295,False,-0.4586808830228273
M02,Smooth,6.25,1.75,1.0,0.9376839560504716,21.219910559471757,674.7276026078667,98.3947433240543,0.9986818309375585,22.73988862948899,False,-0.49868183093755847
M02,Smooth,6.25,1.75,1.05,0.9776849039652029,21.70317257479945,674.5139214716886,97.60793724913476,1.0386827788522899,23.223150644816684,False,-0.5386827788522899
M02,Smooth,6.25,1.75,1.1,1.017685851879934,22.186434590127142,674.3002403355105,96.82113117421522,1.078683726767021,23.706412660144377,False,-0.5786837267670211
M02,Smooth,6.25,1.75,1.15,1.0576867997946653,22.669696605454835,674.0865591993324,96.03432509929569,1.1186846746817523,24.18967467547207,False,-0.6186846746817523
M02,Smooth,6.25,2.0,0.85,0.9503146410247568,21.002718319305412,692.4177007783993,100.6988979749053,1.0113125159118437,22.522696389322647,False,-0.5113125159118437
M02,Smooth,6.25,2.0,0.9,0.9898854979245506,21.479135576958093,691.9538151557529,99.92594938892682,1.0508833728116376,22.999113646975328,False,-0.5508833728116376
M02,Smooth,6.25,2.0,0.95,1.0294563548243443,21.95555283461077,691.4899295331063,99.15300080294834,1.0904542297114312,23.475530904628005,False,-0.5904542297114312
M02,Smooth,6.25,2.0,1.0,1.0690272117241382,22.43197009226345,691.0260439104599,98.38005221696987,1.1300250866112251,23.951948162280686,False,-0.6300250866112251
M02,Smooth,6.25,2.0,1.05,1.1085980686239318,22.908387349916133,690.5621582878133,97.60710363099139,1.1695959435110188,24.428365419933368,False,-0.6695959435110188
M02,Smooth,6.25,2.0,1.1,1.1481689255237257,23.38480460756881,690.0982726651669,96.83415504501292,1.2091668004108127,24.904782677586045,False,-0.7091668004108127
M02,Smooth,6.25,2.0,1.15,1.1877397824235194,23.861221865221488,689.6343870425204,96.06120645903444,1.2487376573106064,25.381199935238723,False,-0.7487376573106064
M02,Smooth,6.25,2.25,0.85,1.0829481697432357,22.23531212512215,709.4667555403976,100.64263440099768,1.1439460446303227,23.755290195139384,False,-0.6439460446303227
M02,Smooth,6.25,2.25,0.9,1.122088935628092,22.704884625099815,708.7526654312827,99.88354330396027,1.183086810515179,24.22486269511705,False,-0.683086810515179
M02,Smooth,6.25,2.25,0.95,1.1612297015129482,23.17445712507748,708.0385753221678,99.12445220692285,1.2222275764000352,24.694435195094716,False,-0.7222275764000352
M02,Smooth,6.25,2.25,1.0,1.2003704673978046,23.644029625055147,707.324485213053,98.36536110988544,1.2613683422848916,25.16400769507238,False,-0.7613683422848916
M02,Smooth,6.25,2.25,1.05,1.239511233282661,24.113602125032813,706.6103951039381,97.60627001284803,1.300509108169748,25.633580195050047,False,-0.800509108169748
M02,Smooth,6.25,2.25,1.1,1.2786519991675172,24.58317462501048,705.8963049948233,96.8471789158106,1.3396498740546041,26.103152695027713,False,-0.8396498740546041
M02,Smooth,6.25,2.25,1.15,1.3177927650523733,25.052747124988144,705.1822148857084,96.0880878187732,1.3787906399394603,26.57272519500538,False,-0.8787906399394603
M02,Smooth,6.25,2.5,0.85,1.2155816984617147,23.467905930938887,726.5158103023958,100.58637082709006,1.2765795733488017,24.98788400095612,False,-0.7765795733488017
M02,Smooth,6.25,2.5,0.9,1.2542923733316336,23.93063367324154,725.5515157068127,99.84113721899371,1.3152902482187205,25.450611743258776,False,-0.8152902482187205
M02,Smooth,6.25,2.5,0.95,1.2930030482015522,24.39336141554419,724.5872211112294,99.09590361089737,1.3540009230886392,25.913339485561426,False,-0.8540009230886392
M02,Smooth,6.25,2.5,1.0,1.331713723071471,24.856089157846842,723.6229265156461,98.35067000280101,1.392711597958558,26.376067227864077,False,-0.892711597958558
M02,Smooth,6.25,2.5,1.05,1.37042439794139,25.318816900149496,722.6586319200628,97.60543639470465,1.431422272828477,26.83879497016673,False,-0.9314222728284769
M02,Smooth,6.25,2.5,1.1,1.4091350728113088,25.78154464245215,721.6943373244796,96.8602027866083,1.4701329476983958,27.301522712469385,False,-0.9701329476983958
M02,Smooth,6.25,2.5,1.15,1.4478457476812274,26.2442723847548,720.7300427288964,96.11496917851196,1.5088436225683144,27.764250454772036,False,-1.0088436225683144
M02,Smooth,6.25,2.75,0.85,1.3482152271801937,24.700499736755624,743.5648650643941,100.53010725318245,1.4092131020672807,26.22047780677286,False,-0.9092131020672807
M02,Smooth,6.25,2.75,0.9,1.386495811035175,25.156382721383263,742.3503659823425,99.79873113402715,1.447493685922262,26.676360791400498,False,-0.947493685922262
M02,Smooth,6.25,2.75,0.95,1.4247763948901562,25.612265706010902,741.1358669002909,99.06735501487186,1.4857742697772431,27.132243776028137,False,-0.9857742697772431
M02,Smooth,6.25,2.75,1.0,1.4630569787451375,26.06814869063854,739.9213678182392,98.33597889571658,1.5240548536322245,27.588126760655776,False,-1.0240548536322245
M02,Smooth,6.25,2.75,1.05,1.5013375626001189,26.52403167526618,738.7068687361876,97.60460277656128,1.5623354374872058,28.044009745283415,False,-1.0623354374872058
M02,Smooth,6.25,2.75,1.1,1.5396181464551002,26.97991465989382,737.492369654136,96.873226657406,1.6006160213421872,28.499892729911053,False,-1.1006160213421872
M02,Smooth,6.25,2.75,1.15,1.5778987303100813,27.435797644521454,736.2778705720843,96.14185053825071,1.6388966051971683,28.95577571453869,False,-1.1388966051971683
M02,Smooth,6.25,3.0,0.85,1.4808487558986725,25.93309354257236,760.6139198263925,100.47384367927484,1.5418466307857595,27.453071612589596,False,-1.0418466307857595
M02,Smooth,6.25,3.0,0.9,1.5186992487387163,26.382131769524985,759.1492162578725,99.7563250490606,1.5796971236258033,27.90210983954222,False,-1.0796971236258033
M02,Smooth,6.25,3.0,0.95,1.5565497415787601,26.831169996477612,757.6845126893525,99.03880641884638,1.617547616465847,28.351148066494847,False,-1.117547616465847
M02,Smooth,6.25,3.0,1.0,1.594400234418804,27.280208223430236,756.2198091208325,98.32128778863215,1.655398109305891,28.80018629344747,False,-1.155398109305891
M02,Smooth,6.25,3.0,1.05,1.6322507272588478,27.72924645038286,754.7551055523123,97.60376915841792,1.6932486021459348,29.249224520400094,False,-1.1932486021459348
M02,Smooth,6.25,3.0,1.1,1.6701012200988918,28.178284677335487,753.2904019837923,96.88625052820369,1.7310990949859788,29.69826274735272,False,-1.2310990949859788
M02,Smooth,6.25,3.0,1.15,1.7079517129389354,28.62732290428811,751.8256984152723,96.16873189798946,1.7689495878260224,30.147300974305345,False,-1.2689495878260224
M02,Smooth,6.25,3.25,0.85,1.6134822846171515,27.1656873483891,777.6629745883907,100.41758010536722,1.6744801595042385,28.685665418406334,False,-1.1744801595042385
M02,Smooth,6.25,3.25,0.9,1.6509026864422578,27.60788081766671,775.9480665334023,99.71391896409405,1.7119005613293448,29.127858887683946,False,-1.2119005613293448
M02,Smooth,6.25,3.25,0.95,1.688323088267364,28.05007428694432,774.2331584784139,99.01025782282089,1.749320963154451,29.570052356961554,False,-1.249320963154451
M02,Smooth,6.25,3.25,1.0,1.7257434900924704,28.49226775622193,772.5182504234256,98.30659668154772,1.7867413649795574,30.012245826239166,False,-1.2867413649795574
M02,Smooth,6.25,3.25,1.05,1.763163891917577,28.934461225499543,770.8033423684371,97.60293554027454,1.824161766804664,30.454439295516778,False,-1.324161766804664
M02,Smooth,6.25,3.25,1.1,1.8005842937426833,29.376654694777155,769.0884343134487,96.89927439900138,1.8615821686297702,30.89663276479439,False,-1.3615821686297702
M02,Smooth,6.25,3.25,1.15,1.8380046955677896,29.818848164054764,767.3735262584604,96.19561325772821,1.8990025704548765,31.338826234072,False,-1.3990025704548765
M02,Smooth,6.25,3.5,0.85,1.7461158133356305,28.398281154205836,794.712029350389,100.36131653145961,1.8071136882227175,29.91825922422307,False,-1.3071136882227175
M02,Smooth,6.25,3.5,0.9,1.7831061241457993,28.833629865808433,792.7469168089323,99.67151287912749,1.8441039990328862,30.353607935825668,False,-1.3441039990328862
M02,Smooth,6.25,3.5,0.95,1.820096434955968,29.26897857741103,790.7818042674754,98.98170922679539,1.881094309843055,30.788956647428265,False,-1.381094309843055
M02,Smooth,6.25,3.5,1.0,1.8570867457661369,29.704327289013627,788.8166917260187,98.29190557446329,1.9180846206532238,31.22430535903086,False,-1.4180846206532238
M02,Smooth,6.25,3.5,1.05,1.8940770565763059,30.139676000616227,786.8515791845618,97.60210192213118,1.9550749314633928,31.65965407063346,False,-1.4550749314633928
M02,Smooth,6.25,3.5,1.1,1.9310673673864747,30.575024712218823,784.8864666431051,96.91229826979908,1.9920652422735616,32.09500278223606,False,-1.4920652422735616
M02,Smooth,6.25,3.5,1.15,1.9680576781966435,31.01037342382142,782.9213541016484,96.22249461746698,2.0290555530837304,32.53035149383866,False,-1.5290555530837304
M02,Smooth,6.5,1.5,0.85,0.7325238632561287,18.729762648890777,658.3178546527239,100.34766677732588,0.7935217381432156,20.24974071890801,False,-0.2935217381432156
M02,Smooth,6.5,1.5,0.9,0.7722718741136406,19.224014288202564,658.1252839872026,99.53204758136027,0.8332697490007275,20.7439923582198,False,-0.3332697490007275
M02,Smooth,6.5,1.5,0.95,0.8120198849711523,19.71826592751435,657.9327133216813,98.71642838539468,0.8730177598582392,21.238243997531583,False,-0.37301775985823915
M02,Smooth,6.5,1.5,1.0,0.8517678958286641,20.212517566826136,657.74014265616,97.90080918942907,0.9127657707157509,21.73249563684337,False,-0.41276577071575093
M02,Smooth,6.5,1.5,1.05,0.8915159066861759,20.70676920613792,657.5475719906386,97.08518999346346,0.9525137815732627,22.226747276155155,False,-0.4525137815732627
M02,Smooth,6.5,1.5,1.1,0.9312639175436878,21.201020845449708,657.3550013251173,96.26957079749786,0.9922617924307746,22.720998915466943,False,-0.4922617924307746
M02,Smooth,6.5,1.5,1.15,0.9710119284011993,21.695272484761492,657.162430659596,95.45395160153225,1.0320098032882863,23.215250554778727,False,-0.5320098032882863
M02,Smooth,6.5,1.75,0.85,0.8688271505723334,19.977383746939754,675.4423809470823,100.29258294983285,0.9298250254594203,21.49736181695699,False,-0.42982502545942025
M02,Smooth,6.5,1.75,0.9,0.9081450704149078,20.464790628576527,674.9996057950926,99.49082124280831,0.9691429453019946,21.98476869859376,False,-0.46914294530199463
M02,Smooth,6.5,1.75,0.95,0.9474629902574819,20.9521975102133,674.5568306431029,98.68905953578377,1.0084608651445688,22.472175580230534,False,-0.5084608651445688
M02,Smooth,6.5,1.75,1.0,0.9867809101000563,21.43960439185007,674.1140554911132,97.88729782875922,1.0477787849871432,22.959582461867306,False,-0.5477787849871432
M02,Smooth,6.5,1.75,1.05,1.0260988299426306,21.927011273486844,673.6712803391235,97.08553612173468,1.0870967048297175,23.44698934350408,False,-0.5870967048297175
M02,Smooth,6.5,1.75,1.1,1.065416749785205,22.414418155123617,673.2285051871338,96.28377441471014,1.126414624672292,23.93439622514085,False,-0.6264146246722919
M02,Smooth,6.5,1.75,1.15,1.104734669627779,22.901825036760386,672.7857300351441,95.4820127076856,1.165732544514866,24.42180310677762,False,-0.6657325445148661
M02,Smooth,6.5,2.0,0.85,1.0051304378885382,21.22500484498873,692.5669072414407,100.23749912233981,1.0661283127756251,22.744982915005966,False,-0.5661283127756251
M02,Smooth,6.5,2.0,0.9,1.044018266716175,21.70556696895049,691.8739276029827,99.44959490425633,1.105016141603262,23.225545038967724,False,-0.605016141603262
M02,Smooth,6.5,2.0,0.95,1.0829060955438117,22.186129092912246,691.1809479645245,98.66169068617286,1.1439039704308986,23.70610716292948,False,-0.6439039704308986
M02,Smooth,6.5,2.0,1.0,1.1217939243714485,22.666691216874007,690.4879683260665,97.87378646808938,1.1827917992585355,24.18666928689124,False,-0.6827917992585355
M02,Smooth,6.5,2.0,1.05,1.1606817531990854,23.147253340835764,689.7949886876085,97.0858822500059,1.2216796280861724,24.667231410853,False,-0.7216796280861724
M02,Smooth,6.5,2.0,1.1,1.1995695820267223,23.627815464797525,689.1020090491503,96.29797803192241,1.2605674569138092,25.14779353481476,False,-0.7605674569138092
M02,Smooth,6.5,2.0,1.15,1.238457410854359,24.108377588759282,688.4090294106923,95.51007381383893,1.2994552857414459,25.628355658776517,False,-0.7994552857414459
M02,Smooth,6.5,2.25,0.85,1.1414337252047428,22.472625943037706,709.6914335357992,100.18241529484678,1.2024316000918298,23.99260401305494,False,-0.7024316000918298
M02,Smooth,6.5,2.25,0.9,1.1798914630174422,22.94634330932445,708.7482494108727,99.40836856570436,1.2408893379045292,24.466321379341686,False,-0.7408893379045292
M02,Smooth,6.5,2.25,0.95,1.2183492008301415,23.420060675611197,707.8050652859463,98.63432183656194,1.2793470757172285,24.94003874562843,False,-0.7793470757172285
M02,Smooth,6.5,2.25,1.0,1.2568069386428409,23.893778041897942,706.8618811610197,97.86027510741953,1.3178048135299278,25.413756111915177,False,-0.8178048135299278
M02,Smooth,6.5,2.25,1.05,1.2952646764555402,24.367495408184688,705.9186970360932,97.0862283782771,1.3562625513426272,25.887473478201922,False,-0.8562625513426272
M02,Smooth,6.5,2.25,1.1,1.3337224142682396,24.841212774471433,704.9755129111668,96.31218164913469,1.3947202891553265,26.361190844488668,False,-0.8947202891553265
M02,Smooth,6.5,2.25,1.15,1.3721801520809387,25.314930140758175,704.0323287862403,95.53813491999227,1.4331780269680257,26.83490821077541,False,-0.9331780269680257
M02,Smooth,6.5,2.5,0.85,1.2777370125209475,23.720247041086683,726.8159598301576,100.12733146735374,1.3387348874080345,25.240225111103918,False,-0.8387348874080345
M02,Smooth,6.5,2.5,0.9,1.3157646593187093,24.187119649698417,725.6225712187627,99.36714222715239,1.3767625342057963,25.70709771971565,False,-0.8767625342057963
M02,Smooth,6.5,2.5,0.95,1.3537923061164712,24.653992258310147,724.4291826073679,98.60695298695103,1.4147901810035581,26.173970328327382,False,-0.9147901810035581
M02,Smooth,6.5,2.5,1.0,1.391819952914233,25.120864866921877,723.235793995973,97.84676374674967,1.45281782780132,26.640842936939112,False,-0.95281782780132
M02,Smooth,6.5,2.5,1.05,1.4298475997119948,25.58773747553361,722.0424053845782,97.08657450654832,1.4908454745990818,27.107715545550846,False,-0.9908454745990818
M02,Smooth,6.5,2.5,1.1,1.4678752465097566,26.05461008414534,720.8490167731834,96.32638526634696,1.5288731213968436,27.574588154162576,False,-1.0288731213968436
M02,Smooth,6.5,2.5,1.15,1.5059028933075185,26.521482692757072,719.6556281617885,95.5661960261456,1.5669007681946054,28.041460762774307,False,-1.0669007681946054
M02,Smooth,6.5,2.75,0.85,1.4140402998371522,24.96786813913566,743.940486124516,100.0722476398607,1.4750381747242391,26.487846209152895,False,-0.9750381747242391
M02,Smooth,6.5,2.75,0.9,1.4516378556199765,25.42789599007238,742.4968930266527,99.32591588860042,1.5126357305070635,26.947874060089614,False,-1.0126357305070635
M02,Smooth,6.5,2.75,0.95,1.4892354114028008,25.887923841009098,741.0532999287896,98.57958413734012,1.5502332862898878,27.407901911026332,False,-1.0502332862898878
M02,Smooth,6.5,2.75,1.0,1.5268329671856253,26.347951691945813,739.6097068309264,97.83325238607982,1.5878308420727123,27.867929761963047,False,-1.0878308420727123
M02,Smooth,6.5,2.75,1.05,1.5644305229684496,26.80797954288253,738.1661137330631,97.08692063481953,1.6254283978555366,28.327957612899766,False,-1.1254283978555366
M02,Smooth,6.5,2.75,1.1,1.602028078751274,27.26800739381925,736.7225206351999,96.34058888355924,1.663025953638361,28.787985463836485,False,-1.163025953638361
M02,Smooth,6.5,2.75,1.15,1.6396256345340983,27.728035244755965,735.2789275373367,95.59425713229894,1.7006235094211852,29.2480133147732,False,-1.2006235094211852
M02,Smooth,6.5,3.0,0.85,1.5503435871533569,26.215489237184638,761.0650124188744,100.01716381236768,1.6113414620404438,27.735467307201873,False,-1.1113414620404438
M02,Smooth,6.5,3.0,0.9,1.5875110519212436,26.66867233044634,759.3712148345428,99.28468955004844,1.6485089268083306,28.188650400463576,False,-1.1485089268083306
M02,Smooth,6.5,3.0,0.95,1.6246785166891307,27.121855423708045,757.6774172502112,98.55221528772921,1.6856763915762176,28.64183349372528,False,-1.1856763915762176
M02,Smooth,6.5,3.0,1.0,1.6618459814570175,27.575038516969748,755.9836196658796,97.81974102540998,1.7228438563441044,29.095016586986983,False,-1.2228438563441044
M02,Smooth,6.5,3.0,1.05,1.6990134462249045,28.028221610231455,754.289822081548,97.08726676309074,1.7600113211119914,29.54819968024869,False,-1.2600113211119914
M02,Smooth,6.5,3.0,1.1,1.7361809109927913,28.48140470349316,752.5960244972164,96.35479250077151,1.7971787858798782,30.001382773510393,False,-1.2971787858798782
M02,Smooth,6.5,3.0,1.15,1.773348375760678,28.93458779675486,750.9022269128848,95.62231823845228,1.834346250647765,30.454565866772096,False,-1.334346250647765
M02,Smooth,6.5,3.25,0.85,1.6866468744695615,27.463110335233615,778.1895387132329,99.96207998487465,1.7476447493566485,28.98308840525085,False,-1.2476447493566485
M02,Smooth,6.5,3.25,0.9,1.723384248222511,27.909448670820307,776.2455366424329,99.24346321149648,1.784382123109598,29.429426740837542,False,-1.284382123109598
M02,Smooth,6.5,3.25,0.95,1.7601216219754603,28.355787006406995,774.3015345716328,98.5248464381183,1.8211194968625473,29.87576507642423,False,-1.3211194968625473
M02,Smooth,6.5,3.25,1.0,1.7968589957284098,28.802125341993687,772.3575325008329,97.80622966474013,1.8578568706154968,30.32210341201092,False,-1.3578568706154968
M02,Smooth,6.5,3.25,1.05,1.833596369481359,29.248463677580375,770.4135304300329,97.08761289136196,1.894594244368446,30.76844174759761,False,-1.394594244368446
M02,Smooth,6.5,3.25,1.1,1.8703337432343086,29.694802013167067,768.4695283592329,96.36899611798378,1.9313316181213955,31.2147800831843,False,-1.4313316181213955
M02,Smooth,6.5,3.25,1.15,1.9070711169872578,30.141140348753755,766.525526288433,95.65037934460561,1.9680689918743448,31.66111841877099,False,-1.4680689918743448
M02,Smooth,6.5,3.5,0.85,1.8229501617857662,28.710731433282593,795.3140650075914,99.90699615738161,1.8839480366728532,30.230709503299828,False,-1.3839480366728532
M02,Smooth,6.5,3.5,0.9,1.8592574445237782,29.15022501119427,793.1198584503229,99.2022368729445,1.9202553194108651,30.670203081211504,False,-1.4202553194108651
M02,Smooth,6.5,3.5,0.95,1.89556472726179,29.589718589105946,790.9256518930546,98.4974775885074,1.956562602148877,31.10969665912318,False,-1.456562602148877
M02,Smooth,6.5,3.5,1.0,1.931872009999802,30.029212167017622,788.7314453357861,97.79271830407028,1.9928698848868889,31.549190237034857,False,-1.4928698848868889
M02,Smooth,6.5,3.5,1.05,1.968179292737814,30.4687057449293,786.5372387785178,97.08795901963317,2.029177167624901,31.988683814946533,False,-1.5291771676249009
M02,Smooth,6.5,3.5,1.1,2.0044865754758256,30.908199322840975,784.3430322212495,96.38319973519606,2.0654844503629124,32.42817739285821,False,-1.5654844503629124
M02,Smooth,6.5,3.5,1.15,2.0407938582138376,31.347692900752648,782.148825663981,95.67844045075896,2.1017917331009244,32.867670970769886,False,-1.6017917331009244
M02,Textured,4.5,1.5,0.85,0.59908097345516,14.709697096697278,683.7441125809493,104.00429890468926,0.6600788483422468,16.229675166714514,False,-0.16007884834224684
M02,Textured,4.5,1.5,0.9,0.6442932088899274,15.170789805536433,685.3842940419207,103.3083247655637,0.7052910837770142,16.690767875553668,False,-0.20529108377701422
M02,Textured,4.5,1.5,0.95,0.6895054443246946,15.631882514375587,687.0244755028922,102.61235062643813,0.7505033192117815,17.15186058439282,False,-0.2505033192117815
M02,Textured,4.5,1.5,1.0,0.7347176797594621,16.09297522321474,688.6646569638636,101.91637648731258,0.795715554646549,17.612953293231975,False,-0.295715554646549
M02,Textured,4.5,1.5,1.05,0.7799299151942295,16.554067932053897,690.3048384248351,101.22040234818701,0.8409277900813164,18.07404600207113,False,-0.34092779008131635
M02,Textured,4.5,1.5,1.1,0.8251421506289969,17.01516064089305,691.9450198858066,100.52442820906144,0.8861400255160837,18.535138710910285,False,-0.38614002551608373
M02,Textured,4.5,1.5,1.15,0.8703543860637641,17.476253349732204,693.5852013467779,99.82845406993587,0.931352260950851,18.99623141974944,False,-0.431352260950851
M02,Textured,4.5,1.75,0.85,0.7130001376590699,15.496356567361289,699.6019056268501,103.98922012602085,0.7739980125461567,17.016334637378524,False,-0.27399801254615674
M02,Textured,4.5,1.75,0.9,0.7577822820788999,15.950604518525429,700.9918826013532,103.30710347583636,0.8187801569659867,17.470582588542666,False,-0.3187801569659867
M02,Textured,4.5,1.75,0.95,0.8025644264987296,16.40485246968957,702.3818595758562,102.62498682565186,0.8635623013858165,17.924830539706804,False,-0.36356230138581647
M02,Textured,4.5,1.75,1.0,0.8473465709185596,16.85910042085371,703.7718365503592,101.94287017546735,0.9083444458056464,18.379078490870945,False,-0.40834444580564644
M02,Textured,4.5,1.75,1.05,0.8921287153383896,17.313348372017852,705.1618135248624,101.26075352528285,0.9531265902254764,18.833326442035087,False,-0.4531265902254764
M02,Textured,4.5,1.75,1.1,0.9369108597582194,17.767596323181994,706.5517904993654,100.57863687509834,0.9979087346453063,19.28757439319923,False,-0.4979087346453063
M02,Textured,4.5,1.75,1.15,0.9816930041780492,18.221844274346132,707.9417674738685,99.89652022491384,1.0426908790651361,19.741822344363367,False,-0.5426908790651361
M02,Textured,4.5,2.0,0.85,0.8269193018629799,16.2830160380253,715.4596986727508,103.97414134735246,0.8879171767500668,17.802994108042533,False,-0.38791717675006676
M02,Textured,4.5,2.0,0.9,0.8712713552678724,16.730419231514425,716.5994711607856,103.30588218610902,0.9322692301549592,18.25039730153166,False,-0.4322692301549592
M02,Textured,4.5,2.0,0.95,0.9156234086727647,17.17782242500355,717.7392436488203,102.63762302486558,0.9766212835598516,18.697800495020786,False,-0.47662128355985156
M02,Textured,4.5,2.0,1.0,0.9599754620776572,17.62522561849268,718.879016136855,101.96936386362214,1.020973336964744,19.145203688509916,False,-0.520973336964744
M02,Textured,4.5,2.0,1.05,1.0043275154825495,18.072628811981808,720.0187886248897,101.3011047023787,1.0653253903696365,19.592606881999043,False,-0.5653253903696365
M02,Textured,4.5,2.0,1.1,1.048679568887442,18.520032005470934,721.1585611129244,100.63284554113525,1.109677443774529,20.04001007548817,False,-0.6096774437745289
M02,Textured,4.5,2.0,1.15,1.0930316222923342,18.96743519896006,722.298333600959,99.96458637989181,1.1540294971794212,20.487413268977296,False,-0.6540294971794212
M02,Textured,4.5,2.25,0.85,0.9408384660668899,17.06967550868931,731.3174917186517,103.95906256868405,1.0018363409539768,18.589653578706546,False,-0.5018363409539768
M02,Textured,4.5,2.25,0.9,0.9847604284568449,17.510233944503423,732.207059720218,103.30466089638168,1.0457583033439317,19.030212014520657,False,-0.5457583033439317
M02,Textured,4.5,2.25,0.95,1.0286823908467997,17.950792380317537,733.0966277217843,102.65025922407929,1.0896802657338867,19.470770450334772,False,-0.5896802657338867
M02,Textured,4.5,2.25,1.0,1.0726043532367546,18.39135081613165,733.9861957233506,101.99585755177692,1.1336022281238416,19.911328886148883,False,-0.6336022281238416
M02,Textured,4.5,2.25,1.05,1.1165263156267096,18.831909251945763,734.875763724917,101.34145587947454,1.1775241905137965,20.351887321962998,False,-0.6775241905137965
M02,Textured,4.5,2.25,1.1,1.1604482780166645,19.272467687759878,735.7653317264833,100.68705420717215,1.2214461529037515,20.792445757777113,False,-0.7214461529037515
M02,Textured,4.5,2.25,1.15,1.2043702404066194,19.71302612357399,736.6548997280496,100.03265253486978,1.2653681152937064,21.233004193591224,False,-0.7653681152937064
M02,Textured,4.5,2.5,0.85,1.0547576302708,17.85633497935332,747.1752847645525,103.94398379001565,1.115755505157887,19.376313049370555,False,-0.6157555051578869
M02,Textured,4.5,2.5,0.9,1.0982495016458174,18.29004865749242,747.8146482796504,103.30343960665434,1.1592473765329043,19.810026727509655,False,-0.6592473765329043
M02,Textured,4.5,2.5,0.95,1.1417413730208348,18.72376233563152,748.4540117947485,102.66289542329302,1.2027392479079217,20.243740405648754,False,-0.7027392479079217
M02,Textured,4.5,2.5,1.0,1.1852332443958522,19.15747601377062,749.0933753098464,102.0223512399317,1.2462311192829392,20.677454083787854,False,-0.7462311192829392
M02,Textured,4.5,2.5,1.05,1.2287251157708696,19.59118969190972,749.7327388249442,101.38180705657038,1.2897229906579566,21.111167761926954,False,-0.7897229906579566
M02,Textured,4.5,2.5,1.1,1.272216987145887,20.02490337004882,750.3721023400423,100.74126287320907,1.333214862032974,21.544881440066053,False,-0.833214862032974
M02,Textured,4.5,2.5,1.15,1.3157088585209045,20.458617048187918,751.0114658551402,100.10071868984775,1.3767067334079914,21.978595118205153,False,-0.8767067334079914
M02,Textured,4.5,2.75,0.85,1.1686767944747098,18.64299445001733,763.0330778104534,103.92890501134724,1.2296746693617968,20.162972520034565,False,-0.7296746693617968
M02,Textured,4.5,2.75,0.9,1.2117385748347898,19.069863370481418,763.422236839083,103.302218316927,1.2727364497218767,20.589841440498653,False,-0.7727364497218767
M02,Textured,4.5,2.75,0.95,1.2548003551948697,19.496732290945502,763.8113958677125,102.67553162250674,1.3157982300819566,21.016710360962737,False,-0.8157982300819566
M02,Textured,4.5,2.75,1.0,1.2978621355549498,19.923601211409586,764.200554896342,102.04884492808648,1.3588600104420367,21.44357928142682,False,-0.8588600104420367
M02,Textured,4.5,2.75,1.05,1.3409239159150297,20.350470131873674,764.5897139249715,101.42215823366622,1.4019217908021167,21.87044820189091,False,-0.9019217908021167
M02,Textured,4.5,2.75,1.1,1.3839856962751096,20.77733905233776,764.9788729536011,100.79547153924597,1.4449835711621966,22.297317122354993,False,-0.9449835711621966
M02,Textured,4.5,2.75,1.15,1.4270474766351895,21.204207972801843,765.3680319822307,100.16878484482572,1.4880453515222765,22.724186042819078,False,-0.9880453515222765
M02,Textured,4.5,3.0,0.85,1.2825959586786198,19.429653920681343,778.8908708563542,103.91382623267884,1.3435938335657067,20.949631990698578,False,-0.8435938335657067
M02,Textured,4.5,3.0,0.9,1.3252276480237624,19.849678083470412,779.0298253985154,103.30099702719966,1.3862255229108493,21.369656153487647,False,-0.8862255229108493
M02,Textured,4.5,3.0,0.95,1.3678593373689047,20.269702246259484,779.1687799406766,102.68816782172046,1.4288572122559917,21.78968031627672,False,-0.9288572122559917
M02,Textured,4.5,3.0,1.0,1.4104910267140471,20.689726409048557,779.3077344828378,102.07533861624127,1.471488901601134,22.209704479065792,False,-0.9714889016011341
M02,Textured,4.5,3.0,1.05,1.4531227160591897,21.10975057183763,779.4466890249989,101.46250941076207,1.5141205909462767,22.629728641854864,False,-1.0141205909462767
M02,Textured,4.5,3.0,1.1,1.4957544054043324,21.529774734626702,779.5856435671601,100.84968020528288,1.5567522802914193,23.049752804643937,False,-1.0567522802914193
M02,Textured,4.5,3.0,1.15,1.5383860947494745,21.94979889741577,779.7245981093212,100.23685099980368,1.5993839696365615,23.469776967433006,False,-1.0993839696365615
M02,Textured,4.5,3.25,0.85,1.3965151228825299,20.216313391345352,794.7486639022551,103.89874745401045,1.4575129977696168,21.736291461362587,False,-0.9575129977696168
M02,Textured,4.5,3.25,0.9,1.4387167212127348,20.62949279645941,794.6374139579478,103.2997757374723,1.4997145960998217,22.149470866476644,False,-0.9997145960998217
M02,Textured,4.5,3.25,0.95,1.4809183195429398,21.042672201573467,794.5261640136406,102.70080402093417,1.5419161944300268,22.5626502715907,False,-1.0419161944300268
M02,Textured,4.5,3.25,1.0,1.5231199178731447,21.455851606687528,794.4149140693335,102.10183230439604,1.5841177927602317,22.975829676704763,False,-1.0841177927602317
M02,Textured,4.5,3.25,1.05,1.5653215162033498,21.869031011801585,794.3036641250262,101.50286058785791,1.6263193910904368,23.38900908181882,False,-1.1263193910904368
M02,Textured,4.5,3.25,1.1,1.607523114533555,22.282210416915643,794.192414180719,100.90388887131978,1.6685209894206419,23.802188486932877,False,-1.1685209894206419
M02,Textured,4.5,3.25,1.15,1.6497247128637598,22.6953898220297,794.0811642364117,100.30491715478165,1.7107225877508467,24.215367892046935,False,-1.2107225877508467
M02,Textured,4.5,3.5,0.85,1.5104342870864398,21.00297286200936,810.6064569481559,103.88366867534204,1.5714321619735268,22.522950932026596,False,-1.0714321619735268
M02,Textured,4.5,3.5,0.9,1.5522057944017074,21.409307509448407,810.2450025173803,103.29855444774496,1.6132036692887943,22.929285579465642,False,-1.1132036692887943
M02,Textured,4.5,3.5,0.95,1.5939773017169747,21.81564215688745,809.8835480866047,102.7134402201479,1.6549751766040617,23.335620226904684,False,-1.1549751766040617
M02,Textured,4.5,3.5,1.0,1.6357488090322423,22.221976804326495,809.522093655829,102.12832599255083,1.6967466839193293,23.74195487434373,False,-1.1967466839193293
M02,Textured,4.5,3.5,1.05,1.6775203163475099,22.62831145176554,809.1606392250535,101.54321176495375,1.7385181912345968,24.148289521782775,False,-1.2385181912345968
M02,Textured,4.5,3.5,1.1,1.7192918236627774,23.034646099204586,808.799184794278,100.9580975373567,1.7802896985498644,24.55462416922182,False,-1.2802896985498644
M02,Textured,4.5,3.5,1.15,1.7610633309780448,23.44098074664363,808.4377303635023,100.37298330975962,1.8220612058651318,24.960958816660863,False,-1.3220612058651318
M02,Textured,4.75,1.5,0.85,0.6465572531234897,14.901929037916117,683.7423759792704,103.54054055929463,0.7075551280105765,16.421907107933354,False,-0.20755512801057652
M02,Textured,4.75,1.5,0.9,0.6910864604861002,15.36716661306435,685.1534634244302,102.82961078806404,0.7520843353731871,16.887144683081587,False,-0.2520843353731871
M02,Textured,4.75,1.5,0.95,0.7356156678487106,15.832404188212584,686.5645508695901,102.11868101683348,0.7966135427357974,17.35238225822982,False,-0.29661354273579743
M02,Textured,4.75,1.5,1.0,0.780144875211321,16.29764176336082,687.97563831475,101.40775124560291,0.8411427500984079,17.817619833378053,False,-0.3411427500984079
M02,Textured,4.75,1.5,1.05,0.8246740825739315,16.76287933850905,689.3867257599098,100.69682147437234,0.8856719574610183,18.282857408526286,False,-0.38567195746101834
M02,Textured,4.75,1.5,1.1,0.869203289936542,17.228116913657285,690.7978132050697,99.98589170314177,0.9302011648236288,18.74809498367452,False,-0.4302011648236288
M02,Textured,4.75,1.5,1.15,0.9137324972991522,17.693354488805518,692.2089006502296,99.2749619319112,0.974730372186239,19.213332558822753,False,-0.47473037218623904
M02,Textured,4.75,1.75,0.85,0.7641461759251255,15.703615800812367,699.6756405575313,103.5266415270408,0.8251440508122123,17.223593870829603,False,-0.3251440508122123
M02,Textured,4.75,1.75,0.9,0.8082452922727984,16.162008618285586,700.8365235162229,102.82956924475128,0.8692431671598853,17.68198668830282,False,-0.36924316715988525
M02,Textured,4.75,1.75,0.95,0.8523444086204712,16.620401435758808,701.9974064749143,102.13249696246179,0.9133422835075581,18.140379505776043,False,-0.4133422835075581
M02,Textured,4.75,1.75,1.0,0.8964435249681443,17.078794253232026,703.1582894336058,101.43542468017228,0.9574413998552311,18.59877232324926,False,-0.45744139985523113
M02,Textured,4.75,1.75,1.05,0.9405426413158172,17.537187070705247,704.3191723922972,100.73835239788276,1.001540516202904,19.057165140722482,False,-0.5015405162029041
M02,Textured,4.75,1.75,1.1,0.9846417576634902,17.995579888178465,705.4800553509888,100.04128011559327,1.045639632550577,19.5155579581957,False,-0.545639632550577
M02,Textured,4.75,1.75,1.15,1.028740874011163,18.453972705651683,706.6409383096802,99.34420783330376,1.08973874889825,19.973950775668918,False,-0.58973874889825
M02,Textured,4.75,2.0,0.85,0.8817350987267611,16.505302563708618,715.6089051357923,103.51274249478698,0.942732973613848,18.025280633725853,False,-0.442732973613848
M02,Textured,4.75,2.0,0.9,0.9254041240594967,16.956850623506824,716.5195836080154,102.82952770143854,0.9864019989465835,18.47682869352406,False,-0.48640199894658354
M02,Textured,4.75,2.0,0.95,0.9690731493922321,17.40839868330503,717.4302620802385,102.14631290809008,1.030071024279319,18.928376753322265,False,-0.530071024279319
M02,Textured,4.75,2.0,1.0,1.0127421747249676,17.859946743103237,718.3409405524616,101.46309811474164,1.0737400496120546,19.37992481312047,False,-0.5737400496120546
M02,Textured,4.75,2.0,1.05,1.056411200057703,18.311494802901443,719.2516190246847,100.7798833213932,1.11740907494479,19.831472872918678,False,-0.61740907494479
M02,Textured,4.75,2.0,1.1,1.1000802253904385,18.76304286269965,720.1622974969079,100.09666852804475,1.1610781002775254,20.283020932716884,False,-0.6610781002775254
M02,Textured,4.75,2.0,1.15,1.143749250723174,19.21459092249785,721.0729759691309,99.4134537346963,1.2047471256102609,20.734568992515086,False,-0.7047471256102609
M02,Textured,4.75,2.25,0.85,0.9993240215283969,17.306989326604867,731.5421697140533,103.49884346253316,1.060321896415484,18.826967396622102,False,-0.5603218964154839
M02,Textured,4.75,2.25,0.9,1.0425629558461948,17.751692628728062,732.202643699808,102.82948615812577,1.1035608307332818,19.271670698745297,False,-0.6035608307332818
M02,Textured,4.75,2.25,0.95,1.0858018901639928,18.196395930851253,732.8631176855628,102.16012885371839,1.1467997650510797,19.716374000868488,False,-0.6467997650510797
M02,Textured,4.75,2.25,1.0,1.1290408244817909,18.641099232974444,733.5235916713175,101.490771549311,1.1900386993688779,20.16107730299168,False,-0.6900386993688779
M02,Textured,4.75,2.25,1.05,1.1722797587995888,19.08580253509764,734.1840656570722,100.82141424490362,1.2332776336866758,20.605780605114873,False,-0.7332776336866758
M02,Textured,4.75,2.25,1.1,1.215518693117387,19.53050583722083,734.8445396428269,100.15205694049624,1.2765165680044739,21.050483907238064,False,-0.7765165680044739
M02,Textured,4.75,2.25,1.15,1.2587576274351846,19.97520913934402,735.5050136285815,99.48269963608885,1.3197555023222716,21.495187209361255,False,-0.8197555023222716
M02,Textured,4.75,2.5,0.85,1.1169129443300327,18.108676089501117,747.4754342923143,103.48494443027933,1.1779108192171197,19.62865415951835,False,-0.6779108192171197
M02,Textured,4.75,2.5,0.9,1.1597217876328931,18.546534633949296,747.8857037916006,102.82944461481301,1.22071966251998,20.06651270396653,False,-0.7207196625199801
M02,Textured,4.75,2.5,0.95,1.2025306309357535,18.984393178397475,748.295973290887,102.17394479934669,1.2635285058228405,20.50437124841471,False,-0.7635285058228405
M02,Textured,4.75,2.5,1.0,1.2453394742386141,19.422251722845655,748.7062427901733,101.51844498388037,1.306337349125701,20.94222979286289,False,-0.8063373491257011
M02,Textured,4.75,2.5,1.05,1.2881483175414747,19.86011026729383,749.1165122894596,100.86294516841404,1.3491461924285617,21.380088337311065,False,-0.8491461924285617
M02,Textured,4.75,2.5,1.1,1.3309571608443351,20.29796881174201,749.5267817887459,100.20744535294772,1.391955035731422,21.817946881759244,False,-0.8919550357314221
M02,Textured,4.75,2.5,1.15,1.3737660041471955,20.73582735619019,749.9370512880323,99.5519455374814,1.4347638790342825,22.255805426207424,False,-0.9347638790342825
M02,Textured,4.75,2.75,0.85,1.2345018671316683,18.91036285239737,763.4086988705752,103.47104539802551,1.2954997420187553,20.430340922414604,False,-0.7954997420187553
M02,Textured,4.75,2.75,0.9,1.2768806194195914,19.341376639170534,763.5687638833932,102.82940307150025,1.3378784943066784,20.86135470918777,False,-0.8378784943066784
M02,Textured,4.75,2.75,0.95,1.3192593717075143,19.772390425943698,763.7288288962112,102.187760744975,1.3802572465946013,21.292368495960933,False,-0.8802572465946013
M02,Textured,4.75,2.75,1.0,1.3616381239954374,20.203404212716862,763.8888939090291,101.54611841844972,1.4226359988825243,21.723382282734097,False,-0.9226359988825243
M02,Textured,4.75,2.75,1.05,1.4040168762833605,20.634417999490026,764.0489589218471,100.90447609192447,1.4650147511704474,22.15439606950726,False,-0.9650147511704474
M02,Textured,4.75,2.75,1.1,1.4463956285712836,21.065431786263193,764.209023934665,100.26283376539921,1.5073935034583705,22.585409856280428,False,-1.0073935034583705
M02,Textured,4.75,2.75,1.15,1.4887743808592062,21.496445573036354,764.369088947483,99.62119143887395,1.5497722557462932,23.01642364305359,False,-1.0497722557462932
M02,Textured,4.75,3.0,0.85,1.3520907899333041,19.71204961529362,779.3419634488363,103.45714636577169,1.413088664820391,21.232027685310854,False,-0.9130886648203911
M02,Textured,4.75,3.0,0.9,1.3940394512062897,20.136218644391768,779.2518239751859,102.82936152818749,1.4550373260933767,21.656196714409003,False,-0.9550373260933767
M02,Textured,4.75,3.0,0.95,1.435988112479275,20.56038767348992,779.1616845015353,102.20157669060329,1.496985987366362,22.080365743507155,False,-0.996985987366362
M02,Textured,4.75,3.0,1.0,1.4779367737522606,20.984556702588073,779.0715450278849,101.57379185301909,1.5389346486393476,22.504534772605307,False,-1.0389346486393476
M02,Textured,4.75,3.0,1.05,1.5198854350252462,21.40872573168622,778.9814055542345,100.9460070154349,1.5808833099123332,22.928703801703456,False,-1.0808833099123332
M02,Textured,4.75,3.0,1.1,1.5618340962982318,21.832894760784374,778.891266080584,100.3182221778507,1.6228319711853187,23.35287283080161,False,-1.1228319711853187
M02,Textured,4.75,3.0,1.15,1.6037827575712171,22.257063789882523,778.8011266069336,99.6904373402665,1.664780632458304,23.777041859899757,False,-1.164780632458304
M02,Textured,4.75,3.25,0.85,1.46967971273494,20.51373637818987,795.2752280270972,103.44324733351786,1.5306775876220269,22.033714448207103,False,-1.0306775876220269
M02,Textured,4.75,3.25,0.9,1.511198282992988,20.931060649613006,794.9348840669784,102.82931998487473,1.572196157880075,22.45103871963024,False,-1.072196157880075
M02,Textured,4.75,3.25,0.95,1.5527168532510358,21.348384921036143,794.5945401068595,102.2153926362316,1.6137147281381228,22.868362991053377,False,-1.1137147281381228
M02,Textured,4.75,3.25,1.0,1.594235423509084,21.76570919245928,794.2541961467408,101.60146528758845,1.655233298396171,23.285687262476515,False,-1.155233298396171
M02,Textured,4.75,3.25,1.05,1.6357539937671322,22.183033463882417,793.913852186622,100.98753793894532,1.6967518686542191,23.70301153389965,False,-1.1967518686542191
M02,Textured,4.75,3.25,1.1,1.6772725640251802,22.600357735305554,793.5735082265031,100.37361059030218,1.7382704389122672,24.12033580532279,False,-1.2382704389122672
M02,Textured,4.75,3.25,1.15,1.718791134283228,23.01768200672869,793.2331642663843,99.75968324165905,1.779789009170315,24.537660076745926,False,-1.279789009170315
M02,Textured,4.75,3.5,0.85,1.5872686355365755,21.315423141086118,811.2084926053582,103.42934830126404,1.6482665104236625,22.835401211103353,False,-1.1482665104236625
M02,Textured,4.75,3.5,0.9,1.6283571147796863,21.725902654834243,810.617944158771,102.82927844156197,1.6893549896667732,23.245880724851478,False,-1.1893549896667732
M02,Textured,4.75,3.5,0.95,1.6694455940227966,22.136382168582365,810.0273957121838,102.2292085818599,1.7304434689098835,23.6563602385996,False,-1.2304434689098835
M02,Textured,4.75,3.5,1.0,1.7105340732659073,22.54686168233049,809.4368472655966,101.62913872215782,1.7715319481529943,24.066839752347725,False,-1.2715319481529943
M02,Textured,4.75,3.5,1.05,1.7516225525090179,22.957341196078612,808.8462988190095,101.02906886245574,1.8126204273961048,24.477319266095847,False,-1.3126204273961048
M02,Textured,4.75,3.5,1.1,1.7927110317521284,23.367820709826738,808.2557503724222,100.42899900275367,1.8537089066392154,24.887798779843973,False,-1.3537089066392154
M02,Textured,4.75,3.5,1.15,1.8337995109952387,23.77830022357486,807.665201925835,99.8289291430516,1.8947973858823257,25.298278293592094,False,-1.3947973858823257
M02,Textured,5.0,1.5,0.85,0.6940335327918195,15.094160979134957,683.7406393775915,103.07678221389997,0.7550314076789063,16.614139049152193,False,-0.2550314076789063
M02,Textured,5.0,1.5,0.9,0.737879712082273,15.56354342059227,684.9226328069398,102.35089681056441,0.7988775869693598,17.083521490609506,False,-0.29887758696935984
M02,Textured,5.0,1.5,0.95,0.7817258913727264,16.03292586204958,686.104626236288,101.62501140722883,0.8427237662598133,17.552903932066815,False,-0.34272376625981327
M02,Textured,5.0,1.5,1.0,0.82557207066318,16.502308303506894,687.2866196656363,100.89912600389326,0.8865699455502668,18.02228637352413,False,-0.3865699455502668
M02,Textured,5.0,1.5,1.05,0.8694182499536334,16.971690744964206,688.4686130949846,100.17324060055768,0.9304161248407202,18.49166881498144,False,-0.4304161248407202
M02,Textured,5.0,1.5,1.1,0.9132644292440869,17.44107318642152,689.6506065243328,99.44735519722211,0.9742623041311738,18.961051256438754,False,-0.47426230413117376
M02,Textured,5.0,1.5,1.15,0.9571106085345402,17.91045562787883,690.8325999536811,98.72146979388654,1.0181084834216272,19.430433697896063,False,-0.5181084834216272
M02,Textured,5.0,1.75,0.85,0.8152922141911809,15.910875034263446,699.7493754882126,103.06406292806074,0.8762900890782678,17.430853104280683,False,-0.3762900890782678
M02,Textured,5.0,1.75,0.9,0.8587083024666969,16.373412718045746,700.6811644310925,102.35203501366622,0.9197061773537838,17.89339078806298,False,-0.4197061773537838
M02,Textured,5.0,1.75,0.95,0.9021243907422128,16.835950401828043,701.6129533739723,101.64000709927171,0.9631222656292997,18.355928471845278,False,-0.4631222656292997
M02,Textured,5.0,1.75,1.0,0.9455404790177289,17.29848808561034,702.5447423168523,100.9279791848772,1.0065383539048158,18.818466155627576,False,-0.5065383539048158
M02,Textured,5.0,1.75,1.05,0.9889565672932449,17.761025769392642,703.4765312597322,100.21595127048269,1.0499544421803317,19.281003839409877,False,-0.5499544421803317
M02,Textured,5.0,1.75,1.1,1.032372655568761,18.22356345317494,704.408320202612,99.50392335608818,1.0933705304558479,19.743541523192174,False,-0.5933705304558479
M02,Textured,5.0,1.75,1.15,1.0757887438442768,18.686101136957237,705.340109145492,98.79189544169367,1.1367866187313638,20.206079206974472,False,-0.6367866187313638
M02,Textured,5.0,2.0,0.85,0.9365508955905424,16.727589089391937,715.7581115988338,103.0513436422215,0.9975487704776292,18.247567159409172,False,-0.49754877047762924
M02,Textured,5.0,2.0,0.9,0.979536892851121,17.18328201549922,716.4396960552452,102.35317321676804,1.040534767738208,18.703260085516455,False,-0.540534767738208
M02,Textured,5.0,2.0,0.95,1.0225228901116994,17.638974941606506,717.1212805116568,101.6550027913146,1.0835207649987864,19.15895301162374,False,-0.5835207649987864
M02,Textured,5.0,2.0,1.0,1.065508887372278,18.09466786771379,717.8028649680682,100.95683236586115,1.126506762259365,19.614645937731026,False,-0.626506762259365
M02,Textured,5.0,2.0,1.05,1.1084948846328566,18.550360793821078,718.4844494244797,100.25866194040769,1.1694927595199436,20.070338863838312,False,-0.6694927595199436
M02,Textured,5.0,2.0,1.1,1.151480881893435,19.00605371992836,719.1660338808913,99.56049151495424,1.212478756780522,20.526031789945595,False,-0.712478756780522
M02,Textured,5.0,2.0,1.15,1.1944668791540134,19.461746646035646,719.8476183373027,98.8623210895008,1.2554647540411004,20.98172471605288,False,-0.7554647540411004
M02,Textured,5.0,2.25,0.85,1.0578095769899039,17.544303144520427,731.7668477094549,103.03862435638226,1.1188074518769908,19.06428121453766,False,-0.6188074518769908
M02,Textured,5.0,2.25,0.9,1.100365483235545,17.993151312952698,732.198227679398,102.35431141986987,1.161363358122632,19.513129382969932,False,-0.6613633581226319
M02,Textured,5.0,2.25,0.95,1.142921389481186,18.44199948138497,732.6296076493411,101.66999848335747,1.203919264368273,19.961977551402203,False,-0.703919264368273
M02,Textured,5.0,2.25,1.0,1.185477295726827,18.89084764981724,733.0609876192842,100.98568554684509,1.2464751706139139,20.410825719834474,False,-0.7464751706139139
M02,Textured,5.0,2.25,1.05,1.228033201972468,19.33969581824951,733.4923675892273,100.3013726103327,1.289031076859555,20.859673888266745,False,-0.789031076859555
M02,Textured,5.0,2.25,1.1,1.270589108218109,19.788543986681784,733.9237475591705,99.61705967382031,1.331586983105196,21.30852205669902,False,-0.8315869831051961
M02,Textured,5.0,2.25,1.15,1.31314501446375,20.23739215511405,734.3551275291136,98.93274673730792,1.374142889350837,21.757370225131286,False,-0.874142889350837
M02,Textured,5.0,2.5,0.85,1.1790682583892653,18.361017199648916,747.775583820076,103.02590507054302,1.2400661332763523,19.88099526966615,False,-0.7400661332763523
M02,Textured,5.0,2.5,0.9,1.221194073619969,18.803020610406172,747.9567593035507,102.35544962297169,1.2821919485070559,20.322998680423407,False,-0.7821919485070559
M02,Textured,5.0,2.5,0.95,1.2633198888506725,19.24502402116343,748.1379347870254,101.68499417540036,1.3243177637377594,20.765002091180666,False,-0.8243177637377594
M02,Textured,5.0,2.5,1.0,1.305445704081376,19.687027431920686,748.3191102705002,101.01453872782903,1.366443578968463,21.20700550193792,False,-0.866443578968463
M02,Textured,5.0,2.5,1.05,1.3475715193120796,20.129030842677945,748.5002857539749,100.3440832802577,1.4085693941991666,21.64900891269518,False,-0.9085693941991666
M02,Textured,5.0,2.5,1.1,1.3896973345427832,20.571034253435204,748.6814612374496,99.67362783268638,1.4506952094298702,22.09101232345244,False,-0.9506952094298702
M02,Textured,5.0,2.5,1.15,1.4318231497734866,21.01303766419246,748.8626367209245,99.00317238511505,1.4928210246605735,22.533015734209695,False,-0.9928210246605735
M02,Textured,5.0,2.75,0.85,1.300326939788627,19.177731254777406,763.7843199306972,103.01318578470378,1.361324814675714,20.69770932479464,False,-0.861324814675714
M02,Textured,5.0,2.75,0.9,1.342022664004393,19.61288990785965,763.7152909277034,102.35658782607351,1.40302053889148,21.132867977876884,False,-0.90302053889148
M02,Textured,5.0,2.75,0.95,1.383718388220159,20.048048560941893,763.6462619247098,101.69998986744325,1.4447162631072459,21.568026630959128,False,-0.9447162631072459
M02,Textured,5.0,2.75,1.0,1.425414112435925,20.483207214024137,763.5772329217161,101.04339190881298,1.486411987323012,22.003185284041372,False,-0.9864119873230119
M02,Textured,5.0,2.75,1.05,1.4671098366516913,20.91836586710638,763.5082039187225,100.3867939501827,1.5281077115387782,22.438343937123616,False,-1.0281077115387782
M02,Textured,5.0,2.75,1.1,1.5088055608674573,21.353524520188625,763.4391749157289,99.73019599155245,1.5698034357545443,22.87350259020586,False,-1.0698034357545443
M02,Textured,5.0,2.75,1.15,1.5505012850832232,21.788683173270865,763.3701459127352,99.07359803292219,1.6114991599703101,23.3086612432881,False,-1.1114991599703101
M02,Textured,5.0,3.0,0.85,1.4215856211879885,19.994445309905895,779.7930560413182,103.00046649886454,1.4825834960750754,21.51442337992313,False,-0.9825834960750754
M02,Textured,5.0,3.0,0.9,1.462851254388817,20.422759205313124,779.4738225518562,102.35772602917532,1.523849129275904,21.94273727533036,False,-1.023849129275904
M02,Textured,5.0,3.0,0.95,1.5041168875896456,20.851073100720356,779.1545890623942,101.71498555948612,1.5651147624767325,22.37105117073759,False,-1.0651147624767325
M02,Textured,5.0,3.0,1.0,1.5453825207904741,21.279386996127585,778.8353555729321,101.07224508979692,1.606380395677561,22.79936506614482,False,-1.106380395677561
M02,Textured,5.0,3.0,1.05,1.5866481539913027,21.707700891534817,778.5161220834701,100.42950462010772,1.6476460288783896,23.22767896155205,False,-1.1476460288783896
M02,Textured,5.0,3.0,1.1,1.6279137871921314,22.136014786942045,778.1968885940081,99.78676415041852,1.6889116620792184,23.65599285695928,False,-1.1889116620792184
M02,Textured,5.0,3.0,1.15,1.6691794203929597,22.564328682349274,777.8776551045461,99.14402368072932,1.7301772952800467,24.08430675236651,False,-1.2301772952800467
M02,Textured,5.0,3.25,0.85,1.54284430258735,20.811159365034385,795.8017921519394,102.98774721302529,1.603842177474437,22.33113743505162,False,-1.103842177474437
M02,Textured,5.0,3.25,0.9,1.583679844773241,21.2326285027666,795.2323541760089,102.35886423227716,1.644677719660328,22.752606572783836,False,-1.144677719660328
M02,Textured,5.0,3.25,0.95,1.624515386959132,21.65409764049882,794.6629162000786,101.72998125152901,1.685513261846219,23.174075710516053,False,-1.185513261846219
M02,Textured,5.0,3.25,1.0,1.6653509291450233,22.075566778231032,794.0934782241482,101.10109827078087,1.7263488040321102,23.595544848248267,False,-1.2263488040321102
M02,Textured,5.0,3.25,1.05,1.7061864713309143,22.49703591596325,793.5240402482177,100.47221529003272,1.7671843462180012,24.017013985980483,False,-1.2671843462180012
M02,Textured,5.0,3.25,1.1,1.7470220135168055,22.918505053695466,792.9546022722873,99.84333230928458,1.8080198884038925,24.4384831237127,False,-1.3080198884038925
M02,Textured,5.0,3.25,1.15,1.7878575557026963,23.339974191427682,792.385164296357,99.21444932853645,1.8488554305897833,24.859952261444917,False,-1.3488554305897833
M02,Textured,5.0,3.5,0.85,1.6641029839867114,21.627873420162874,811.8105282625605,102.97502792718605,1.7251008588737984,23.14785149018011,False,-1.2251008588737984
M02,Textured,5.0,3.5,0.9,1.704508435157665,22.042497800220076,810.9908858001617,102.36000243537897,1.765506310044752,23.56247587023731,False,-1.265506310044752
M02,Textured,5.0,3.5,0.95,1.7449138863286187,22.45712218027728,810.1712433377629,101.7449769435719,1.8059117612157056,23.977100250294516,False,-1.3059117612157056
M02,Textured,5.0,3.5,1.0,1.7853193374995722,22.871746560334483,809.351600875364,101.12995145176481,1.8463172123866591,24.391724630351717,False,-1.3463172123866591
M02,Textured,5.0,3.5,1.05,1.825724788670526,23.286370940391684,808.5319584129653,100.51492595995774,1.8867226635576129,24.80634901040892,False,-1.3867226635576129
M02,Textured,5.0,3.5,1.1,1.8661302398414794,23.700995320448886,807.7123159505666,99.89990046815065,1.9271281147285664,25.22097339046612,False,-1.4271281147285664
M02,Textured,5.0,3.5,1.15,1.906535691012433,24.115619700506087,806.8926734881677,99.28487497634357,1.9675335658995199,25.635597770523322,False,-1.4675335658995199
M02,Textured,5.25,1.5,0.85,0.7415098124601492,15.286392920353794,683.7389027759126,102.61302386850534,0.8025076873472361,16.80637099037103,False,-0.3025076873472361
M02,Textured,5.25,1.5,0.9,0.7846729636784457,15.759920228120187,684.6918021894493,101.87218283306476,0.8456708385655326,17.27989829813742,False,-0.3456708385655326
M02,Textured,5.25,1.5,0.95,0.8278361148967422,16.233447535886576,685.644701602986,101.13134179762417,0.8888339897838291,17.75342560590381,False,-0.3888339897838291
M02,Textured,5.25,1.5,1.0,0.8709992661150388,16.70697484365297,686.5976010165226,100.39050076218359,0.9319971410021256,18.226952913670203,False,-0.4319971410021256
M02,Textured,5.25,1.5,1.05,0.9141624173333354,17.18050215141936,687.5505004300593,99.64965972674302,0.9751602922204222,18.700480221436596,False,-0.4751602922204222
M02,Textured,5.25,1.5,1.1,0.9573255685516319,17.654029459185754,688.503399843596,98.90881869130244,1.0183234434387187,19.17400752920299,False,-0.5183234434387187
M02,Textured,5.25,1.5,1.15,1.0004887197699284,18.127556766952143,689.4562992571326,98.16797765586186,1.0614865946570153,19.647534836969378,False,-0.5614865946570153
M02,Textured,5.25,1.75,0.85,0.8664382524572364,16.118134267714524,699.823110418894,102.60148432908068,0.9274361273443232,17.63811233773176,False,-0.42743612734432324
M02,Textured,5.25,1.75,0.9,0.9091713126605955,16.5848168178059,700.5258053459622,101.87450078258117,0.9701691875476823,18.104794887823136,False,-0.47016918754768233
M02,Textured,5.25,1.75,0.95,0.9519043728639545,17.05149936789728,701.2285002730305,101.14751723608164,1.0129022477510414,18.571477437914513,False,-0.5129022477510414
M02,Textured,5.25,1.75,1.0,0.9946374330673136,17.518181917988656,701.9311952000987,100.42053368958213,1.0556353079544005,19.03815998800589,False,-0.5556353079544005
M02,Textured,5.25,1.75,1.05,1.0373704932706727,17.984864468080037,702.6338901271671,99.6935501430826,1.0983683681577596,19.50484253809727,False,-0.5983683681577596
M02,Textured,5.25,1.75,1.1,1.0801035534740318,18.451547018171414,703.3365850542353,98.96656659658309,1.1411014283611187,19.97152508818865,False,-0.6411014283611187
M02,Textured,5.25,1.75,1.15,1.1228366136773906,18.918229568262788,704.0392799813036,98.23958305008357,1.1838344885644776,20.438207638280023,False,-0.6838344885644776
M02,Textured,5.25,2.0,0.85,0.9913666924543237,16.949875615075253,715.9073180618752,102.58994478965602,1.0523645673414106,18.469853685092488,False,-0.5523645673414106
M02,Textured,5.25,2.0,0.9,1.0336696616427452,17.40971340749162,716.3598085024751,101.87681873209756,1.0946675365298322,18.929691477508854,False,-0.5946675365298322
M02,Textured,5.25,2.0,0.95,1.0759726308311668,17.86955119990798,716.812298943075,101.1636926745391,1.1369705057182538,19.389529269925216,False,-0.6369705057182538
M02,Textured,5.25,2.0,1.0,1.1182756000195884,18.329388992324347,717.264789383675,100.45056661698065,1.1792734749066753,19.84936706234158,False,-0.6792734749066753
M02,Textured,5.25,2.0,1.05,1.16057856920801,18.78922678474071,717.7172798242748,99.7374405594222,1.221576444095097,20.309204854757944,False,-0.7215764440950969
M02,Textured,5.25,2.0,1.1,1.2028815383964315,19.249064577157075,718.1697702648747,99.02431450186374,1.2638794132835185,20.76904264717431,False,-0.7638794132835185
M02,Textured,5.25,2.0,1.15,1.2451845075848529,19.708902369573437,718.6222607054746,98.31118844430529,1.3061823824719399,21.22888043959067,False,-0.8061823824719399
M02,Textured,5.25,2.25,0.85,1.116295132451411,17.781616962435983,731.9915257048565,102.57840525023136,1.177293007338498,19.301595032453218,False,-0.677293007338498
M02,Textured,5.25,2.25,0.9,1.158168010624895,18.234609997177333,732.193811658988,101.87913668161396,1.219165885511982,19.754588067194568,False,-0.719165885511982
M02,Textured,5.25,2.25,0.95,1.2000408887983791,18.687603031918684,732.3960976131195,101.17986811299657,1.261038763685466,20.20758110193592,False,-0.7610387636854661
M02,Textured,5.25,2.25,1.0,1.2419137669718632,19.140596066660034,732.5983835672511,100.48059954437917,1.3029116418589501,20.66057413667727,False,-0.8029116418589501
M02,Textured,5.25,2.25,1.05,1.2837866451453472,19.593589101401385,732.8006695213826,99.78133097576178,1.3447845200324342,21.11356717141862,False,-0.8447845200324342
M02,Textured,5.25,2.25,1.1,1.3256595233188313,20.046582136142735,733.0029554755141,99.08206240714439,1.3866573982059183,21.56656020615997,False,-0.8866573982059183
M02,Textured,5.25,2.25,1.15,1.3675324014923154,20.499575170884082,733.2052414296455,98.382793838527,1.4285302763794023,22.019553240901317,False,-0.9285302763794023
M02,Textured,5.25,2.5,0.85,1.2412235724484981,18.613358309796713,748.0757333478377,102.5668657108067,1.302221447335585,20.133336379813947,False,-0.8022214473355851
M02,Textured,5.25,2.5,0.9,1.282666359607045,19.05950658686305,748.0278148155008,101.88145463113037,1.3436642344941319,20.579484656880286,False,-0.8436642344941319
M02,Textured,5.25,2.5,0.95,1.3241091467655914,19.505654863929387,747.979896283164,101.19604355145404,1.3851070216526784,21.02563293394662,False,-0.8851070216526784
M02,Textured,5.25,2.5,1.0,1.365551933924138,19.95180314099572,747.9319777508272,100.5106324717777,1.426549808811225,21.471781211012956,False,-0.926549808811225
M02,Textured,5.25,2.5,1.05,1.4069947210826845,20.39795141806206,747.8840592184903,99.82522139210137,1.4679925959697715,21.917929488079295,False,-0.9679925959697715
M02,Textured,5.25,2.5,1.1,1.4484375082412313,20.844099695128396,747.8361406861534,99.13981031242504,1.5094353831283183,22.36407776514563,False,-1.0094353831283183
M02,Textured,5.25,2.5,1.15,1.4898802953997776,21.29024797219473,747.7882221538166,98.45439923274871,1.5508781702868646,22.810226042211966,False,-1.0508781702868646
M02,Textured,5.25,2.75,0.85,1.3661520124455855,19.445099657157442,764.159940990819,102.55532617138203,1.4271498873326725,20.965077727174677,False,-0.9271498873326725
M02,Textured,5.25,2.75,0.9,1.4071647085891945,19.884403176548766,763.8618179720138,101.88377258064676,1.4681625834762815,21.404381246566,False,-0.9681625834762815
M02,Textured,5.25,2.75,0.95,1.4481774047328035,20.32370669594009,763.5636949532085,101.21221898991149,1.5091752796198905,21.843684765957324,False,-1.0091752796198905
M02,Textured,5.25,2.75,1.0,1.4891901008764128,20.76301021533141,763.2655719344033,100.54066539917623,1.5501879757634998,22.282988285348644,False,-1.0501879757634998
M02,Textured,5.25,2.75,1.05,1.5302027970200218,21.202313734722733,762.967448915598,99.86911180844096,1.5912006719071088,22.722291804739967,False,-1.0912006719071088
M02,Textured,5.25,2.75,1.1,1.571215493163631,21.641617254114056,762.6693258967928,99.19755821770569,1.632213368050718,23.16159532413129,False,-1.132213368050718
M02,Textured,5.25,2.75,1.15,1.61222818930724,22.080920773505376,762.3712028779876,98.52600462697042,1.673226064194327,23.60089884352261,False,-1.173226064194327
M02,Textured,5.25,3.0,0.85,1.4910804524426726,20.27684100451817,780.2441486338003,102.54378663195737,1.5520783273297596,21.796819074535406,False,-1.0520783273297596
M02,Textured,5.25,3.0,0.9,1.5316630575713444,20.70929976623448,779.6958211285266,101.88609053016317,1.5926609324584313,22.229277836251715,False,-1.0926609324584313
M02,Textured,5.25,3.0,0.95,1.5722456627000159,21.14175852795079,779.147493623253,101.22839442836896,1.6332435375871028,22.661736597968023,False,-1.1332435375871028
M02,Textured,5.25,3.0,1.0,1.6128282678286876,21.5742172896671,778.5991661179794,100.57069832657476,1.6738261427157746,23.094195359684335,False,-1.1738261427157746
M02,Textured,5.25,3.0,1.05,1.6534108729573591,22.00667605138341,778.0508386127058,99.91300222478054,1.714408747844446,23.526654121400643,False,-1.214408747844446
M02,Textured,5.25,3.0,1.1,1.6939934780860308,22.439134813099717,777.5025111074322,99.25530612298634,1.7549913529731178,23.95911288311695,False,-1.2549913529731178
M02,Textured,5.25,3.0,1.15,1.7345760832147024,22.871593574816025,776.9541836021585,98.59761002119212,1.7955739581017893,24.39157164483326,False,-1.2955739581017893
M02,Textured,5.25,3.25,0.85,1.61600889243976,21.1085823518789,796.3283562767815,102.53224709253271,1.677006767326847,22.628560421896136,False,-1.177006767326847
M02,Textured,5.25,3.25,0.9,1.6561614065534942,21.534196355920198,795.5298242850395,101.88840847967957,1.7171592814405812,23.054174425937433,False,-1.2171592814405812
M02,Textured,5.25,3.25,0.95,1.6963139206672282,21.95981035996149,794.7312922932975,101.24456986682642,1.7573117955543152,23.479788429978726,False,-1.2573117955543152
M02,Textured,5.25,3.25,1.0,1.7364664347809624,22.385424364002787,793.9327603015555,100.60073125397328,1.7974643096680494,23.905402434020022,False,-1.2974643096680494
M02,Textured,5.25,3.25,1.05,1.7766189488946966,22.811038368044084,793.1342283098135,99.95689264112013,1.8376168237817836,24.33101643806132,False,-1.3376168237817836
M02,Textured,5.25,3.25,1.1,1.8167714630084306,23.236652372085377,792.3356963180714,99.31305402826699,1.8777693378955176,24.75663044210261,False,-1.3777693378955176
M02,Textured,5.25,3.25,1.15,1.8569239771221646,23.66226637612667,791.5371643263295,98.66921541541384,1.9179218520092516,25.182244446143905,False,-1.4179218520092516
M02,Textured,5.25,3.5,0.85,1.7409373324368471,21.94032369923963,812.4125639197628,102.52070755310805,1.801935207323934,23.460301769256866,False,-1.301935207323934
M02,Textured,5.25,3.5,0.9,1.7806597555356438,22.359092945605912,811.3638274415524,101.89072642919598,1.8416576304227308,23.879071015623147,False,-1.3416576304227308
M02,Textured,5.25,3.5,0.95,1.8203821786344405,22.777862191972194,810.315090963342,101.26074530528389,1.8813800535215275,24.29784026198943,False,-1.3813800535215275
M02,Textured,5.25,3.5,1.0,1.8601046017332372,23.196631438338475,809.2663544851316,100.6307641813718,1.9211024766203242,24.71660950835571,False,-1.4211024766203242
M02,Textured,5.25,3.5,1.05,1.899827024832034,23.615400684704756,808.2176180069213,100.00078305745971,1.9608248997191209,25.13537875472199,False,-1.4608248997191209
M02,Textured,5.25,3.5,1.1,1.9395494479308306,24.034169931071037,807.1688815287108,99.37080193354764,2.0005473228179174,25.554148001088272,False,-1.5005473228179174
M02,Textured,5.25,3.5,1.15,1.979271871029627,24.45293917743732,806.1201450505005,98.74082080963555,2.040269745916714,25.972917247454554,False,-1.540269745916714
M02,Textured,5.5,1.5,0.85,0.7889860921284789,15.478624861572634,683.7371661742338,102.1492655231107,0.8499839670155658,16.99860293158987,False,-0.3499839670155658
M02,Textured,5.5,1.5,0.9,0.8314662152746186,15.956297035648104,684.4609715719589,101.3934688555651,0.8924640901617055,17.47627510566534,False,-0.39246409016170547
M02,Textured,5.5,1.5,0.95,0.8739463384207581,16.433969209723575,685.184776969684,100.63767218801952,0.9349442133078449,17.95394727974081,False,-0.43494421330784494
M02,Textured,5.5,1.5,1.0,0.9164264615668977,16.911641383799047,685.908582367409,99.88187552047394,0.9774243364539845,18.431619453816282,False,-0.4774243364539845
M02,Textured,5.5,1.5,1.05,0.9589065847130374,17.389313557874516,686.6323877651341,99.12607885292836,1.0199044596001243,18.90929162789175,False,-0.5199044596001243
M02,Textured,5.5,1.5,1.1,1.001386707859177,17.86698573194999,687.3561931628592,98.37028218538278,1.062384582746264,19.386963801967223,False,-0.5623845827462639
M02,Textured,5.5,1.5,1.15,1.0438668310053163,18.344657906025457,688.0799985605843,97.6144855178372,1.1048647058924033,19.864635976042692,False,-0.6048647058924033
M02,Textured,5.5,1.75,0.85,0.917584290723292,16.325393501165603,699.8968453495752,102.13890573010062,0.9785821656103788,17.845371571182838,False,-0.4785821656103788
M02,Textured,5.5,1.75,0.9,0.9596343228544941,16.79622091756606,700.370446260832,101.39696655149609,1.020632197741581,18.316198987583295,False,-0.5206321977415811
M02,Textured,5.5,1.75,0.95,1.0016843549856962,17.267048333966518,700.8440471720886,100.65502737289157,1.0626822298727832,18.787026403983752,False,-0.5626822298727832
M02,Textured,5.5,1.75,1.0,1.0437343871168983,17.737875750366975,701.3176480833453,99.91308819428704,1.1047322620039852,19.25785382038421,False,-0.6047322620039852
M02,Textured,5.5,1.75,1.05,1.0857844192481003,18.20870316676743,701.7912489946019,99.17114901568253,1.1467822941351873,19.728681236784666,False,-0.6467822941351873
M02,Textured,5.5,1.75,1.1,1.1278344513793024,18.67953058316789,702.2648499058587,98.429209837078,1.1888323262663893,20.199508653185124,False,-0.6888323262663893
M02,Textured,5.5,1.75,1.15,1.1698844835105044,19.150357999568342,702.7384508171153,97.68727065847348,1.2308823583975914,20.670336069585577,False,-0.7308823583975914
M02,Textured,5.5,2.0,0.85,1.0461824893181049,17.172162140758573,716.0565245249167,102.12854593709054,1.1071803642051918,18.692140210775808,False,-0.6071803642051918
M02,Textured,5.5,2.0,0.9,1.0878024304343696,17.636144799484015,716.2799209497049,101.40046424742708,1.1488003053214566,19.15612286950125,False,-0.6488003053214566
M02,Textured,5.5,2.0,0.95,1.1294223715506342,18.100127458209457,716.5033173744932,100.67238255776361,1.1904202464377212,19.62010552822669,False,-0.6904202464377212
M02,Textured,5.5,2.0,1.0,1.1710423126668987,18.564110116934902,716.7267137992816,99.94430086810016,1.2320401875539857,20.084088186952137,False,-0.7320401875539857
M02,Textured,5.5,2.0,1.05,1.2126622537831635,19.028092775660344,716.9501102240698,99.21621917843669,1.2736601286702505,20.54807084567758,False,-0.7736601286702505
M02,Textured,5.5,2.0,1.1,1.254282194899428,19.49207543438579,717.1735066488582,98.48813748877323,1.315280069786515,21.012053504403024,False,-0.815280069786515
M02,Textured,5.5,2.0,1.15,1.2959021360156926,19.956058093111228,717.3969030736464,97.76005579910978,1.3569000109027796,21.476036163128462,False,-0.8569000109027796
M02,Textured,5.5,2.25,0.85,1.174780687912918,18.018930780351543,732.216203700258,102.11818614408045,1.2357785628000049,19.538908850368777,False,-0.7357785628000049
M02,Textured,5.5,2.25,0.9,1.2159705380142452,18.476068681401973,732.1893956385779,101.40396194335806,1.2769684129013321,19.996046751419208,False,-0.7769684129013321
M02,Textured,5.5,2.25,0.95,1.2571603881155722,18.9332065824524,732.1625875768979,100.68973774263566,1.3181582630026591,20.453184652469634,False,-0.8181582630026591
M02,Textured,5.5,2.25,1.0,1.2983502382168994,19.39034448350283,732.1357795152178,99.97551354191326,1.3593481131039864,20.910322553520064,False,-0.8593481131039864
M02,Textured,5.5,2.25,1.05,1.3395400883182265,19.84748238455326,732.1089714535377,99.26128934119086,1.4005379632053134,21.367460454570494,False,-0.9005379632053134
M02,Textured,5.5,2.25,1.1,1.3807299384195537,20.304620285603686,732.0821633918576,98.54706514046846,1.4417278133066407,21.82459835562092,False,-0.9417278133066407
M02,Textured,5.5,2.25,1.15,1.4219197885208805,20.761758186654117,732.0553553301776,97.83284093974606,1.4829176634079675,22.28173625667135,False,-0.9829176634079675
M02,Textured,5.5,2.5,0.85,1.303378886507731,18.865699419944512,748.3758828755995,102.10782635107039,1.364376761394818,20.385677489961747,False,-0.8643767613948179
M02,Textured,5.5,2.5,0.9,1.3441386455941207,19.315992563319927,748.098870327451,101.40745963928904,1.4051365204812076,20.835970633337162,False,-0.9051365204812076
M02,Textured,5.5,2.5,0.95,1.3848984046805102,19.766285706695342,747.8218577793025,100.7070929275077,1.4458962795675971,21.286263776712577,False,-0.9458962795675971
M02,Textured,5.5,2.5,1.0,1.4256581637669,20.216578850070757,747.5448452311541,100.00672621572637,1.4866560386539869,21.736556920087992,False,-0.9866560386539869
M02,Textured,5.5,2.5,1.05,1.4664179228532896,20.666871993446172,747.2678326830056,99.30635950394503,1.5274157977403766,22.186850063463407,False,-1.0274157977403766
M02,Textured,5.5,2.5,1.1,1.5071776819396792,21.117165136821587,746.9908201348571,98.60599279216369,1.5681755568267661,22.63714320683882,False,-1.0681755568267661
M02,Textured,5.5,2.5,1.15,1.5479374410260687,21.567458280197002,746.7138075867086,97.90562608038236,1.6089353159131556,23.087436350214237,False,-1.1089353159131556
M02,Textured,5.5,2.75,0.85,1.431977085102544,19.71246805953748,764.5355620509408,102.0974665580603,1.492974959989631,21.232446129554713,False,-0.9929749599896309
M02,Textured,5.5,2.75,0.9,1.4723067531739962,20.15591644523788,764.008345016324,101.41095733522003,1.5333046280610831,21.675894515255116,False,-1.0333046280610831
M02,Textured,5.5,2.75,0.95,1.5126364212454482,20.59936483093828,763.4811279817071,100.72444811237975,1.5736342961325351,22.119342900955516,False,-1.0736342961325351
M02,Textured,5.5,2.75,1.0,1.5529660893169004,21.042813216638685,762.9539109470903,100.03793888953948,1.6139639642039874,22.56279128665592,False,-1.1139639642039874
M02,Textured,5.5,2.75,1.05,1.5932957573883526,21.486261602339088,762.4266939124735,99.3514296666992,1.6542936322754396,23.006239672356323,False,-1.1542936322754396
M02,Textured,5.5,2.75,1.1,1.6336254254598048,21.929709988039487,761.8994768778566,98.66492044385892,1.6946233003468918,23.449688058056722,False,-1.1946233003468918
M02,Textured,5.5,2.75,1.15,1.6739550935312568,22.37315837373989,761.3722598432398,97.97841122101865,1.7349529684183438,23.893136443757125,False,-1.2349529684183438
M02,Textured,5.5,3.0,0.85,1.560575283697357,20.559236699130448,780.6952412262823,102.08710676505022,1.621573158584444,22.079214769147683,False,-1.121573158584444
M02,Textured,5.5,3.0,0.9,1.6004748607538717,20.995840327155836,779.9178197051971,101.41445503115101,1.6614727356409587,22.51581839717307,False,-1.1614727356409587
M02,Textured,5.5,3.0,0.95,1.6403744378103864,21.432443955181224,779.1403981841119,100.74180329725179,1.7013723126974734,22.95242202519846,False,-1.2013723126974734
M02,Textured,5.5,3.0,1.0,1.680274014866901,21.869047583206612,778.3629766630266,100.06915156335258,1.741271889753988,23.389025653223847,False,-1.241271889753988
M02,Textured,5.5,3.0,1.05,1.7201735919234158,22.305651211232,777.5855551419413,99.39649982945338,1.7811714668105028,23.825629281249235,False,-1.2811714668105028
M02,Textured,5.5,3.0,1.1,1.7600731689799305,22.742254839257388,776.8081336208561,98.72384809555416,1.8210710438670175,24.262232909274623,False,-1.3210710438670175
M02,Textured,5.5,3.0,1.15,1.799972746036445,23.178858467282776,776.0307120997709,98.05119636165495,1.860970620923532,24.69883653730001,False,-1.360970620923532
M02,Textured,5.5,3.25,0.85,1.68917348229217,21.406005338723418,796.8549204016236,102.07674697204014,1.750171357179257,22.925983408740652,False,-1.250171357179257
M02,Textured,5.5,3.25,0.9,1.7286429683337472,21.835764209073794,795.82729439407,101.417952727082,1.7896408432208342,23.35574227909103,False,-1.2896408432208342
M02,Textured,5.5,3.25,0.95,1.7681124543753244,22.265523079424167,794.7996683865165,100.75915848212384,1.8291103292624113,23.7855011494414,False,-1.3291103292624113
M02,Textured,5.5,3.25,1.0,1.8075819404169016,22.69528194977454,793.7720423789629,100.10036423716569,1.8685798153039885,24.215260019791774,False,-1.3685798153039885
M02,Textured,5.5,3.25,1.05,1.8470514264584788,23.125040820124916,792.7444163714092,99.44156999220753,1.9080493013455657,24.64501889014215,False,-1.4080493013455657
M02,Textured,5.5,3.25,1.1,1.886520912500056,23.55479969047529,791.7167903638557,98.78277574724939,1.947518787387143,25.074777760492523,False,-1.447518787387143
M02,Textured,5.5,3.25,1.15,1.9259903985416331,23.98455856082566,790.6891643563021,98.12398150229124,1.98698827342872,25.504536630842896,False,-1.48698827342872
M02,Textured,5.5,3.5,0.85,1.817771680886983,22.252773978316387,813.0145995769651,102.06638717903007,1.87876955577407,23.772752048333622,False,-1.37876955577407
M02,Textured,5.5,3.5,0.9,1.8568110759136227,22.67568809099175,811.736769082943,101.42145042301297,1.9178089508007097,24.195666161008983,False,-1.4178089508007097
M02,Textured,5.5,3.5,0.95,1.8958504709402624,23.09860220366711,810.4589385889211,100.77651366699588,1.9568483458273493,24.618580273684344,False,-1.4568483458273493
M02,Textured,5.5,3.5,1.0,1.934889865966902,23.521516316342467,809.1811080948992,100.1315769109788,1.995887740853989,25.0414943863597,False,-1.495887740853989
M02,Textured,5.5,3.5,1.05,1.973929260993542,23.944430429017828,807.9032776008771,99.4866401549617,2.0349271358806287,25.464408499035063,False,-1.5349271358806287
M02,Textured,5.5,3.5,1.1,2.0129686560201816,24.36734454169319,806.6254471068552,98.84170339894462,2.0739665309072683,25.887322611710424,False,-1.5739665309072683
M02,Textured,5.5,3.5,1.15,2.0520080510468213,24.79025865436855,805.3476166128331,98.19676664292753,2.113005925933908,26.310236724385785,False,-1.613005925933908
M02,Textured,5.75,1.5,0.85,0.8364623717968087,15.670856802791473,683.735429572555,101.68550717771605,0.8974602466838956,17.190834872808708,False,-0.39746024668389557
M02,Textured,5.75,1.5,0.9,0.8782594668707914,16.15267384317602,684.2301409544684,100.91475487806547,0.9392573417578782,17.672651913193256,False,-0.43925734175787823
M02,Textured,5.75,1.5,0.95,0.9200565619447739,16.63449088356057,684.7248523363819,100.14400257841487,0.9810544368318608,18.154468953577805,False,-0.4810544368318608
M02,Textured,5.75,1.5,1.0,0.9618536570187566,17.116307923945122,685.2195637182954,99.37325027876429,1.0228515319058435,18.636285993962357,False,-0.5228515319058435
M02,Textured,5.75,1.5,1.05,1.0036507520927394,17.59812496432967,685.7142751002089,98.60249797911369,1.0646486269798263,19.118103034346905,False,-0.5646486269798263
M02,Textured,5.75,1.5,1.1,1.045447847166722,18.07994200471422,686.2089864821223,97.83174567946311,1.1064457220538089,19.599920074731454,False,-0.6064457220538089
M02,Textured,5.75,1.5,1.15,1.0872449422407044,18.561759045098768,686.7036978640358,97.06099337981252,1.1482428171277914,20.081737115116002,False,-0.6482428171277914
M02,Textured,5.75,1.75,0.85,0.9687303289893474,16.532652734616683,699.9705802802565,101.67632713112056,1.0297282038764344,18.052630804633917,False,-0.5297282038764344
M02,Textured,5.75,1.75,0.9,1.0100973330483927,17.00762501732622,700.2150871757016,100.91943232041103,1.0710952079354796,18.527603087343454,False,-0.5710952079354796
M02,Textured,5.75,1.75,0.95,1.0514643371074377,17.482597300035753,700.4595940711466,100.1625375097015,1.1124622119945247,19.002575370052988,False,-0.6124622119945247
M02,Textured,5.75,1.75,1.0,1.092831341166483,17.95756958274529,700.7041009665918,99.40564269899197,1.15382921605357,19.477547652762524,False,-0.6538292160535699
M02,Textured,5.75,1.75,1.05,1.134198345225528,18.432541865454827,700.9486078620369,98.64874788828244,1.195196220112615,19.95251993547206,False,-0.695196220112615
M02,Textured,5.75,1.75,1.1,1.1755653492845732,18.90751414816436,701.1931147574819,97.89185307757292,1.2365632241716602,20.427492218181595,False,-0.7365632241716602
M02,Textured,5.75,1.75,1.15,1.2169323533436183,19.382486430873897,701.4376216529271,97.13495826686339,1.2779302282307052,20.90246450089113,False,-0.7779302282307052
M02,Textured,5.75,2.0,0.85,1.1009982861818863,17.394448666441892,716.2057309879581,101.66714708452506,1.1619961610689733,18.914426736459127,False,-0.6619961610689733
M02,Textured,5.75,2.0,0.9,1.1419351992259938,17.862576191476414,716.2000333969347,100.92410976275659,1.2029330741130808,19.38255426149365,False,-0.7029330741130808
M02,Textured,5.75,2.0,0.95,1.1828721122701016,18.330703716510936,716.1943358059115,100.18107244098813,1.2438699871571886,19.85068178652817,False,-0.7438699871571886
M02,Textured,5.75,2.0,1.0,1.2238090253142093,18.798831241545457,716.1886382148882,99.43803511921966,1.2848069002012963,20.318809311562692,False,-0.7848069002012963
M02,Textured,5.75,2.0,1.05,1.2647459383583168,19.26695876657998,716.1829406238649,98.6949977974512,1.3257438132454038,20.786936836597214,False,-0.8257438132454038
M02,Textured,5.75,2.0,1.1,1.3056828514024246,19.7350862916145,716.1772430328416,97.95196047568272,1.3666807262895115,21.255064361631735,False,-0.8666807262895115
M02,Textured,5.75,2.0,1.15,1.346619764446532,20.203213816649022,716.1715454418184,97.20892315391427,1.407617639333619,21.723191886666257,False,-0.907617639333619
M02,Textured,5.75,2.25,0.85,1.233266243374425,18.2562445982671,732.4408816956596,101.65796703792957,1.294264118261512,19.776222668284333,False,-0.794264118261512
M02,Textured,5.75,2.25,0.9,1.2737730654035953,18.71752736562661,732.184979618168,100.92878720510215,1.3347709402906822,20.237505435643843,False,-0.8347709402906822
M02,Textured,5.75,2.25,0.95,1.3142798874327652,19.178810132986115,731.9290775406763,100.19960737227476,1.3752777623198522,20.69878820300335,False,-0.8752777623198522
M02,Textured,5.75,2.25,1.0,1.3547867094619355,19.640092900345625,731.6731754631846,99.47042753944734,1.4157845843490224,21.16007097036286,False,-0.9157845843490224
M02,Textured,5.75,2.25,1.05,1.3952935314911057,20.10137566770513,731.417273385693,98.74124770661994,1.4562914063781927,21.621353737722366,False,-0.9562914063781927
M02,Textured,5.75,2.25,1.1,1.435800353520276,20.56265843506464,731.1613713082012,98.01206787379255,1.4967982284073629,22.082636505081876,False,-0.9967982284073629
M02,Textured,5.75,2.25,1.15,1.476307175549446,21.023941202424147,730.9054692307095,97.28288804096513,1.5373050504365329,22.543919272441382,False,-1.0373050504365329
M02,Textured,5.75,2.5,0.85,1.3655342005669637,19.11804053009231,748.6760324033612,101.64878699133406,1.4265320754540507,20.638018600109543,False,-0.9265320754540507
M02,Textured,5.75,2.5,0.9,1.4056109315811964,19.572478539776803,748.1699258394011,100.93346464744772,1.4666088064682834,21.092456609794038,False,-0.9666088064682834
M02,Textured,5.75,2.5,0.95,1.4456876625954291,20.026916549461298,747.663819275441,100.21814230356138,1.506685537482516,21.546894619478532,False,-1.006685537482516
M02,Textured,5.75,2.5,1.0,1.4857643936096618,20.481354559145792,747.1577127114809,99.50281995967504,1.5467622684967488,22.001332629163027,False,-1.0467622684967488
M02,Textured,5.75,2.5,1.05,1.5258411246238945,20.935792568830287,746.651606147521,98.7874976157887,1.5868389995109815,22.455770638847522,False,-1.0868389995109815
M02,Textured,5.75,2.5,1.1,1.5659178556381272,21.39023057851478,746.1454995835609,98.07217527190235,1.6269157305252142,22.910208648532016,False,-1.1269157305252142
M02,Textured,5.75,2.5,1.15,1.6059945866523597,21.844668588199273,745.6393930196008,97.35685292801601,1.6669924615394467,23.364646658216508,False,-1.1669924615394467
M02,Textured,5.75,2.75,0.85,1.4978021577595024,19.979836461917518,764.9111831110627,101.63960694473856,1.5588000326465894,21.499814531934753,False,-1.0588000326465894
M02,Textured,5.75,2.75,0.9,1.5374487977587978,20.427429713926998,764.1548720606343,100.93814208979329,1.5984466726458848,21.947407783944232,False,-1.0984466726458848
M02,Textured,5.75,2.75,0.95,1.5770954377580928,20.875022965936477,763.3985610102059,100.236677234848,1.6380933126451798,22.39500103595371,False,-1.1380933126451798
M02,Textured,5.75,2.75,1.0,1.6167420777573882,21.32261621794596,762.6422499597774,99.53521237990273,1.6777399526444752,22.842594287963195,False,-1.1777399526444752
M02,Textured,5.75,2.75,1.05,1.6563887177566834,21.77020946995544,761.885938909349,98.83374752495745,1.7173865926437704,23.290187539972674,False,-1.2173865926437704
M02,Textured,5.75,2.75,1.1,1.6960353577559786,22.217802721964922,761.1296278589206,98.13228267001216,1.7570332326430655,23.737780791982157,False,-1.2570332326430655
M02,Textured,5.75,2.75,1.15,1.7356819977552738,22.6653959739744,760.3733168084921,97.43081781506689,1.7966798726423607,24.185374043991636,False,-1.2966798726423607
M02,Textured,5.75,3.0,0.85,1.6300701149520413,20.841632393742728,781.1463338187642,101.63042689814307,1.6910679898391283,22.361610463759963,False,-1.1910679898391283
M02,Textured,5.75,3.0,0.9,1.669286663936399,21.282380888077192,780.1398182818674,100.94281953213886,1.730284538823486,22.802358958094427,False,-1.230284538823486
M02,Textured,5.75,3.0,0.95,1.7085032129207567,21.72312938241166,779.1333027449706,100.25521216613463,1.7695010878078437,23.243107452428895,False,-1.2695010878078437
M02,Textured,5.75,3.0,1.0,1.7477197619051144,22.163877876746128,778.1267872080738,99.56760480013041,1.8087176367922013,23.683855946763362,False,-1.3087176367922013
M02,Textured,5.75,3.0,1.05,1.7869363108894722,22.604626371080595,777.120271671177,98.8799974341262,1.8479341857765592,24.12460444109783,False,-1.3479341857765592
M02,Textured,5.75,3.0,1.1,1.82615285987383,23.04537486541506,776.1137561342802,98.19239006812198,1.8871507347609169,24.565352935432294,False,-1.3871507347609169
M02,Textured,5.75,3.0,1.15,1.8653694088581876,23.486123359749527,775.1072405973833,97.50478270211777,1.9263672837452746,25.006101429766762,False,-1.4263672837452746
M02,Textured,5.75,3.25,0.85,1.76233807214458,21.703428325567934,797.3814845264658,101.62124685154757,1.823335947031667,23.22340639558517,False,-1.323335947031667
M02,Textured,5.75,3.25,0.9,1.8011245301140004,22.13733206222739,796.1247645031007,100.94749697448441,1.8621224050010874,23.657310132244625,False,-1.3621224050010874
M02,Textured,5.75,3.25,0.95,1.8399109880834206,22.571235798886843,794.8680444797354,100.27374709742126,1.9009088629705075,24.091213868904077,False,-1.4009088629705075
M02,Textured,5.75,3.25,1.0,1.8786974460528407,23.005139535546295,793.6113244563702,99.5999972203581,1.9396953209399277,24.52511760556353,False,-1.4396953209399277
M02,Textured,5.75,3.25,1.05,1.917483904022261,23.439043272205748,792.354604433005,98.92624734329495,1.978481778909348,24.959021342222982,False,-1.478481778909348
M02,Textured,5.75,3.25,1.1,1.9562703619916813,23.8729470088652,791.0978844096398,98.25249746623179,2.017268236878768,25.392925078882435,False,-1.5172682368787682
M02,Textured,5.75,3.25,1.15,1.9950568199611014,24.306850745524653,789.8411643862746,97.57874758916863,2.0560546948481884,25.826828815541887,False,-1.5560546948481884
M02,Textured,5.75,3.5,0.85,1.8946060293371187,22.565224257393144,813.6166352341673,101.61206680495208,1.9556039042242057,24.08520232741038,False,-1.4556039042242057
M02,Textured,5.75,3.5,0.9,1.9329623962916016,22.992283236377585,812.1097107243338,100.95217441682998,1.9939602711786886,24.51226130639482,False,-1.4939602711786886
M02,Textured,5.75,3.5,0.95,1.9713187632460842,23.419342215362022,810.6027862145002,100.29228202870789,2.032316638133171,24.939320285379257,False,-1.532316638133171
M02,Textured,5.75,3.5,1.0,2.009675130200567,23.846401194346463,809.0958617046666,99.63238964058579,2.0706730050876536,25.366379264363697,False,-1.5706730050876536
M02,Textured,5.75,3.5,1.05,2.04803149715505,24.2734601733309,807.5889371948331,98.9724972524637,2.1090293720421367,25.793438243348135,False,-1.6090293720421367
M02,Textured,5.75,3.5,1.1,2.0863878641095326,24.70051915231534,806.0820126849994,98.3126048643416,2.1473857389966193,26.220497222332575,False,-1.6473857389966193
M02,Textured,5.75,3.5,1.15,2.124744231064015,25.127578131299778,804.5750881751659,97.6527124762195,2.185742105951102,26.647556201317013,False,-1.685742105951102
M02,Textured,6.0,1.5,0.85,0.8839386514651385,15.863088744010312,683.7336929708761,101.22174883232141,0.9449365263522254,17.383066814027547,False,-0.44493652635222536
M02,Textured,6.0,1.5,0.9,0.9250527184669641,16.34905065070394,683.9993103369779,100.43604090056581,0.986050593354051,17.869028720721175,False,-0.486050593354051
M02,Textured,6.0,1.5,0.95,0.9661667854687898,16.83501255739757,684.2649277030798,99.65033296881022,1.0271646603558766,18.354990627414804,False,-0.5271646603558766
M02,Textured,6.0,1.5,1.0,1.0072808524706156,17.320974464091197,684.5305450691817,98.86462503705462,1.0682787273577026,18.840952534108432,False,-0.5682787273577026
M02,Textured,6.0,1.5,1.05,1.0483949194724411,17.806936370784825,684.7961624352836,98.07891710529903,1.109392794359528,19.32691444080206,False,-0.6093927943595281
M02,Textured,6.0,1.5,1.1,1.0895089864742669,18.292898277478454,685.0617798013855,97.29320917354343,1.1505068613613538,19.81287634749569,False,-0.6505068613613538
M02,Textured,6.0,1.5,1.15,1.1306230534760924,18.778860184172082,685.3273971674873,96.50750124178785,1.1916209283631793,20.298838254189317,False,-0.6916209283631793
M02,Textured,6.0,1.75,0.85,1.019876367255403,16.739911968067762,700.0443152109378,101.2137485321405,1.08087424214249,18.259890038084997,False,-0.58087424214249
M02,Textured,6.0,1.75,0.9,1.0605603432422912,17.219029117086375,700.0597280905713,100.44189808932596,1.1215582181293782,18.73900718710361,False,-0.6215582181293782
M02,Textured,6.0,1.75,0.95,1.1012443192291792,17.698146266104988,700.0751409702048,99.67004764651143,1.1622421941162662,19.218124336122223,False,-0.6622421941162662
M02,Textured,6.0,1.75,1.0,1.1419282952160676,18.177263415123605,700.0905538498382,98.8981972036969,1.2029261701031546,19.69724148514084,False,-0.7029261701031546
M02,Textured,6.0,1.75,1.05,1.1826122712029559,18.65638056414222,700.1059667294718,98.12634676088237,1.2436101460900428,20.176358634159456,False,-0.7436101460900428
M02,Textured,6.0,1.75,1.1,1.223296247189844,19.135497713160834,700.1213796091052,97.35449631806783,1.284294122076931,20.65547578317807,False,-0.784294122076931
M02,Textured,6.0,1.75,1.15,1.263980223176732,19.614614862179447,700.1367924887387,96.5826458752533,1.324978098063819,21.134592932196682,False,-0.824978098063819
M02,Textured,6.0,2.0,0.85,1.1558140830456676,17.61673519212521,716.3549374509995,101.20574823195957,1.2168119579327545,19.136713262142443,False,-0.7168119579327545
M02,Textured,6.0,2.0,0.9,1.1960679680176183,18.08900758346881,716.1201458441645,100.4477552780861,1.2570658429047052,19.608985653486044,False,-0.7570658429047052
M02,Textured,6.0,2.0,0.95,1.236321852989569,18.56127997481241,715.8853542373297,99.68976232421264,1.297319727876656,20.081258044829646,False,-0.797319727876656
M02,Textured,6.0,2.0,1.0,1.2765757379615197,19.033552366156012,715.6505626304948,98.93176937033917,1.3375736128486067,20.553530436173247,False,-0.8375736128486067
M02,Textured,6.0,2.0,1.05,1.3168296229334704,19.505824757499614,715.4157710236599,98.1737764164657,1.3778274978205574,21.02580282751685,False,-0.8778274978205574
M02,Textured,6.0,2.0,1.1,1.357083507905421,19.978097148843215,715.180979416825,97.41578346259222,1.418081382792508,21.49807521886045,False,-0.9180813827925081
M02,Textured,6.0,2.0,1.15,1.3973373928773716,20.450369540186813,714.9461878099902,96.65779050871876,1.4583352677644585,21.970347610204048,False,-0.9583352677644585
M02,Textured,6.0,2.25,0.85,1.291751798835932,18.49355841618266,732.6655596910612,101.19774793177866,1.352749673723019,20.013536486199893,False,-0.8527496737230189
M02,Textured,6.0,2.25,0.9,1.3315755927929454,18.958986049851244,732.1805635977579,100.45361246684625,1.3925734676800323,20.47896411986848,False,-0.8925734676800323
M02,Textured,6.0,2.25,0.95,1.3713993867499585,19.42441368351983,731.6955675044546,99.70947700191384,1.4323972616370455,20.944391753537065,False,-0.9323972616370455
M02,Textured,6.0,2.25,1.0,1.4112231807069717,19.88984131718842,731.2105714111514,98.96534153698144,1.4722210555940587,21.409819387205655,False,-0.9722210555940587
M02,Textured,6.0,2.25,1.05,1.451046974663985,20.355268950857006,730.7255753178481,98.22120607204903,1.5120448495510719,21.87524702087424,False,-1.0120448495510719
M02,Textured,6.0,2.25,1.1,1.490870768620998,20.820696584525592,730.2405792245448,97.47707060711662,1.551868643508085,22.340674654542827,False,-1.051868643508085
M02,Textured,6.0,2.25,1.15,1.5306945625780113,21.28612421819418,729.7555831312416,96.7329351421842,1.5916924374650983,22.806102288211413,False,-1.0916924374650983
M02,Textured,6.0,2.5,0.85,1.4276895146261965,19.370381640240108,748.9761819311228,101.18974763159774,1.4886873895132835,20.890359710257343,False,-0.9886873895132835
M02,Textured,6.0,2.5,0.9,1.4670832175682722,19.82896451623368,748.2409813513513,100.4594696556064,1.5280810924553592,21.348942586250914,False,-1.0280810924553592
M02,Textured,6.0,2.5,0.95,1.5064769205103479,20.287547392227253,747.5057807715796,99.72919167961506,1.5674747953974348,21.807525462244488,False,-1.0674747953974348
M02,Textured,6.0,2.5,1.0,1.5458706234524238,20.746130268220828,746.7705801918079,98.9989137036237,1.6068684983395107,22.266108338238062,False,-1.1068684983395107
M02,Textured,6.0,2.5,1.05,1.5852643263944994,21.2047131442144,746.0353796120363,98.26863572763236,1.6462622012815864,22.724691214231633,False,-1.1462622012815864
M02,Textured,6.0,2.5,1.1,1.6246580293365753,21.663296020207973,745.3001790322646,97.53835775164102,1.6856559042236623,23.183274090225208,False,-1.1856559042236623
M02,Textured,6.0,2.5,1.15,1.6640517322786508,22.121878896201544,744.5649784524929,96.80807977564966,1.7250496071657377,23.64185696621878,False,-1.2250496071657377
M02,Textured,6.0,2.75,0.85,1.5636272304164611,20.247204864297554,765.2868041711846,101.18174733141683,1.624625105303548,21.76718293431479,False,-1.124625105303548
M02,Textured,6.0,2.75,0.9,1.6025908423435993,20.698942982616114,764.3013991049445,100.46532684436654,1.6635887172306862,22.21892105263335,False,-1.1635887172306862
M02,Textured,6.0,2.75,0.95,1.6415544542707374,21.150681100934673,763.3159940387045,99.74890635731626,1.7025523291578244,22.670659170951907,False,-1.2025523291578244
M02,Textured,6.0,2.75,1.0,1.6805180661978758,21.602419219253232,762.3305889724645,99.03248587026597,1.7415159410849628,23.122397289270467,False,-1.2415159410849628
M02,Textured,6.0,2.75,1.05,1.7194816781250142,22.054157337571795,761.3451839062244,98.31606538321569,1.7804795530121011,23.57413540758903,False,-1.2804795530121011
M02,Textured,6.0,2.75,1.1,1.7584452900521523,22.505895455890354,760.3597788399844,97.5996448961654,1.8194431649392393,24.02587352590759,False,-1.3194431649392393
M02,Textured,6.0,2.75,1.15,1.7974089019792905,22.957633574208913,759.3743737737444,96.88322440911512,1.8584067768663775,24.477611644226148,False,-1.3584067768663775
M02,Textured,6.0,3.0,0.85,1.6995649462067255,21.124028088355004,781.5974264112463,101.17374703123592,1.7605628210938125,22.64400615837224,False,-1.2605628210938125
M02,Textured,6.0,3.0,0.9,1.7380984671189263,21.568921448998548,780.3618168585378,100.47118403312669,1.7990963420060133,23.088899519015783,False,-1.2990963420060133
M02,Textured,6.0,3.0,0.95,1.776631988031127,22.013814809642096,779.1262073058294,99.76862103501746,1.837629862918214,23.53379287965933,False,-1.337629862918214
M02,Textured,6.0,3.0,1.0,1.8151655089433278,22.45870817028564,777.890597753121,99.06605803690825,1.8761633838304148,23.978686240302874,False,-1.3761633838304148
M02,Textured,6.0,3.0,1.05,1.8536990298555287,22.903601530929187,776.6549882004126,98.36349503879902,1.9146969047426157,24.42357960094642,False,-1.4146969047426157
M02,Textured,6.0,3.0,1.1,1.8922325507677296,23.348494891572734,775.4193786477042,97.6609320406898,1.9532304256548165,24.86847296158997,False,-1.4532304256548165
M02,Textured,6.0,3.0,1.15,1.9307660716799302,23.79338825221628,774.1837690949958,96.95836904258057,1.9917639465670172,25.313366322233513,False,-1.4917639465670172
M02,Textured,6.0,3.25,0.85,1.83550266199699,22.00085131241245,797.9080486513079,101.165746731055,1.896500536884077,23.520829382429685,False,-1.396500536884077
M02,Textured,6.0,3.25,0.9,1.8736060918942534,22.438899915380983,796.4222346121312,100.47704122188684,1.9346039667813404,23.958877985398217,False,-1.4346039667813404
M02,Textured,6.0,3.25,0.95,1.9117095217915165,22.876948518349515,794.9364205729544,99.78833571271868,1.9727073966786035,24.39692658836675,False,-1.4727073966786035
M02,Textured,6.0,3.25,1.0,1.9498129516887799,23.314997121318047,793.4506065337775,99.09963020355052,2.0108108265758666,24.834975191335282,False,-1.5108108265758666
M02,Textured,6.0,3.25,1.05,1.9879163815860432,23.75304572428658,791.9647924946007,98.41092469438235,2.04891425647313,25.273023794303814,False,-1.5489142564731302
M02,Textured,6.0,3.25,1.1,2.0260198114833066,24.19109432725511,790.478978455424,97.72221918521419,2.0870176863703933,25.711072397272346,False,-1.5870176863703933
M02,Textured,6.0,3.25,1.15,2.0641232413805697,24.629142930223644,788.9931644162472,97.03351367604603,2.1251211162676564,26.14912100024088,False,-1.6251211162676564
M02,Textured,6.0,3.5,0.85,1.9714403777872547,22.8776745364699,814.2186708913697,101.15774643087408,2.0324382526743414,24.397652606487135,False,-1.5324382526743414
M02,Textured,6.0,3.5,0.9,2.0091137166695803,23.308878381763417,812.4826523657244,100.48289841064698,2.070111591556667,24.828856451780652,False,-1.570111591556667
M02,Textured,6.0,3.5,0.95,2.0467870555519063,23.740082227056938,810.7466338400793,99.80805039041988,2.107784930438993,25.260060297074173,False,-1.607784930438993
M02,Textured,6.0,3.5,1.0,2.084460394434232,24.171286072350455,809.0106153144342,99.13320237019278,2.1454582693213187,25.69126414236769,False,-1.6454582693213187
M02,Textured,6.0,3.5,1.05,2.122133733316558,24.602489917643975,807.2745967887889,98.45835434996569,2.1831316082036447,26.12246798766121,False,-1.6831316082036447
M02,Textured,6.0,3.5,1.1,2.1598070721988836,25.033693762937492,805.5385782631438,97.78350632973859,2.2208049470859703,26.553671832954727,False,-1.7208049470859703
M02,Textured,6.0,3.5,1.15,2.197480411081209,25.46489760823101,803.8025597374985,97.10865830951148,2.258478285968296,26.984875678248244,False,-1.758478285968296
M02,Textured,6.25,1.5,0.85,0.9314149311334682,16.05532068522915,683.7319563691972,100.75799048692677,0.992412806020555,17.575298755246386,False,-0.49241280602055504
M02,Textured,6.25,1.5,0.9,0.971845970063137,16.54542745823186,683.7684797194875,99.95732692306616,1.032843844950224,18.065405528249094,False,-0.532843844950224
M02,Textured,6.25,1.5,0.95,1.0122770089928057,17.035534231234564,683.8050030697777,99.15666335920557,1.0732748838798927,18.5555123012518,False,-0.5732748838798927
M02,Textured,6.25,1.5,1.0,1.0527080479224744,17.525641004237272,683.841526420068,98.35599979534497,1.1137059228095614,19.045619074254507,False,-0.6137059228095614
M02,Textured,6.25,1.5,1.05,1.0931390868521431,18.01574777723998,683.8780497703583,97.55533623148438,1.15413696173923,19.535725847257215,False,-0.6541369617392301
M02,Textured,6.25,1.5,1.1,1.1335701257818118,18.505854550242688,683.9145731206486,96.75467266762377,1.1945680006688988,20.025832620259923,False,-0.6945680006688988
M02,Textured,6.25,1.5,1.15,1.1740011647114805,18.995961323245396,683.9510964709389,95.95400910376317,1.2349990395985675,20.51593939326263,False,-0.7349990395985675
M02,Textured,6.25,1.75,0.85,1.0710224055214586,16.947171201518838,700.118050141619,100.75116993316044,1.1320202804085455,18.467149271536073,False,-0.6320202804085455
M02,Textured,6.25,1.75,0.9,1.1110233534361897,17.430433216846534,699.9043690054409,99.9643638582409,1.1720212283232767,18.95041128686377,False,-0.6720212283232767
M02,Textured,6.25,1.75,0.95,1.151024301350921,17.913695232174227,699.6906878692629,99.17755778332136,1.212022176238008,19.433673302191462,False,-0.7120221762380079
M02,Textured,6.25,1.75,1.0,1.1910252492656521,18.39695724750192,699.4770067330847,98.39075170840182,1.252023124152739,19.916935317519155,False,-0.7520231241527391
M02,Textured,6.25,1.75,1.05,1.2310261971803835,18.880219262829613,699.2633255969066,97.60394563348228,1.2920240720674705,20.400197332846847,False,-0.7920240720674705
M02,Textured,6.25,1.75,1.1,1.2710271450951147,19.36348127815731,699.0496444607286,96.81713955856274,1.3320250199822017,20.883459348174544,False,-0.8320250199822017
M02,Textured,6.25,1.75,1.15,1.311028093009846,19.846743293485,698.8359633245504,96.0303334836432,1.3720259678969329,21.366721363502236,False,-0.8720259678969329
M02,Textured,6.25,2.0,0.85,1.2106298799094488,17.839021717808528,716.5041439140409,100.7443493793941,1.2716277547965358,19.358999787825763,False,-0.7716277547965358
M02,Textured,6.25,2.0,0.9,1.2502007368092425,18.31543897546121,716.0402582913945,99.97140079341563,1.3111986116963295,19.835417045478444,False,-0.8111986116963295
M02,Textured,6.25,2.0,0.95,1.2897715937090362,18.791856233113887,715.5763726687479,99.19845220743714,1.3507694685961231,20.31183430313112,False,-0.8507694685961231
M02,Textured,6.25,2.0,1.0,1.32934245060883,19.268273490766568,715.1124870461015,98.42550362145867,1.390340325495917,20.788251560783802,False,-0.890340325495917
M02,Textured,6.25,2.0,1.05,1.3689133075086237,19.74469074841925,714.6486014234549,97.65255503548019,1.4299111823957107,21.264668818436483,False,-0.9299111823957107
M02,Textured,6.25,2.0,1.1,1.4084841644084176,20.221108006071926,714.1847158008085,96.87960644950172,1.4694820392955046,21.74108607608916,False,-0.9694820392955046
M02,Textured,6.25,2.0,1.15,1.4480550213082113,20.697525263724607,713.720830178162,96.10665786352324,1.5090528961952983,22.217503333741842,False,-1.0090528961952983
M02,Textured,6.25,2.25,0.85,1.350237354297439,18.730872234098214,732.8902376864628,100.73752882562776,1.411235229184526,20.25085030411545,False,-0.911235229184526
M02,Textured,6.25,2.25,0.9,1.3893781201822955,19.200444734075884,732.1761475773479,99.97843772859035,1.4503759950693824,20.72042280409312,False,-0.9503759950693824
M02,Textured,6.25,2.25,0.95,1.4285188860671516,19.670017234053546,731.4620574682331,99.21934663155294,1.4895167609542386,21.18999530407078,False,-0.9895167609542386
M02,Textured,6.25,2.25,1.0,1.4676596519520078,20.139589734031215,730.7479673591182,98.46025553451553,1.5286575268390947,21.65956780404845,False,-1.0286575268390947
M02,Textured,6.25,2.25,1.05,1.5068004178368641,20.60916223400888,730.0338772500032,97.70116443747811,1.567798292723951,22.129140304026116,False,-1.067798292723951
M02,Textured,6.25,2.25,1.1,1.5459411837217205,21.078734733986547,729.3197871408884,96.94207334044069,1.6069390586088075,22.59871280400378,False,-1.1069390586088075
M02,Textured,6.25,2.25,1.15,1.5850819496065767,21.548307233964213,728.6056970317735,96.18298224340329,1.6460798244936636,23.068285303981447,False,-1.1460798244936636
M02,Textured,6.25,2.5,0.85,1.4898448286854293,19.622722750387904,749.2763314588846,100.73070827186143,1.5508427035725163,21.14270082040514,False,-1.0508427035725163
M02,Textured,6.25,2.5,0.9,1.5285555035553482,20.08545049269056,748.3120368633014,99.98547466376507,1.5895533784424352,21.605428562707793,False,-1.0895533784424352
M02,Textured,6.25,2.5,0.95,1.5672661784252668,20.54817823499321,747.3477422677181,99.24024105566872,1.6282640533123538,22.068156305010444,False,-1.1282640533123538
M02,Textured,6.25,2.5,1.0,1.6059768532951857,21.01090597729586,746.3834476721348,98.49500744757238,1.6669747281822727,22.530884047313094,False,-1.1669747281822727
M02,Textured,6.25,2.5,1.05,1.6446875281651046,21.473633719598514,745.4191530765517,97.74977383947602,1.7056854030521915,22.99361178961575,False,-1.2056854030521915
M02,Textured,6.25,2.5,1.1,1.6833982030350234,21.936361461901168,744.4548584809684,97.00454023137966,1.7443960779221104,23.456339531918402,False,-1.2443960779221104
M02,Textured,6.25,2.5,1.15,1.722108877904942,22.39908920420382,743.4905638853851,96.25930662328332,1.783106752792029,23.919067274221053,False,-1.283106752792029
M02,Textured,6.25,2.75,0.85,1.6294523030734196,20.51457326667759,765.6624252313064,100.7238877180951,1.6904501779605066,22.034551336694825,False,-1.1904501779605066
M02,Textured,6.25,2.75,0.9,1.667732886928401,20.97045625130523,764.4479261492548,99.9925115989398,1.728730761815488,22.490434321322464,False,-1.228730761815488
M02,Textured,6.25,2.75,0.95,1.706013470783382,21.42633923593287,763.2334270672031,99.26113547978451,1.767011345670469,22.946317305950103,False,-1.267011345670469
M02,Textured,6.25,2.75,1.0,1.7442940546383634,21.882222220560507,762.0189279851515,98.52975936062923,1.8052919295254504,23.402200290577742,False,-1.3052919295254504
M02,Textured,6.25,2.75,1.05,1.7825746384933447,22.338105205188146,760.8044289031,97.79838324147393,1.8435725133804317,23.85808327520538,False,-1.3435725133804317
M02,Textured,6.25,2.75,1.1,1.820855222348326,22.793988189815785,759.5899298210483,97.06700712231864,1.881853097235413,24.31396625983302,False,-1.381853097235413
M02,Textured,6.25,2.75,1.15,1.8591358062033074,23.249871174443424,758.3754307389967,96.33563100316336,1.9201336810903944,24.76984924446066,False,-1.4201336810903944
M02,Textured,6.25,3.0,0.85,1.7690597774614099,21.40642378296728,782.0485190037283,100.71706716432875,1.8300576523484968,22.926401852984515,False,-1.3300576523484968
M02,Textured,6.25,3.0,0.9,1.8069102703014537,21.855462009919904,780.5838154352083,99.99954853411452,1.8679081451885406,23.37544007993714,False,-1.3679081451885406
M02,Textured,6.25,3.0,0.95,1.8447607631414975,22.304500236872528,779.1191118666883,99.28202990390031,1.9057586380285845,23.824478306889763,False,-1.4057586380285845
M02,Textured,6.25,3.0,1.0,1.8826112559815413,22.753538463825155,777.6544082981683,98.56451127368608,1.9436091308686283,24.27351653384239,False,-1.4436091308686283
M02,Textured,6.25,3.0,1.05,1.9204617488215852,23.20257669077778,776.1897047296483,97.84699264347185,1.9814596237086721,24.722554760795013,False,-1.4814596237086721
M02,Textured,6.25,3.0,1.1,1.958312241661629,23.651614917730406,774.7250011611283,97.12947401325762,2.019310116548716,25.17159298774764,False,-1.519310116548716
M02,Textured,6.25,3.0,1.15,1.9961627345016728,24.10065314468303,773.2602975926083,96.41195538304339,2.0571606093887596,25.620631214700264,False,-1.5571606093887596
M02,Textured,6.25,3.25,0.85,1.9086672518494001,22.298274299256967,798.4346127761501,100.71024661056242,1.969665126736487,23.8182523692742,False,-1.469665126736487
M02,Textured,6.25,3.25,0.9,1.9460876536745064,22.74046776853458,796.7197047211617,100.00658546928926,2.007085528561593,24.260445838551814,False,-1.5070855285615932
M02,Textured,6.25,3.25,0.95,1.9835080554996127,23.18266123781219,795.0047966661733,99.30292432801609,2.0445059303866997,24.702639307829426,False,-1.5445059303866997
M02,Textured,6.25,3.25,1.0,2.020928457324719,23.624854707089803,793.2898886111849,98.59926318674292,2.081926332211806,25.144832777107037,False,-1.5819263322118058
M02,Textured,6.25,3.25,1.05,2.0583488591498256,24.06704817636741,791.5749805561966,97.89560204546976,2.1193467340369123,25.587026246384646,False,-1.6193467340369123
M02,Textured,6.25,3.25,1.1,2.095769260974932,24.509241645645023,789.8600725012082,97.19194090419658,2.156767135862019,26.029219715662258,False,-1.6567671358620188
M02,Textured,6.25,3.25,1.15,2.133189662800038,24.951435114922635,788.1451644462197,96.48827976292343,2.194187537687125,26.47141318493987,False,-1.694187537687125
M02,Textured,6.25,3.5,0.85,2.0482747262373904,23.190124815546657,814.8207065485719,100.70342605679609,2.109272601124477,24.71010288556389,False,-1.6092726011244771
M02,Textured,6.25,3.5,0.9,2.0852650370475594,23.625473527149254,812.8555940071152,100.01362240446399,2.146262911934646,25.14545159716649,False,-1.6462629119346461
M02,Textured,6.25,3.5,0.95,2.122255347857728,24.06082223875185,810.8904814656584,99.32381875213188,2.1832532227448147,25.580800308769085,False,-1.6832532227448147
M02,Textured,6.25,3.5,1.0,2.159245658667897,24.496170950354447,808.9253689242016,98.63401509979977,2.2202435335549837,26.01614902037168,False,-1.7202435335549837
M02,Textured,6.25,3.5,1.05,2.196235969478066,24.931519661957047,806.9602563827449,97.94421144746767,2.2572338443651527,26.451497731974282,False,-1.7572338443651527
M02,Textured,6.25,3.5,1.1,2.2332262802882346,25.366868373559644,804.995143841288,97.25440779513556,2.2942241551753213,26.88684644357688,False,-1.7942241551753213
M02,Textured,6.25,3.5,1.15,2.2702165910984036,25.80221708516224,803.0300312998313,96.56460414280346,2.3312144659854903,27.322195155179475,False,-1.8312144659854903
M02,Textured,6.5,1.5,0.85,0.978891210801798,16.24755262644799,683.7302197675184,100.29423214153212,1.039889085688885,17.767530696465226,False,-0.5398890856888849
M02,Textured,6.5,1.5,0.9,1.0186392216593099,16.74180426575978,683.5376491019971,99.47861294556652,1.0796370965463968,18.261782335777013,False,-0.5796370965463968
M02,Textured,6.5,1.5,0.95,1.0583872325168215,17.236055905071563,683.3450784364758,98.66299374960091,1.1193851074039085,18.756033975088798,False,-0.6193851074039085
M02,Textured,6.5,1.5,1.0,1.0981352433743332,17.73030754438335,683.1525077709545,97.84737455363532,1.1591331182614202,19.250285614400585,False,-0.6591331182614202
M02,Textured,6.5,1.5,1.05,1.137883254231845,18.224559183695135,682.9599371054331,97.03175535766971,1.198881129118932,19.74453725371237,False,-0.6988811291189321
M02,Textured,6.5,1.5,1.1,1.177631265089357,18.718810823006923,682.7673664399118,96.2161361617041,1.238629139976444,20.238788893024157,False,-0.738629139976444
M02,Textured,6.5,1.5,1.15,1.2173792759468685,19.213062462318707,682.5747957743905,95.4005169657385,1.2783771508339554,20.73304053233594,False,-0.7783771508339554
M02,Textured,6.5,1.75,0.85,1.122168443787514,17.154430434969917,700.1917850723004,100.28859133418037,1.1831663186746009,18.674408504987152,False,-0.6831663186746009
M02,Textured,6.5,1.75,0.9,1.1614863636300883,17.64183731660669,699.7490099203106,99.48682962715583,1.2224842385171752,19.161815386623925,False,-0.7224842385171752
M02,Textured,6.5,1.75,0.95,1.2008042834726624,18.129244198243462,699.3062347683209,98.68506792013129,1.2618021583597494,19.649222268260697,False,-0.7618021583597494
M02,Textured,6.5,1.75,1.0,1.2401222033152368,18.616651079880235,698.8634596163313,97.88330621310675,1.3011200782023238,20.13662914989747,False,-0.8011200782023238
M02,Textured,6.5,1.75,1.05,1.2794401231578112,19.104057961517007,698.4206844643415,97.0815445060822,1.3404379980448982,20.624036031534242,False,-0.8404379980448982
M02,Textured,6.5,1.75,1.1,1.3187580430003856,19.591464843153783,697.9779093123518,96.27978279905766,1.3797559178874725,21.111442913171018,False,-0.8797559178874725
M02,Textured,6.5,1.75,1.15,1.3580759628429597,20.078871724790552,697.5351341603622,95.47802109203312,1.4190738377300467,21.598849794807787,False,-0.9190738377300467
M02,Textured,6.5,2.0,0.85,1.26544567677323,18.061308243491847,716.6533503770823,100.28295052682861,1.326443551660317,19.581286313509082,False,-0.826443551660317
M02,Textured,6.5,2.0,0.9,1.304333505600867,18.541870367453605,715.9603707386243,99.49504630874513,1.3653313804879539,20.06184843747084,False,-0.8653313804879539
M02,Textured,6.5,2.0,0.95,1.3432213344285036,19.022432491415362,715.2673911001662,98.70714209066166,1.4042192093155905,20.542410561432597,False,-0.9042192093155905
M02,Textured,6.5,2.0,1.0,1.3821091632561404,19.502994615377123,714.5744114617081,97.91923787257818,1.4431070381432274,21.022972685394357,False,-0.9431070381432274
M02,Textured,6.5,2.0,1.05,1.4209969920837773,19.98355673933888,713.8814318232501,97.1313336544947,1.4819948669708642,21.503534809356115,False,-0.9819948669708642
M02,Textured,6.5,2.0,1.1,1.4598848209114141,20.46411886330064,713.1884521847919,96.34342943641121,1.520882695798501,21.984096933317876,False,-1.020882695798501
M02,Textured,6.5,2.0,1.15,1.4987726497390508,20.944680987262398,712.4954725463339,95.55552521832773,1.5597705246261377,22.464659057279633,False,-1.0597705246261377
M02,Textured,6.5,2.25,0.85,1.408722909758946,18.968186052013774,733.1149156818643,100.27730971947686,1.469720784646033,20.48816412203101,False,-0.969720784646033
M02,Textured,6.5,2.25,0.9,1.4471806475716453,19.44190341830052,732.1717315569379,99.50326299033445,1.5081785224587323,20.961881488317754,False,-1.0081785224587323
M02,Textured,6.5,2.25,0.95,1.4856383853843447,19.915620784587265,731.2285474320114,98.72921626119202,1.5466362602714316,21.4355988546045,False,-1.0466362602714316
M02,Textured,6.5,2.25,1.0,1.524096123197044,20.38933815087401,730.2853633070849,97.95516953204961,1.585093998084131,21.909316220891245,False,-1.085093998084131
M02,Textured,6.5,2.25,1.05,1.5625538610097434,20.863055517160756,729.3421791821585,97.18112280290718,1.6235517358968303,22.38303358717799,False,-1.1235517358968303
M02,Textured,6.5,2.25,1.1,1.6010115988224427,21.336772883447498,728.398995057232,96.40707607376477,1.6620094737095297,22.856750953464733,False,-1.1620094737095297
M02,Textured,6.5,2.25,1.15,1.6394693366351418,21.810490249734244,727.4558109323056,95.63302934462236,1.7004672115222288,23.33046831975148,False,-1.2004672115222288
M02,Textured,6.5,2.5,0.85,1.5520001427446621,19.8750638605357,749.5764809866463,100.27166891212511,1.612998017631749,21.395041930552935,False,-1.112998017631749
M02,Textured,6.5,2.5,0.9,1.590027789542424,20.341936469147434,748.3830923752514,99.51147967192375,1.651025664429511,21.86191453916467,False,-1.151025664429511
M02,Textured,6.5,2.5,0.95,1.6280554363401858,20.808809077759165,747.1897037638566,98.7512904317224,1.6890533112272728,22.3287871477764,False,-1.1890533112272728
M02,Textured,6.5,2.5,1.0,1.6660830831379476,21.275681686370895,745.9963151524618,97.99110119152104,1.7270809580250346,22.79565975638813,False,-1.2270809580250346
M02,Textured,6.5,2.5,1.05,1.7041107299357094,21.74255429498263,744.8029265410669,97.23091195131968,1.7651086048227964,23.262532364999863,False,-1.2651086048227964
M02,Textured,6.5,2.5,1.1,1.7421383767334713,22.20942690359436,743.6095379296721,96.47072271111833,1.8031362516205582,23.729404973611594,False,-1.3031362516205582
M02,Textured,6.5,2.5,1.15,1.780166023531233,22.67629951220609,742.4161493182772,95.71053347091697,1.84116389841832,24.196277582223324,False,-1.34116389841832
M02,Textured,6.5,2.75,0.85,1.695277375730378,20.78194166905763,766.0380462914283,100.26602810477335,1.756275250617465,22.301919739074865,False,-1.256275250617465
M02,Textured,6.5,2.75,0.9,1.7328749315132026,21.24196951999435,764.5944531935651,99.51969635351305,1.7938728064002896,22.761947590011584,False,-1.2938728064002896
M02,Textured,6.5,2.75,0.95,1.7704724872960267,21.701997370931064,763.1508600957019,98.77336460225277,1.8314703621831137,23.2219754409483,False,-1.3314703621831137
M02,Textured,6.5,2.75,1.0,1.8080700430788512,22.162025221867783,761.7072669978386,98.02703285099247,1.8690679179659382,23.682003291885017,False,-1.3690679179659382
M02,Textured,6.5,2.75,1.05,1.8456675988616755,22.6220530728045,760.2636738999754,97.28070109973217,1.9066654737487625,24.142031142821736,False,-1.4066654737487625
M02,Textured,6.5,2.75,1.1,1.8832651546445,23.082080923741216,758.8200808021122,96.53436934847188,1.944263029531587,24.60205899375845,False,-1.444263029531587
M02,Textured,6.5,2.75,1.15,1.9208627104273241,23.542108774677935,757.3764877042489,95.78803759721158,1.9818605853144111,25.06208684469517,False,-1.4818605853144111
M02,Textured,6.5,3.0,0.85,1.8385546087160942,21.688819477579557,782.4996115962102,100.2603872974216,1.8995524836031812,23.20879754759679,False,-1.3995524836031812
M02,Textured,6.5,3.0,0.9,1.875722073483981,22.14200257084126,780.8058140118786,99.52791303510237,1.936719948371068,23.661980640858495,False,-1.436719948371068
M02,Textured,6.5,3.0,0.95,1.9128895382518678,22.595185664102964,779.112016427547,98.79543877278314,1.9738874131389548,24.1151637341202,False,-1.4738874131389548
M02,Textured,6.5,3.0,1.0,1.9500570030197548,23.048368757364667,777.4182188432154,98.0629645104639,2.0110548779068416,24.5683468273819,False,-1.5110548779068416
M02,Textured,6.5,3.0,1.05,1.9872244677876416,23.501551850626374,775.7244212588838,97.33049024814467,2.0482223426747286,25.02152992064361,False,-1.5482223426747286
M02,Textured,6.5,3.0,1.1,2.0243919325555284,23.954734943888077,774.0306236745522,96.59801598582544,2.085389807442615,25.474713013905312,False,-1.5853898074426152
M02,Textured,6.5,3.0,1.15,2.0615593973234154,24.40791803714978,772.3368260902206,95.8655417235062,2.122557272210502,25.927896107167015,False,-1.6225572722105022
M02,Textured,6.5,3.25,0.85,1.9818318417018101,22.595697286101487,798.9611769009923,100.25474649006985,2.042829716588897,24.11567535611872,False,-1.542829716588897
M02,Textured,6.5,3.25,0.9,2.0185692154547596,23.042035621688175,797.0171748301923,99.53612971669168,2.0795670903418464,24.56201369170541,False,-1.5795670903418464
M02,Textured,6.5,3.25,0.95,2.055306589207709,23.488373957274863,795.0731727593923,98.8175129433135,2.116304464094796,25.008352027292098,False,-1.616304464094796
M02,Textured,6.5,3.25,1.0,2.092043962960658,23.934712292861555,793.1291706885922,98.09889616993533,2.153041837847745,25.45469036287879,False,-1.653041837847745
M02,Textured,6.5,3.25,1.05,2.1287813367136077,24.381050628448246,791.1851686177923,97.38027939655716,2.1897792116006944,25.90102869846548,False,-1.6897792116006944
M02,Textured,6.5,3.25,1.1,2.165518710466557,24.827388964034935,789.2411665469923,96.66166262317898,2.226516585353644,26.34736703405217,False,-1.726516585353644
M02,Textured,6.5,3.25,1.15,2.2022560842195062,25.273727299621623,787.2971644761923,95.94304584980082,2.263253959106593,26.793705369638857,False,-1.763253959106593
M02,Textured,6.5,3.5,0.85,2.125109074687526,23.502575094623413,815.4227422057743,100.2491056827181,2.186106949574613,25.022553164640648,False,-1.6861069495746128
M02,Textured,6.5,3.5,0.9,2.161416357425538,23.94206867253509,813.2285356485058,99.544346398281,2.222414232312625,25.462046742552324,False,-1.7224142323126248
M02,Textured,6.5,3.5,0.95,2.19772364016355,24.381562250446766,811.0343290912375,98.83958711384388,2.258721515050637,25.901540320464,False,-1.7587215150506368
M02,Textured,6.5,3.5,1.0,2.234030922901562,24.821055828358443,808.8401225339692,98.13482782940676,2.2950287977886488,26.341033898375677,False,-1.7950287977886488
M02,Textured,6.5,3.5,1.05,2.270338205639574,25.26054940627012,806.6459159767007,97.43006854496966,2.3313360805266607,26.780527476287354,False,-1.8313360805266607
M02,Textured,6.5,3.5,1.1,2.306645488377586,25.700042984181795,804.4517094194324,96.72530926053254,2.3676433632646727,27.22002105419903,False,-1.8676433632646727
M02,Textured,6.5,3.5,1.15,2.3429527711155975,26.13953656209347,802.2575028621641,96.02054997609544,2.4039506460026843,27.659514632110703,False,-1.9039506460026843
M03,Smooth,4.5,1.5,0.85,0.951695578610763,24.721159487494333,704.0957834779886,103.94674840888862,1.01269345349785,26.241137557511568,False,-0.51269345349785
M03,Smooth,4.5,1.5,0.9,0.9969078140455304,25.18225219633349,705.73596493896,103.25077426976306,1.0579056889326173,26.702230266350725,False,-0.5579056889326173
M03,Smooth,4.5,1.5,0.95,1.0421200494802978,25.643344905172643,707.3761463999315,102.5548001306375,1.1031179243673848,27.163322975189878,False,-0.6031179243673848
M03,Smooth,4.5,1.5,1.0,1.087332284915065,26.104437614011797,709.016327860903,101.85882599151194,1.148330159802152,27.62441568402903,False,-0.648330159802152
M03,Smooth,4.5,1.5,1.05,1.1325445203498326,26.565530322850954,710.6565093218744,101.16285185238637,1.1935423952369195,28.08550839286819,False,-0.6935423952369195
M03,Smooth,4.5,1.5,1.1,1.1777567557846,27.026623031690107,712.2966907828459,100.4668777132608,1.238754630671687,28.546601101707342,False,-0.738754630671687
M03,Smooth,4.5,1.5,1.15,1.222968991219367,27.48771574052926,713.9368722438173,99.77090357413525,1.283966866106454,29.007693810546495,False,-0.783966866106454
M03,Smooth,4.5,1.75,0.85,1.0586407971451617,25.848562247685393,720.6165375134659,103.88222661007894,1.1196386720322486,27.368540317702628,False,-0.6196386720322486
M03,Smooth,4.5,1.75,0.9,1.1034229415649914,26.302810198849535,722.006514487969,103.20010995989443,1.1644208164520784,27.82278826886677,False,-0.6644208164520784
M03,Smooth,4.5,1.75,0.95,1.1482050859848214,26.757058150013673,723.396491462472,102.51799330970994,1.2092029608719084,28.277036220030908,False,-0.7092029608719084
M03,Smooth,4.5,1.75,1.0,1.1929872304046512,27.211306101177815,724.7864684369752,101.83587665952544,1.2539851052917381,28.73128417119505,False,-0.7539851052917381
M03,Smooth,4.5,1.75,1.05,1.2377693748244811,27.665554052341957,726.1764454114782,101.15376000934093,1.298767249711568,29.18553212235919,False,-0.7987672497115681
M03,Smooth,4.5,1.75,1.1,1.282551519244311,28.1198020035061,727.5664223859812,100.47164335915643,1.343549394131398,29.639780073523333,False,-0.8435493941313981
M03,Smooth,4.5,1.75,1.15,1.3273336636641409,28.574049954670237,728.9563993604843,99.78952670897193,1.3883315385512278,30.09402802468747,False,-0.8883315385512278
M03,Smooth,4.5,2.0,0.85,1.1655860156795603,26.975965007876454,737.1372915489432,103.81770481126925,1.2265838905666473,28.49594307789369,False,-0.7265838905666473
M03,Smooth,4.5,2.0,0.9,1.2099380690844528,27.42336820136558,738.2770640369779,103.14944565002581,1.2709359439715397,28.943346271382815,False,-0.7709359439715397
M03,Smooth,4.5,2.0,0.95,1.254290122489345,27.870771394854707,739.4168365250125,102.48118648878238,1.315287997376432,29.39074946487194,False,-0.815287997376432
M03,Smooth,4.5,2.0,1.0,1.2986421758942375,28.318174588343833,740.5566090130473,101.81292732753894,1.3596400507813244,29.838152658361068,False,-0.8596400507813244
M03,Smooth,4.5,2.0,1.05,1.34299422929913,28.765577781832963,741.696381501082,101.1446681662955,1.403992104186217,30.285555851850198,False,-0.9039921041862169
M03,Smooth,4.5,2.0,1.1,1.3873462827040224,29.21298097532209,742.8361539891166,100.47640900505205,1.4483441575911093,30.732959045339324,False,-0.9483441575911093
M03,Smooth,4.5,2.0,1.15,1.4316983361089146,29.660384168811216,743.9759264771513,99.80814984380862,1.4926962109960016,31.18036223882845,False,-0.9926962109960016
M03,Smooth,4.5,2.25,0.85,1.2725312342139588,28.103367768067514,753.6580455844204,103.75318301245957,1.3335291091010457,29.62334583808475,False,-0.8335291091010457
M03,Smooth,4.5,2.25,0.9,1.316453196603914,28.543926203881625,754.5476135859867,103.0987813401572,1.3774510714910009,30.06390427389886,False,-0.8774510714910009
M03,Smooth,4.5,2.25,0.95,1.3603751589938686,28.98448463969574,755.437181587553,102.44437966785482,1.4213730338809556,30.504462709712975,False,-0.9213730338809556
M03,Smooth,4.5,2.25,1.0,1.4042971213838236,29.42504307550985,756.3267495891193,101.78997799555243,1.4652949962709105,30.945021145527086,False,-0.9652949962709105
M03,Smooth,4.5,2.25,1.05,1.4482190837737785,29.865601511323966,757.2163175906857,101.13557632325006,1.5092169586608655,31.3855795813412,False,-1.0092169586608655
M03,Smooth,4.5,2.25,1.1,1.4921410461637337,30.30615994713808,758.105885592252,100.48117465094768,1.5531389210508206,31.826138017155316,False,-1.0531389210508206
M03,Smooth,4.5,2.25,1.15,1.5360630085536884,30.746718382952192,758.9954535938183,99.82677297864531,1.5970608834407753,32.26669645296943,False,-1.0970608834407753
M03,Smooth,4.5,2.5,0.85,1.3794764527483574,29.230770528258574,770.1787996198977,103.6886612136499,1.4404743276354444,30.75074859827581,False,-0.9404743276354444
M03,Smooth,4.5,2.5,0.9,1.422968324123375,29.664484206397674,770.8181631349956,103.04811703028858,1.483966199010462,31.18446227641491,False,-0.983966199010462
M03,Smooth,4.5,2.5,0.95,1.4664601954983922,30.09819788453677,771.4575266500935,102.40757284692725,1.5274580703854792,31.618175954554005,False,-1.0274580703854792
M03,Smooth,4.5,2.5,1.0,1.5099520668734099,30.531911562675873,772.0968901651916,101.76702866356594,1.5709499417604968,32.05188963269311,False,-1.0709499417604968
M03,Smooth,4.5,2.5,1.05,1.5534439382484273,30.965625240814973,772.7362536802895,101.12648448020462,1.6144418131355143,32.48560331083221,False,-1.1144418131355143
M03,Smooth,4.5,2.5,1.1,1.5969358096234447,31.399338918954072,773.3756171953873,100.48594029684331,1.6579336845105317,32.91931698897131,False,-1.1579336845105317
M03,Smooth,4.5,2.5,1.15,1.6404276809984621,31.833052597093168,774.0149807104852,99.845396113482,1.7014255558855491,33.3530306671104,False,-1.2014255558855491
M03,Smooth,4.5,2.75,0.85,1.486421671282756,30.35817328844963,786.699553655375,103.6241394148402,1.547419546169843,31.878151358466866,False,-1.047419546169843
M03,Smooth,4.5,2.75,0.9,1.5294834516428362,30.78504220891372,787.0887126840046,102.99745272041996,1.5904813265299231,32.305020278930954,False,-1.0904813265299231
M03,Smooth,4.5,2.75,0.95,1.572545232002916,31.211911129377803,787.477871712634,102.3707660259997,1.633543106890003,32.73188919939504,False,-1.133543106890003
M03,Smooth,4.5,2.75,1.0,1.615607012362996,31.63878004984189,787.8670307412636,101.74407933157944,1.676604887250083,33.15875811985913,False,-1.176604887250083
M03,Smooth,4.5,2.75,1.05,1.6586687927230759,32.06564897030598,788.2561897698931,101.11739263715918,1.7196666676101628,33.58562704032322,False,-1.2196666676101628
M03,Smooth,4.5,2.75,1.1,1.701730573083156,32.49251789077006,788.6453487985227,100.49070594273893,1.762728447970243,34.0124959607873,False,-1.262728447970243
M03,Smooth,4.5,2.75,1.15,1.7447923534432357,32.91938681123415,789.0345078271523,99.86401924831868,1.8057902283303227,34.439364881251386,False,-1.3057902283303227
M03,Smooth,4.5,3.0,0.85,1.5933668898171547,31.48557604864069,803.2203076908522,103.55961761603052,1.6543647647042417,33.005554118657926,False,-1.1543647647042417
M03,Smooth,4.5,3.0,0.9,1.6359985791622973,31.905600211429764,803.3592622330134,102.94678841055133,1.6969964540493843,33.425578281447,False,-1.1969964540493843
M03,Smooth,4.5,3.0,0.95,1.6786302685074397,32.32562437421883,803.4982167751746,102.33395920507213,1.7396281433945266,33.84560244423607,False,-1.2396281433945266
M03,Smooth,4.5,3.0,1.0,1.721261957852582,32.74564853700791,803.6371713173357,101.72112999959295,1.782259832739669,34.26562660702515,False,-1.282259832739669
M03,Smooth,4.5,3.0,1.05,1.7638936471977247,33.16567269979698,803.7761258594969,101.10830079411375,1.8248915220848116,34.68565076981422,False,-1.3248915220848116
M03,Smooth,4.5,3.0,1.1,1.8065253365428673,33.585696862586055,803.9150804016581,100.49547158863456,1.8675232114299543,35.10567493260329,False,-1.3675232114299543
M03,Smooth,4.5,3.0,1.15,1.8491570258880095,34.005721025375124,804.0540349438193,99.88264238315537,1.9101549007750964,35.52569909539236,False,-1.4101549007750964
M03,Smooth,4.5,3.25,0.85,1.7003121083515533,32.612978808831755,819.7410617263296,103.49509581722084,1.7613099832386403,34.132956878848994,False,-1.2613099832386403
M03,Smooth,4.5,3.25,0.9,1.7425137066817584,33.02615821394581,819.6298117820223,102.89612410068271,1.8035115815688454,34.54613628396305,False,-1.3035115815688454
M03,Smooth,4.5,3.25,0.95,1.7847153050119633,33.43933761905987,819.5185618377151,102.29715238414458,1.8457131798990503,34.95931568907711,False,-1.3457131798990503
M03,Smooth,4.5,3.25,1.0,1.8269169033421684,33.85251702417393,819.4073118934078,101.69818066760645,1.8879147782292554,35.372495094191166,False,-1.3879147782292554
M03,Smooth,4.5,3.25,1.05,1.8691185016723735,34.265696429287985,819.2960619491007,101.09920895106832,1.9301163765594604,35.78567449930522,False,-1.4301163765594604
M03,Smooth,4.5,3.25,1.1,1.9113201000025783,34.67887583440204,819.1848120047935,100.50023723453018,1.9723179748896653,36.19885390441928,False,-1.4723179748896653
M03,Smooth,4.5,3.25,1.15,1.9535216983327832,35.0920552395161,819.0735620604862,99.90126551799206,2.01451957321987,36.61203330953334,False,-1.5145195732198702
M03,Smooth,4.5,3.5,0.85,1.807257326885952,33.740381569022816,836.2618157618068,103.43057401841115,1.868255201773039,35.260359639040054,False,-1.368255201773039
M03,Smooth,4.5,3.5,0.9,1.8490288342012196,34.146716216461854,835.9003613310313,102.84545979081409,1.9100267090883065,35.66669428647909,False,-1.4100267090883065
M03,Smooth,4.5,3.5,0.95,1.890800341516487,34.5530508639009,835.5389069002556,102.26034556321702,1.9517982164035739,36.07302893391814,False,-1.4517982164035739
M03,Smooth,4.5,3.5,1.0,1.9325718488317545,34.959385511339946,835.17745246948,101.67523133561994,1.9935697237188414,36.479363581357184,False,-1.4935697237188414
M03,Smooth,4.5,3.5,1.05,1.974343356147022,35.36572015877899,834.8159980387044,101.09011710802288,2.035341231034109,36.88569822879623,False,-1.535341231034109
M03,Smooth,4.5,3.5,1.1,2.0161148634622896,35.77205480621804,834.4545436079288,100.5050028804258,2.0771127383493764,37.292032876235275,False,-1.5771127383493764
M03,Smooth,4.5,3.5,1.15,2.057886370777557,36.178389453657076,834.0930891771533,99.91988865282875,2.1188842456646437,37.698367523674314,False,-1.6188842456646437
M03,Smooth,4.75,1.5,0.85,0.9991718582790927,24.913391428713172,704.0940468763098,103.48299006349399,1.0601697331661797,26.433369498730407,False,-0.5601697331661797
M03,Smooth,4.75,1.5,0.9,1.0437010656417032,25.378629003861406,705.5051343214697,102.77206029226342,1.1046989405287901,26.89860707387864,False,-0.6046989405287901
M03,Smooth,4.75,1.5,0.95,1.0882302730043136,25.84386657900964,706.9162217666295,102.06113052103285,1.1492281478914006,27.363844649026873,False,-0.6492281478914006
M03,Smooth,4.75,1.5,1.0,1.132759480366924,26.309104154157872,708.3273092117894,101.35020074980228,1.193757355254011,27.829082224175107,False,-0.693757355254011
M03,Smooth,4.75,1.5,1.05,1.1772886877295345,26.77434172930611,709.7383966569491,100.6392709785717,1.2382865626166215,28.294319799323343,False,-0.7382865626166215
M03,Smooth,4.75,1.5,1.1,1.221817895092145,27.23957930445434,711.149484102109,99.92834120734113,1.282815769979232,28.759557374471576,False,-0.782815769979232
M03,Smooth,4.75,1.5,1.15,1.2663471024547552,27.70481687960257,712.5605715472689,99.21741143611057,1.3273449773418422,29.224794949619806,False,-0.8273449773418422
M03,Smooth,4.75,1.75,0.85,1.109786835411217,26.055821481136473,720.6902724441471,103.41964801109889,1.170784710298304,27.575799551153708,False,-0.670784710298304
M03,Smooth,4.75,1.75,0.9,1.15388595175889,26.51421429860969,721.8511554028387,102.72257572880937,1.214883826645977,28.034192368626925,False,-0.7148838266459769
M03,Smooth,4.75,1.75,0.95,1.197985068106563,26.972607116082912,723.0120383615301,102.02550344651986,1.2589829429936499,28.492585186100147,False,-0.7589829429936499
M03,Smooth,4.75,1.75,1.0,1.2420841844542359,27.43099993355613,724.1729213202216,101.32843116423037,1.3030820593413228,28.950978003573365,False,-0.8030820593413228
M03,Smooth,4.75,1.75,1.05,1.2861833008019088,27.88939275102935,725.3338042789131,100.63135888194086,1.3471811756889958,29.409370821046586,False,-0.8471811756889958
M03,Smooth,4.75,1.75,1.1,1.330282417149582,28.347785568502573,726.4946872376046,99.93428659965134,1.391280292036669,29.867763638519808,False,-0.8912802920366689
M03,Smooth,4.75,1.75,1.15,1.3743815334972547,28.80617838597579,727.655570196296,99.23721431736183,1.4353794083843416,30.326156455993026,False,-0.9353794083843416
M03,Smooth,4.75,2.0,0.85,1.2204018125433416,27.198251533559773,737.2864980119846,103.35630595870379,1.2813996874304285,28.718229603577008,False,-0.7813996874304285
M03,Smooth,4.75,2.0,0.9,1.264070837876077,27.64979959335798,738.1971764842077,102.67309116535533,1.325068712763164,29.169777663375214,False,-0.825068712763164
M03,Smooth,4.75,2.0,0.95,1.3077398632088124,28.101347653156182,739.1078549564307,101.98987637200689,1.3687377380958994,29.621325723173417,False,-0.8687377380958994
M03,Smooth,4.75,2.0,1.0,1.3514088885415478,28.55289571295439,740.0185334286539,101.30666157865845,1.4124067634286348,30.072873782971623,False,-0.9124067634286348
M03,Smooth,4.75,2.0,1.05,1.3950779138742833,29.004443772752595,740.929211900877,100.62344678531,1.4560757887613702,30.52442184276983,False,-0.9560757887613702
M03,Smooth,4.75,2.0,1.1,1.438746939207019,29.4559918325508,741.8398903731,99.94023199196155,1.4997448140941059,30.975969902568036,False,-0.9997448140941059
M03,Smooth,4.75,2.0,1.15,1.482415964539754,29.907539892349007,742.7505688453232,99.25701719861311,1.543413839426841,31.42751796236624,False,-1.043413839426841
M03,Smooth,4.75,2.25,0.85,1.3310167896754659,28.34068158598307,753.882723579822,103.29296390630867,1.3920146645625529,29.860659656000305,False,-0.8920146645625529
M03,Smooth,4.75,2.25,0.9,1.3742557239932638,28.785384888106265,754.5431975655767,102.62360660190129,1.4352535988803508,30.3053629581235,False,-0.9352535988803508
M03,Smooth,4.75,2.25,0.95,1.4174946583110617,29.230088190229456,755.2036715513315,101.95424929749392,1.4784925331981487,30.75006626024669,False,-0.9784925331981487
M03,Smooth,4.75,2.25,1.0,1.4607335926288598,29.674791492352647,755.8641455370862,101.28489199308653,1.5217314675159468,31.19476956236988,False,-1.0217314675159468
M03,Smooth,4.75,2.25,1.05,1.5039725269466577,30.11949479447584,756.5246195228409,100.61553468867915,1.5649704018337447,31.639472864493076,False,-1.0649704018337447
M03,Smooth,4.75,2.25,1.1,1.5472114612644559,30.564198096599032,757.1850935085956,99.94617738427176,1.6082093361515428,32.08417616661627,False,-1.1082093361515428
M03,Smooth,4.75,2.25,1.15,1.5904503955822535,31.008901398722223,757.8455674943503,99.27682007986438,1.6514482704693405,32.52887946873946,False,-1.1514482704693405
M03,Smooth,4.75,2.5,0.85,1.4416317668075902,29.48311163840637,770.4789491476595,103.22962185391357,1.5026296416946772,31.003089708423605,False,-1.0026296416946772
M03,Smooth,4.75,2.5,0.9,1.4844406101104508,29.92097018285455,770.8892186469458,102.57412203844726,1.5454384849975378,31.440948252871785,False,-1.0454384849975378
M03,Smooth,4.75,2.5,0.95,1.5272494534133112,30.35882872730273,771.2994881462321,101.91862222298093,1.5882473283003982,31.878806797319964,False,-1.0882473283003982
M03,Smooth,4.75,2.5,1.0,1.5700582967161718,30.796687271750905,771.7097576455184,101.26312240751462,1.6310561716032588,32.31666534176814,False,-1.1310561716032588
M03,Smooth,4.75,2.5,1.05,1.6128671400190322,31.234545816199084,772.1200271448048,100.60762259204829,1.6738650149061192,32.75452388621632,False,-1.1738650149061192
M03,Smooth,4.75,2.5,1.1,1.6556759833218928,31.672404360647263,772.5302966440911,99.95212277658196,1.7166738582089798,33.1923824306645,False,-1.2166738582089798
M03,Smooth,4.75,2.5,1.15,1.6984848266247532,32.11026290509544,772.9405661433774,99.29662296111565,1.7594827015118402,33.63024097511268,False,-1.2594827015118402
M03,Smooth,4.75,2.75,0.85,1.5522467439397147,30.62554169082967,787.0751747154968,103.16627980151847,1.6132446188268017,32.14551976084691,False,-1.1132446188268017
M03,Smooth,4.75,2.75,0.9,1.5946254962276376,31.056555477602835,787.2352397283148,102.52463747499321,1.6556233711147246,32.57653354762007,False,-1.1556233711147246
M03,Smooth,4.75,2.75,0.95,1.6370042485155607,31.487569264376,787.3953047411328,101.88299514846796,1.6980021234026477,33.00754733439324,False,-1.1980021234026477
M03,Smooth,4.75,2.75,1.0,1.6793830008034836,31.918583051149163,787.5553697539507,101.2413528219427,1.7403808756905705,33.4385611211664,False,-1.2403808756905705
M03,Smooth,4.75,2.75,1.05,1.7217617530914067,32.34959683792233,787.7154347667687,100.59971049541743,1.7827596279784936,33.869574907939565,False,-1.2827596279784936
M03,Smooth,4.75,2.75,1.1,1.7641405053793298,32.78061062469549,787.8754997795866,99.95806816889217,1.8251383802664167,34.30058869471273,False,-1.3251383802664167
M03,Smooth,4.75,2.75,1.15,1.8065192576672526,33.211624411468655,788.0355647924046,99.31642584236691,1.8675171325543396,34.73160248148589,False,-1.3675171325543396
M03,Smooth,4.75,3.0,0.85,1.662861721071839,31.76797174325297,803.6714002833343,103.10293774912337,1.723859595958926,33.28794981327021,False,-1.223859595958926
M03,Smooth,4.75,3.0,0.9,1.7048103823448246,32.192140772351124,803.5812608096838,102.47515291153917,1.7658082572319116,33.71211884236836,False,-1.2658082572319116
M03,Smooth,4.75,3.0,0.95,1.74675904361781,32.61630980144927,803.4911213360334,101.84736807395497,1.807756918504897,34.13628787146651,False,-1.307756918504897
M03,Smooth,4.75,3.0,1.0,1.7887077048907956,33.04047883054742,803.400981862383,101.21958323637078,1.8497055797778825,34.56045690056466,False,-1.3497055797778825
M03,Smooth,4.75,3.0,1.05,1.8306563661637811,33.464647859645574,803.3108423887326,100.59179839878658,1.891654241050868,34.98462592966281,False,-1.391654241050868
M03,Smooth,4.75,3.0,1.1,1.8726050274367667,33.888816888743726,803.2207029150821,99.96401356120238,1.9336029023238537,35.408794958760964,False,-1.4336029023238537
M03,Smooth,4.75,3.0,1.15,1.914553688709752,34.31298591784187,803.1305634414317,99.33622872361818,1.975551563596839,35.83296398785911,False,-1.475551563596839
M03,Smooth,4.75,3.25,0.85,1.7734766982039634,32.91040179567627,820.2676258511717,103.03959569672827,1.8344745730910503,34.43037986569351,False,-1.3344745730910503
M03,Smooth,4.75,3.25,0.9,1.8149952684620114,33.327726067099405,819.9272818910529,102.42566834808513,1.8759931433490984,34.847704137116644,False,-1.3759931433490984
M03,Smooth,4.75,3.25,0.95,1.8565138387200595,33.745050338522546,819.586937930934,101.811740999442,1.9175117136071465,35.265028408539784,False,-1.4175117136071465
M03,Smooth,4.75,3.25,1.0,1.8980324089781075,34.16237460994568,819.2465939708153,101.19781365079886,1.9590302838651945,35.68235267996292,False,-1.4590302838651945
M03,Smooth,4.75,3.25,1.05,1.9395509792361556,34.57969888136882,818.9062500106965,100.58388630215572,2.0005488541232426,36.09967695138606,False,-1.5005488541232426
M03,Smooth,4.75,3.25,1.1,1.9810695494942037,34.997023152791954,818.5659060505776,99.96995895351259,2.0420674243812904,36.51700122280919,False,-1.5420674243812904
M03,Smooth,4.75,3.25,1.15,2.0225881197522515,35.414347424215094,818.2255620904588,99.35603160486944,2.0835859946393382,36.93432549423233,False,-1.5835859946393382
M03,Smooth,4.75,3.5,0.85,1.8840916753360877,34.05283184809957,836.8638514190092,102.97625364433317,1.9450895502231746,35.57280991811681,False,-1.4450895502231746
M03,Smooth,4.75,3.5,0.9,1.9251801545791984,34.463311361847694,836.2733029724219,102.3761837846311,1.9861780294662854,35.98328943186493,False,-1.4861780294662854
M03,Smooth,4.75,3.5,0.95,1.9662686338223088,34.873790875595816,835.6827545258348,101.77611392492902,2.0272665087093955,36.393768945613054,False,-1.5272665087093955
M03,Smooth,4.75,3.5,1.0,2.0073571130654195,35.28427038934394,835.0922060792475,101.17604406522695,2.0683549879525063,36.804248459361176,False,-1.5683549879525063
M03,Smooth,4.75,3.5,1.05,2.04844559230853,35.69474990309206,834.5016576326603,100.57597420552486,2.1094434671956166,37.2147279731093,False,-1.6094434671956166
M03,Smooth,4.75,3.5,1.1,2.0895340715516406,36.10522941684019,833.9111091860731,99.97590434582278,2.1505319464387274,37.62520748685743,False,-1.6505319464387274
M03,Smooth,4.75,3.5,1.15,2.130622550794751,36.51570893058831,833.3205607394859,99.37583448612072,2.1916204256818377,38.03568700060555,False,-1.6916204256818377
M03,Smooth,5.0,1.5,0.85,1.0466481379474224,25.10562336993201,704.0923102746309,103.01923171809935,1.1076460128345094,26.625601439949246,False,-0.6076460128345094
M03,Smooth,5.0,1.5,0.9,1.090494317237876,25.575005811389325,705.2743037039792,102.29334631476377,1.151492192124963,27.09498388140656,False,-0.651492192124963
M03,Smooth,5.0,1.5,0.95,1.1343404965283295,26.044388252846637,706.4562971333274,101.5674609114282,1.1953383714154164,27.564366322863872,False,-0.6953383714154164
M03,Smooth,5.0,1.5,1.0,1.178186675818783,26.51377069430395,707.6382905626757,100.84157550809262,1.2391845507058699,28.033748764321185,False,-0.7391845507058699
M03,Smooth,5.0,1.5,1.05,1.2220328551092363,26.983153135761263,708.820283992024,100.11569010475705,1.2830307299963233,28.503131205778498,False,-0.7830307299963233
M03,Smooth,5.0,1.5,1.1,1.26587903439969,27.452535577218576,710.0022774213722,99.38980470142147,1.326876909286777,28.97251364723581,False,-0.8268769092867769
M03,Smooth,5.0,1.5,1.15,1.3097252136901432,27.921918018675886,711.1842708507205,98.6639192980859,1.3707230885772301,29.44189608869312,False,-0.8707230885772301
M03,Smooth,5.0,1.75,0.85,1.1609328736772726,26.263080714587552,720.7640073748285,102.95706941211883,1.2219307485643596,27.783058784604787,False,-0.7219307485643596
M03,Smooth,5.0,1.75,0.9,1.2043489619527887,26.72561839836985,721.6957963177083,102.2450414977243,1.2653468368398757,28.245596468387085,False,-0.7653468368398757
M03,Smooth,5.0,1.75,0.95,1.2477650502283046,27.188156082152148,722.6275852605883,101.53301358332979,1.3087629251153916,28.708134152169382,False,-0.8087629251153916
M03,Smooth,5.0,1.75,1.0,1.2911811385038205,27.65069376593445,723.5593742034681,100.82098566893528,1.3521790133909075,29.170671835951683,False,-0.8521790133909075
M03,Smooth,5.0,1.75,1.05,1.3345972267793367,28.113231449716746,724.491163146348,100.10895775454077,1.3955951016664236,29.63320951973398,False,-0.8955951016664236
M03,Smooth,5.0,1.75,1.1,1.3780133150548526,28.575769133499044,725.4229520892279,99.39692984014626,1.4390111899419396,30.09574720351628,False,-0.9390111899419396
M03,Smooth,5.0,1.75,1.15,1.4214294033303685,29.03830681728134,726.3547410321078,98.68490192575175,1.4824272782174555,30.558284887298576,False,-0.9824272782174555
M03,Smooth,5.0,2.0,0.85,1.2752176094071228,27.42053805924309,737.435704475026,102.8949071061383,1.3362154842942098,28.940516129260324,False,-0.8362154842942098
M03,Smooth,5.0,2.0,0.9,1.3182036066677012,27.876230985350375,738.1172889314375,102.19673668068485,1.3792014815547882,29.39620905536761,False,-0.8792014815547882
M03,Smooth,5.0,2.0,0.95,1.3611896039282798,28.33192391145766,738.798873387849,101.4985662552314,1.4221874788153668,29.851901981474896,False,-0.9221874788153668
M03,Smooth,5.0,2.0,1.0,1.4041756011888582,28.787616837564943,739.4804578442605,100.80039582977795,1.4651734760759452,30.307594907582178,False,-0.9651734760759452
M03,Smooth,5.0,2.0,1.05,1.4471615984494368,29.24330976367223,740.162042300672,100.1022254043245,1.5081594733365238,30.763287833689464,False,-1.0081594733365238
M03,Smooth,5.0,2.0,1.1,1.4901475957100154,29.699002689779515,740.8436267570835,99.40405497887105,1.5511454705971024,31.21898075979675,False,-1.0511454705971024
M03,Smooth,5.0,2.0,1.15,1.5331335929705938,30.154695615886798,741.525211213495,98.7058845534176,1.5941314678576808,31.674673685904033,False,-1.0941314678576808
M03,Smooth,5.0,2.25,0.85,1.3895023451369728,28.57799540389863,754.1074015752235,102.83274480015778,1.4505002200240598,30.097973473915864,False,-0.9505002200240598
M03,Smooth,5.0,2.25,0.9,1.432058251382614,29.0268435723309,754.5387815451667,102.14843186364538,1.4930561262697009,30.546821642348135,False,-0.9930561262697009
M03,Smooth,5.0,2.25,0.95,1.474614157628255,29.47569174076317,754.9701615151098,101.464118927133,1.535612032515342,30.995669810780406,False,-1.035612032515342
M03,Smooth,5.0,2.25,1.0,1.517170063873896,29.924539909195442,755.4015414850529,100.77980599062062,1.578167938760983,31.444517979212677,False,-1.078167938760983
M03,Smooth,5.0,2.25,1.05,1.559725970119537,30.373388077627716,755.832921454996,100.09549305410822,1.620723845006624,31.89336614764495,False,-1.120723845006624
M03,Smooth,5.0,2.25,1.1,1.602281876365178,30.822236246059987,756.2643014249392,99.41118011759583,1.663279751252265,32.342214316077225,False,-1.163279751252265
M03,Smooth,5.0,2.25,1.15,1.644837782610819,31.271084414492254,756.6956813948823,98.72686718108345,1.7058356574979059,32.79106248450949,False,-1.2058356574979059
M03,Smooth,5.0,2.5,0.85,1.503787080866823,29.735452748554167,770.7790986754211,102.77058249417726,1.56478495575391,31.2554308185714,False,-1.06478495575391
M03,Smooth,5.0,2.5,0.9,1.5459128960975266,30.177456159311426,770.9602741588959,102.10012704660593,1.6069107709846135,31.69743422932866,False,-1.1069107709846135
M03,Smooth,5.0,2.5,0.95,1.5880387113282302,30.619459570068685,771.1414496423706,101.4296715990346,1.6490365862153171,32.13943764008592,False,-1.1490365862153171
M03,Smooth,5.0,2.5,1.0,1.6301645265589337,31.06146298082594,771.3226251258453,100.75921615146328,1.6911624014460207,32.581441050843175,False,-1.1911624014460207
M03,Smooth,5.0,2.5,1.05,1.6722903417896373,31.5034663915832,771.5038006093201,100.08876070389195,1.7332882166767243,33.023444461600434,False,-1.2332882166767243
M03,Smooth,5.0,2.5,1.1,1.714416157020341,31.945469802340455,771.6849760927948,99.41830525632062,1.7754140319074279,33.46544787235769,False,-1.2754140319074279
M03,Smooth,5.0,2.5,1.15,1.7565419722510442,32.387473213097714,771.8661515762695,98.7478498087493,1.8175398471381312,33.90745128311495,False,-1.3175398471381312
M03,Smooth,5.0,2.75,0.85,1.6180718165966732,30.892910093209707,787.4507957756188,102.70842018819674,1.6790696914837602,32.412888163226945,False,-1.1790696914837602
M03,Smooth,5.0,2.75,0.9,1.6597675408124393,31.32806874629195,787.381766772625,102.05182222956647,1.7207654156995262,32.848046816309186,False,-1.2207654156995262
M03,Smooth,5.0,2.75,0.95,1.7014632650282053,31.763227399374195,787.3127377696314,101.39522427093621,1.7624611399152923,33.28320546939143,False,-1.2624611399152923
M03,Smooth,5.0,2.75,1.0,1.7431589892439714,32.19838605245644,787.2437087666377,100.73862631230594,1.8041568641310584,33.71836412247368,False,-1.3041568641310584
M03,Smooth,5.0,2.75,1.05,1.7848547134597375,32.63354470553868,787.1746797636441,100.08202835367567,1.8458525883468244,34.15352277555592,False,-1.3458525883468244
M03,Smooth,5.0,2.75,1.1,1.8265504376755035,33.06870335862093,787.1056507606505,99.42543039504541,1.8875483125625905,34.58868142863817,False,-1.3875483125625905
M03,Smooth,5.0,2.75,1.15,1.8682461618912694,33.50386201170317,787.0366217576568,98.76883243641515,1.9292440367783563,35.02384008172041,False,-1.4292440367783563
M03,Smooth,5.0,3.0,0.85,1.7323565523265234,32.05036743786525,804.1224928758163,102.64625788221622,1.7933544272136104,33.570345507882486,False,-1.2933544272136104
M03,Smooth,5.0,3.0,0.9,1.773622185527352,32.478681333272476,803.8032593863543,102.00351741252702,1.834620060414439,33.998659403289714,False,-1.334620060414439
M03,Smooth,5.0,3.0,0.95,1.8148878187281805,32.906995228679705,803.4840258968923,101.3607769428378,1.8758856936152675,34.42697329869694,False,-1.3758856936152675
M03,Smooth,5.0,3.0,1.0,1.856153451929009,33.33530912408693,803.1647924074302,100.7180364731486,1.917151326816096,34.85528719410417,False,-1.417151326816096
M03,Smooth,5.0,3.0,1.05,1.8974190851298376,33.76362301949417,802.8455589179682,100.0752960034594,1.9584169600169246,35.28360108951141,False,-1.4584169600169246
M03,Smooth,5.0,3.0,1.1,1.9386847183306664,34.1919369149014,802.5263254285061,99.4325555337702,1.9996825932177533,35.711914984918636,False,-1.4996825932177533
M03,Smooth,5.0,3.0,1.15,1.9799503515314947,34.620250810308626,802.2070919390441,98.789815064081,2.0409482264185814,36.140228880325864,False,-1.5409482264185814
M03,Smooth,5.0,3.25,0.85,1.8466412880563734,33.20782478252079,820.7941899760139,102.5840955762357,1.9076391629434604,34.72780285253803,False,-1.4076391629434604
M03,Smooth,5.0,3.25,0.9,1.8874768302422646,33.629293920253005,820.2247520000834,101.95521259548755,1.9484747051293516,35.14927199027024,False,-1.4484747051293516
M03,Smooth,5.0,3.25,0.95,1.9283123724281557,34.050763057985215,819.655314024153,101.32632961473941,1.9893102473152426,35.57074112800245,False,-1.4893102473152426
M03,Smooth,5.0,3.25,1.0,1.9691479146140467,34.47223219571743,819.0858760482226,100.69744663399126,2.0301457895011334,35.99221026573467,False,-1.5301457895011334
M03,Smooth,5.0,3.25,1.05,2.009983456799938,34.89370133344965,818.5164380722922,100.06856365324313,2.0709813316870247,36.41367940346689,False,-1.5709813316870247
M03,Smooth,5.0,3.25,1.1,2.050818998985829,35.315170471181865,817.9470000963618,99.43968067249499,2.111816873872916,36.8351485411991,False,-1.611816873872916
M03,Smooth,5.0,3.25,1.15,2.09165454117172,35.73663960891408,817.3775621204313,98.81079769174684,2.1526524160588068,37.25661767893132,False,-1.6526524160588068
M03,Smooth,5.0,3.5,0.85,1.9609260237862236,34.36528212717632,837.4658870762114,102.52193327025518,2.0219238986733106,35.88526019719356,False,-1.5219238986733106
M03,Smooth,5.0,3.5,0.9,2.001331474957177,34.77990650723353,836.6462446138127,101.90690777844809,2.062329349844264,36.299884577250765,False,-1.5623293498442639
M03,Smooth,5.0,3.5,0.95,2.041736926128131,35.19453088729073,835.8266021514138,101.29188228664101,2.1027348010152176,36.71450895730797,False,-1.6027348010152176
M03,Smooth,5.0,3.5,1.0,2.0821423772990846,35.60915526734793,835.006959689015,100.67685679483394,2.1431402521861713,37.12913333736517,False,-1.6431402521861713
M03,Smooth,5.0,3.5,1.05,2.122547828470038,36.023779647405135,834.1873172266162,100.06183130302685,2.1835457033571246,37.54375771742237,False,-1.6835457033571246
M03,Smooth,5.0,3.5,1.1,2.1629532796409916,36.43840402746234,833.3676747642174,99.44680581121978,2.2239511545280783,37.95838209747958,False,-1.7239511545280783
M03,Smooth,5.0,3.5,1.15,2.2033587308119453,36.85302840751954,832.5480323018187,98.8317803194127,2.264356605699032,38.37300647753678,False,-1.764356605699032
M03,Smooth,5.25,1.5,0.85,1.0941244176157523,25.29785531115085,704.090573672952,102.5554733727047,1.1551222925028393,26.817833381168086,False,-0.6551222925028393
M03,Smooth,5.25,1.5,0.9,1.137287568834049,25.771382618917244,705.0434730864887,101.81463233726411,1.1982854437211359,27.29136068893448,False,-0.6982854437211359
M03,Smooth,5.25,1.5,0.95,1.1804507200523453,26.244909926683633,705.9963725000254,101.07379130182355,1.2414485949394323,27.764887996700867,False,-0.7414485949394323
M03,Smooth,5.25,1.5,1.0,1.223613871270642,26.718437234450025,706.949271913562,100.33295026638297,1.2846117461577289,28.23841530446726,False,-0.7846117461577289
M03,Smooth,5.25,1.5,1.05,1.2667770224889383,27.191964542216418,707.9021713270987,99.59210923094238,1.3277748973760253,28.711942612233653,False,-0.8277748973760253
M03,Smooth,5.25,1.5,1.1,1.309940173707235,27.665491849982807,708.8550707406354,98.8512681955018,1.370938048594322,29.185469920000042,False,-0.8709380485943219
M03,Smooth,5.25,1.5,1.15,1.3531033249255313,28.1390191577492,709.807970154172,98.11042716006122,1.4141011998126183,29.658997227766434,False,-0.9141011998126183
M03,Smooth,5.25,1.75,0.85,1.2120789119433282,26.470339948038628,720.8377423055098,102.49449081313875,1.2730767868304151,27.990318018055863,False,-0.7730767868304151
M03,Smooth,5.25,1.75,0.9,1.2548119721466873,26.93702249813001,721.540437232578,101.76750726663924,1.3158098470337742,28.457000568147244,False,-0.8158098470337742
M03,Smooth,5.25,1.75,0.95,1.2975450323500461,27.403705048221386,722.2431321596463,101.04052372013973,1.3585429072371331,28.92368311823862,False,-0.8585429072371331
M03,Smooth,5.25,1.75,1.0,1.3402780925534052,27.870387598312764,722.9458270867146,100.3135401736402,1.4012759674404922,29.39036566833,False,-0.9012759674404922
M03,Smooth,5.25,1.75,1.05,1.3830111527567643,28.33707014840414,723.6485220137829,99.5865566271407,1.4440090276438513,29.857048218421376,False,-0.9440090276438513
M03,Smooth,5.25,1.75,1.1,1.4257442129601234,28.80375269849552,724.3512169408511,98.85957308064117,1.4867420878472104,30.323730768512753,False,-0.9867420878472104
M03,Smooth,5.25,1.75,1.15,1.4684772731634823,29.270435248586896,725.0539118679195,98.13258953414166,1.5294751480505693,30.79041331860413,False,-1.0294751480505693
M03,Smooth,5.25,2.0,0.85,1.330033406270904,27.64282458492641,737.5849109380674,102.43350825357282,1.391031281157991,29.162802654943643,False,-0.891031281157991
M03,Smooth,5.25,2.0,0.9,1.3723363754593256,28.102662377342774,738.0374013786674,101.72038219601437,1.4333342503464126,29.62264044736001,False,-0.9333342503464126
M03,Smooth,5.25,2.0,0.95,1.4146393446477472,28.562500169759137,738.4898918192672,101.00725613845592,1.4756372195348342,30.08247823977637,False,-0.9756372195348342
M03,Smooth,5.25,2.0,1.0,1.4569423138361688,29.0223379621755,738.9423822598671,100.29413008089745,1.5179401887232558,30.542316032192733,False,-1.0179401887232558
M03,Smooth,5.25,2.0,1.05,1.4992452830245904,29.482175754591864,739.3948727004671,99.58100402333899,1.5602431579116773,31.0021538246091,False,-1.0602431579116773
M03,Smooth,5.25,2.0,1.1,1.541548252213012,29.94201354700823,739.8473631410669,98.86787796578054,1.602546127100099,31.461991617025465,False,-1.102546127100099
M03,Smooth,5.25,2.0,1.15,1.5838512214014333,30.401851339424592,740.2998535816669,98.15475190822208,1.6448490962885203,31.921829409441827,False,-1.1448490962885203
M03,Smooth,5.25,2.25,0.85,1.44798790059848,28.815309221814186,754.3320795706252,102.37252569400688,1.508985775485567,30.33528729183142,False,-1.008985775485567
M03,Smooth,5.25,2.25,0.9,1.489860778771964,29.268302256555536,754.5343655247567,101.67325712538948,1.550858653659051,30.78828032657277,False,-1.050858653659051
M03,Smooth,5.25,2.25,0.95,1.531733656945448,29.721295291296887,754.7366514788882,100.9739885567721,1.592731531832535,31.24127336131412,False,-1.092731531832535
M03,Smooth,5.25,2.25,1.0,1.5736065351189321,30.174288326038237,754.9389374330198,100.2747199881547,1.634604410006019,31.694266396055472,False,-1.134604410006019
M03,Smooth,5.25,2.25,1.05,1.6154794132924162,30.627281360779588,755.1412233871513,99.5754514195373,1.6764772881795031,32.14725943079682,False,-1.1764772881795031
M03,Smooth,5.25,2.25,1.1,1.6573522914659005,31.080274395520938,755.3435093412828,98.8761828509199,1.7183501663529874,32.600252465538176,False,-1.2183501663529874
M03,Smooth,5.25,2.25,1.15,1.6992251696393843,31.53326743026229,755.5457952954143,98.17691428230252,1.7602230445264713,33.05324550027952,False,-1.2602230445264713
M03,Smooth,5.25,2.5,0.85,1.5659423949260558,29.987793858701966,771.0792482031828,102.31154313444094,1.6269402698131428,31.5077719287192,False,-1.1269402698131428
M03,Smooth,5.25,2.5,0.9,1.6073851820846023,30.4339421357683,771.031329670846,101.62613205476461,1.6683830569716893,31.953920205785536,False,-1.1683830569716893
M03,Smooth,5.25,2.5,0.95,1.648827969243149,30.88009041283464,770.9834111385092,100.94072097508828,1.7098258441302359,32.40006848285188,False,-1.2098258441302359
M03,Smooth,5.25,2.5,1.0,1.6902707564016957,31.326238689900975,770.9354926061723,100.25530989541194,1.7512686312887826,32.846216759918214,False,-1.2512686312887826
M03,Smooth,5.25,2.5,1.05,1.7317135435602422,31.77238696696731,770.8875740738354,99.56989881573561,1.7927114184473292,33.29236503698455,False,-1.2927114184473292
M03,Smooth,5.25,2.5,1.1,1.7731563307187888,32.218535244033646,770.8396555414986,98.88448773605928,1.8341542056058757,33.738513314050884,False,-1.3341542056058757
M03,Smooth,5.25,2.5,1.15,1.8145991178773353,32.66468352109998,770.7917370091617,98.19907665638294,1.8755969927644223,34.18466159111722,False,-1.3755969927644223
M03,Smooth,5.25,2.75,0.85,1.6838968892536317,31.160278495589743,787.8264168357406,102.250560574875,1.7448947641407186,32.68025656560698,False,-1.2448947641407186
M03,Smooth,5.25,2.75,0.9,1.724909585397241,31.599582014981067,787.5282938169354,101.57900698413972,1.785907460284328,33.119560084998305,False,-1.285907460284328
M03,Smooth,5.25,2.75,0.95,1.76592228154085,32.03888553437239,787.2301707981301,100.90745339340447,1.826920156427937,33.55886360438963,False,-1.326920156427937
M03,Smooth,5.25,2.75,1.0,1.806934977684459,32.478189053763714,786.9320477793249,100.2358998026692,1.867932852571546,33.99816712378095,False,-1.367932852571546
M03,Smooth,5.25,2.75,1.05,1.8479476738280682,32.91749257315504,786.6339247605196,99.56434621193392,1.9089455487151552,34.437470643172276,False,-1.4089455487151552
M03,Smooth,5.25,2.75,1.1,1.8889603699716773,33.35679609254636,786.3358017417144,98.89279262119865,1.9499582448587642,34.8767741625636,False,-1.4499582448587642
M03,Smooth,5.25,2.75,1.15,1.9299730661152863,33.79609961193768,786.0376787229092,98.22123903046338,1.9909709410023733,35.316077681954916,False,-1.4909709410023733
M03,Smooth,5.25,3.0,0.85,1.8018513835812076,32.332763132477524,804.5735854682982,102.18957801530905,1.8628492584682945,33.85274120249476,False,-1.3628492584682945
M03,Smooth,5.25,3.0,0.9,1.8424339887098793,32.765221894193836,804.0252579630246,101.53188191351485,1.9034318635969663,34.285199964211074,False,-1.4034318635969663
M03,Smooth,5.25,3.0,0.95,1.8830165938385508,33.19768065591014,803.476930457751,100.87418581172064,1.9440144687256378,34.71765872592738,False,-1.4440144687256378
M03,Smooth,5.25,3.0,1.0,1.9235991989672225,33.63013941762645,802.9286029524774,100.21648970992644,1.9845970738543095,35.15011748764369,False,-1.4845970738543095
M03,Smooth,5.25,3.0,1.05,1.964181804095894,34.06259817934276,802.3802754472038,99.55879360813222,2.025179678982981,35.582576249359995,False,-1.525179678982981
M03,Smooth,5.25,3.0,1.1,2.004764409224566,34.49505694105907,801.8319479419301,98.90109750633802,2.0657622841116527,36.01503501107631,False,-1.5657622841116527
M03,Smooth,5.25,3.0,1.15,2.0453470143532373,34.92751570277537,801.2836204366565,98.2434014045438,2.106344889240324,36.44749377279261,False,-1.606344889240324
M03,Smooth,5.25,3.25,0.85,1.9198058779087834,33.505247769365305,821.320754100856,102.12859545574312,1.9808037527958704,35.02522583938254,False,-1.4808037527958704
M03,Smooth,5.25,3.25,0.9,1.9599583920225176,33.9308617734066,820.522222109114,101.48475684288998,2.0209562669096046,35.450839843423836,False,-1.5209562669096046
M03,Smooth,5.25,3.25,0.95,2.0001109061362516,34.35647577744789,819.723690117372,100.84091823003682,2.0611087810233384,35.87645384746513,False,-1.5611087810233384
M03,Smooth,5.25,3.25,1.0,2.040263420249986,34.78208978148919,818.92515812563,100.19707961718368,2.1012612951370726,36.30206785150643,False,-1.6012612951370726
M03,Smooth,5.25,3.25,1.05,2.08041593436372,35.207703785530484,818.126626133888,99.55324100433053,2.141413809250807,36.72768185554772,False,-1.6414138092508068
M03,Smooth,5.25,3.25,1.1,2.1205684484774543,35.63331778957178,817.3280941421459,98.90940239147739,2.181566323364541,37.153295859589015,False,-1.681566323364541
M03,Smooth,5.25,3.25,1.15,2.160720962591188,36.05893179361307,816.529562150404,98.26556377862424,2.221718837478275,37.57890986363031,False,-1.7217188374782748
M03,Smooth,5.25,3.5,0.85,2.0377603722363595,34.67773240625308,838.0679227334138,102.06761289617718,2.0987582471234463,36.197710476270316,False,-1.5987582471234463
M03,Smooth,5.25,3.5,0.9,2.0774827953351562,35.09650165261937,837.0191862552033,101.43763177226509,2.138480670222243,36.616479722636605,False,-1.638480670222243
M03,Smooth,5.25,3.5,0.95,2.1172052184339525,35.51527089898564,835.970449776993,100.807650648353,2.1782030933210392,37.03524896900288,False,-1.6782030933210392
M03,Smooth,5.25,3.5,1.0,2.156927641532749,35.93404014535192,834.9217132987825,100.17766952444093,2.217925516419836,37.45401821536916,False,-1.717925516419836
M03,Smooth,5.25,3.5,1.05,2.196650064631546,36.35280939171821,833.8729768205721,99.54768840052884,2.2576479395186326,37.87278746173545,False,-1.7576479395186326
M03,Smooth,5.25,3.5,1.1,2.2363724877303426,36.77157863808449,832.8242403423618,98.91770727661675,2.2973703626174293,38.29155670810173,False,-1.7973703626174293
M03,Smooth,5.25,3.5,1.15,2.2760949108291393,37.190347884450766,831.7755038641513,98.28772615270468,2.337092785716226,38.710325954468004,False,-1.837092785716226
M03,Smooth,5.5,1.5,0.85,1.141600697284082,25.49008725236969,704.0888370712731,102.09171502731006,1.202598572171169,27.010065322386925,False,-0.702598572171169
M03,Smooth,5.5,1.5,0.9,1.1840808204302216,25.96775942644516,704.8126424689982,101.33591835976448,1.2450786953173085,27.487737496462394,False,-0.7450786953173085
M03,Smooth,5.5,1.5,0.95,1.2265609435763611,26.44543160052063,705.5364478667233,100.5801216922189,1.287558818463448,27.965409670537866,False,-0.7875588184634481
M03,Smooth,5.5,1.5,1.0,1.2690410667225007,26.9231037745961,706.2602532644484,99.8243250246733,1.3300389416095877,28.443081844613335,False,-0.8300389416095877
M03,Smooth,5.5,1.5,1.05,1.3115211898686403,27.400775948671573,706.9840586621734,99.06852835712772,1.3725190647557273,28.920754018688807,False,-0.8725190647557273
M03,Smooth,5.5,1.5,1.1,1.3540013130147799,27.87844812274704,707.7078640598985,98.31273168958214,1.4149991879018669,29.398426192764276,False,-0.9149991879018669
M03,Smooth,5.5,1.5,1.15,1.3964814361609192,28.35612029682251,708.4316694576236,97.55693502203655,1.4574793110480062,29.876098366839745,False,-0.9574793110480062
M03,Smooth,5.5,1.75,0.85,1.2632249502093835,26.677599181489708,720.911477236191,102.0319122141587,1.3242228250964705,28.197577251506942,False,-0.8242228250964705
M03,Smooth,5.5,1.75,0.9,1.3052749823405858,27.148426597890165,721.3850781474478,101.28997303555418,1.3662728572276728,28.6684046679074,False,-0.8662728572276728
M03,Smooth,5.5,1.75,0.95,1.3473250144717879,27.61925401429062,721.8586790587044,100.54803385694966,1.4083228893588748,29.139232084307856,False,-0.9083228893588748
M03,Smooth,5.5,1.75,1.0,1.38937504660299,28.09008143069108,722.3322799699611,99.80609467834513,1.450372921490077,29.610059500708314,False,-0.9503729214900769
M03,Smooth,5.5,1.75,1.05,1.431425078734192,28.560908847091536,722.8058808812178,99.06415549974061,1.492422953621279,30.08088691710877,False,-0.992422953621279
M03,Smooth,5.5,1.75,1.1,1.473475110865394,29.031736263491993,723.2794817924745,98.32221632113608,1.534472985752481,30.551714333509228,False,-1.034472985752481
M03,Smooth,5.5,1.75,1.15,1.5155251429965961,29.502563679892447,723.7530827037311,97.58027714253157,1.576523017883683,31.02254174990968,False,-1.076523017883683
M03,Smooth,5.5,2.0,0.85,1.3848492031346853,27.86511111060973,737.7341174011088,101.97210940100734,1.4458470780217723,29.385089180626963,False,-0.9458470780217723
M03,Smooth,5.5,2.0,0.9,1.4264691442509498,28.32909376933517,737.9575138258972,101.24402771134388,1.4874670191380368,29.849071839352405,False,-0.9874670191380368
M03,Smooth,5.5,2.0,0.95,1.4680890853672144,28.793076428060612,738.1809102506855,100.51594602168042,1.5290869602543014,30.313054498077847,False,-1.0290869602543014
M03,Smooth,5.5,2.0,1.0,1.5097090264834792,29.257059086786054,738.4043066754738,99.78786433201695,1.5707069013705661,30.77703715680329,False,-1.0707069013705661
M03,Smooth,5.5,2.0,1.05,1.5513289675997437,29.7210417455115,738.6277031002621,99.0597826423535,1.6123268424868307,31.241019815528734,False,-1.1123268424868307
M03,Smooth,5.5,2.0,1.1,1.5929489087160085,30.18502440423694,738.8510995250504,98.33170095269004,1.6539467836030954,31.705002474254176,False,-1.1539467836030954
M03,Smooth,5.5,2.0,1.15,1.6345688498322728,30.649007062962383,739.0744959498387,97.60361926302657,1.6955667247193598,32.16898513297962,False,-1.1955667247193598
M03,Smooth,5.5,2.25,0.85,1.5064734560599868,29.052623039729745,754.5567575660267,101.91230658785598,1.5674713309470738,30.57260110974698,False,-1.0674713309470738
M03,Smooth,5.5,2.25,0.9,1.547663306161314,29.509760940780176,754.5299495043466,101.19808238713358,1.608661181048401,31.02973901079741,False,-1.108661181048401
M03,Smooth,5.5,2.25,0.95,1.5888531562626411,29.966898841830602,754.5031414426666,100.48385818641118,1.649851031149728,31.486876911847837,False,-1.149851031149728
M03,Smooth,5.5,2.25,1.0,1.6300430063639684,30.424036742881032,754.4763333809865,99.76963398568878,1.6910408812510553,31.944014812898267,False,-1.1910408812510553
M03,Smooth,5.5,2.25,1.05,1.6712328564652954,30.881174643931462,754.4495253193064,99.05540978496639,1.7322307313523824,32.4011527139487,False,-1.2322307313523824
M03,Smooth,5.5,2.25,1.1,1.7124227065666227,31.338312544981893,754.4227172576263,98.34118558424399,1.7734205814537096,32.85829061499913,False,-1.2734205814537096
M03,Smooth,5.5,2.25,1.15,1.7536125566679497,31.79545044603232,754.3959091959463,97.62696138352159,1.8146104315550367,33.31542851604956,False,-1.3146104315550367
M03,Smooth,5.5,2.5,0.85,1.6280977089852886,30.240134968849762,771.3793977309446,101.85250377470462,1.6890955838723756,31.760113038866997,False,-1.1890955838723756
M03,Smooth,5.5,2.5,0.9,1.6688574680716783,30.69042811222518,771.1023851827962,101.15213706292329,1.7298553429587653,32.210406182242416,False,-1.2298553429587653
M03,Smooth,5.5,2.5,0.95,1.7096172271580679,31.140721255600596,770.8253726346477,100.45177035114195,1.7706151020451548,32.660699325617834,False,-1.2706151020451548
M03,Smooth,5.5,2.5,1.0,1.7503769862444576,31.59101439897601,770.5483600864992,99.75140363936062,1.8113748611315446,33.110992468993246,False,-1.3113748611315446
M03,Smooth,5.5,2.5,1.05,1.791136745330847,32.041307542351426,770.2713475383507,99.05103692757928,1.852134620217934,33.561285612368664,False,-1.352134620217934
M03,Smooth,5.5,2.5,1.1,1.8318965044172368,32.491600685726844,769.9943349902023,98.35067021579793,1.8928943793043238,34.01157875574408,False,-1.3928943793043238
M03,Smooth,5.5,2.5,1.15,1.8726562635036264,32.941893829102256,769.7173224420538,97.6503035040166,1.9336541383907133,34.461871899119494,False,-1.4336541383907133
M03,Smooth,5.5,2.75,0.85,1.7497219619105902,31.427646897969783,788.2020378958624,101.79270096155327,1.8107198367976771,32.94762496798702,False,-1.3107198367976771
M03,Smooth,5.5,2.75,0.9,1.7900516299820424,31.871095283670183,787.6748208612456,101.106191738713,1.8510495048691293,33.39107335368742,False,-1.3510495048691293
M03,Smooth,5.5,2.75,0.95,1.8303812980534946,32.314543669370586,787.1476038266287,100.41968251587271,1.8913791729405816,33.834521739387824,False,-1.3913791729405816
M03,Smooth,5.5,2.75,1.0,1.8707109661249468,32.757992055070986,786.6203867920119,99.73317329303244,1.9317088410120338,34.277970125088224,False,-1.4317088410120338
M03,Smooth,5.5,2.75,1.05,1.9110406341963988,33.20144044077139,786.0931697573951,99.04666407019216,1.9720385090834858,34.72141851078863,False,-1.4720385090834858
M03,Smooth,5.5,2.75,1.1,1.951370302267851,33.64488882647179,785.5659527227782,98.3601548473519,2.0123681771549378,35.16486689648903,False,-1.5123681771549378
M03,Smooth,5.5,2.75,1.15,1.991699970339303,34.08833721217219,785.0387356881614,97.67364562451161,2.05269784522639,35.60831528218943,False,-1.55269784522639
M03,Smooth,5.5,3.0,0.85,1.871346214835892,32.6151588270898,805.0246780607803,101.7328981484019,1.9323440897229789,34.13513689710704,False,-1.4323440897229789
M03,Smooth,5.5,3.0,0.9,1.9112457918924066,33.05176245511519,804.2472565396951,101.06024641450269,1.9722436667794936,34.57174052513243,False,-1.4722436667794936
M03,Smooth,5.5,3.0,0.95,1.9511453689489213,33.488366083140576,803.4698350186098,100.38759468060348,2.0121432438360083,35.008344153157815,False,-1.5121432438360083
M03,Smooth,5.5,3.0,1.0,1.991044946005436,33.924969711165964,802.6924134975246,99.71494294670427,2.052042820892523,35.4449477811832,False,-1.552042820892523
M03,Smooth,5.5,3.0,1.05,2.0309445230619505,34.36157333919135,801.9149919764394,99.04229121280505,2.0919423979490372,35.88155140920859,False,-1.5919423979490372
M03,Smooth,5.5,3.0,1.1,2.070844100118465,34.79817696721674,801.1375704553542,98.36963947890584,2.131841975005552,36.31815503723398,False,-1.631841975005552
M03,Smooth,5.5,3.0,1.15,2.11074367717498,35.23478059524213,800.360148934269,97.69698774500662,2.1717415520620666,36.75475866525937,False,-1.6717415520620666
M03,Smooth,5.5,3.25,0.85,1.9929704677611935,33.80267075620982,821.8473182256981,101.67309533525055,2.05396834264828,35.32264882622706,False,-1.5539683426482802
M03,Smooth,5.5,3.25,0.9,2.0324399538027706,34.23242962656019,820.8196922181445,101.01430109029239,2.0934378286898574,35.75240769657743,False,-1.5934378286898574
M03,Smooth,5.5,3.25,0.95,2.071909439844348,34.66218849691057,819.792066210591,100.35550684533425,2.1329073147314346,36.182166566927805,False,-1.6329073147314346
M03,Smooth,5.5,3.25,1.0,2.111378925885925,35.09194736726094,818.7644402030373,99.69671260037609,2.1723768007730118,36.61192543727818,False,-1.6723768007730118
M03,Smooth,5.5,3.25,1.05,2.150848411927502,35.52170623761132,817.7368141954837,99.03791835541794,2.211846286814589,37.04168430762856,False,-1.711846286814589
M03,Smooth,5.5,3.25,1.1,2.1903178979690794,35.95146510796169,816.7091881879301,98.37912411045978,2.251315772856166,37.47144317797893,False,-1.7513157728561661
M03,Smooth,5.5,3.25,1.15,2.2297873840106566,36.381223978312065,815.6815621803765,97.72032986550164,2.2907852588977433,37.9012020483293,False,-1.7907852588977433
M03,Smooth,5.5,3.5,0.85,2.1145947206864952,34.990182685329835,838.669958390616,101.61329252209919,2.175592595573582,36.51016075534707,False,-1.675592595573582
M03,Smooth,5.5,3.5,0.9,2.153634115713135,35.4130967980052,837.392127896594,100.9683557660821,2.2146319906002216,36.93307486802244,False,-1.7146319906002216
M03,Smooth,5.5,3.5,0.95,2.1926735107397746,35.83601091068056,836.114297402572,100.32341901006501,2.2536713856268613,37.355988980697795,False,-1.7536713856268613
M03,Smooth,5.5,3.5,1.0,2.2317129057664142,36.25892502335592,834.83646690855,99.67848225404792,2.292710780653501,37.77890309337316,False,-1.792710780653501
M03,Smooth,5.5,3.5,1.05,2.270752300793054,36.68183913603128,833.558636414528,99.03354549803083,2.3317501756801406,38.20181720604852,False,-1.8317501756801406
M03,Smooth,5.5,3.5,1.1,2.309791695819694,37.10475324870664,832.280805920506,98.38860874201373,2.3707895707067808,38.62473131872388,False,-1.8707895707067808
M03,Smooth,5.5,3.5,1.15,2.3488310908463332,37.527667361382,831.0029754264841,97.74367198599666,2.40982896573342,39.04764543139924,False,-1.90982896573342
M03,Smooth,5.75,1.5,0.85,1.1890769769524117,25.68231919358853,704.0871004695944,101.62795668191542,1.2500748518394986,27.202297263605764,False,-0.7500748518394986
M03,Smooth,5.75,1.5,0.9,1.2308740720263944,26.16413623397308,704.5818118515078,100.85720438226483,1.2918719469134814,27.684114303990313,False,-0.7918719469134814
M03,Smooth,5.75,1.5,0.95,1.272671167100377,26.645953274357627,705.0765232334213,100.08645208261424,1.333669041987464,28.16593134437486,False,-0.8336690419874639
M03,Smooth,5.75,1.5,1.0,1.3144682621743595,27.12777031474218,705.5712346153348,99.31569978296365,1.3754661370614465,28.647748384759414,False,-0.8754661370614465
M03,Smooth,5.75,1.5,1.05,1.3562653572483423,27.609587355126727,706.0659459972483,98.54494748331305,1.4172632321354293,29.129565425143962,False,-0.9172632321354293
M03,Smooth,5.75,1.5,1.1,1.3980624523223248,28.091404395511276,706.5606573791617,97.77419518366247,1.4590603272094118,29.61138246552851,False,-0.9590603272094118
M03,Smooth,5.75,1.5,1.15,1.4398595473963074,28.573221435895825,707.0553687610751,97.00344288401189,1.5008574222833944,30.09319950591306,False,-1.0008574222833944
M03,Smooth,5.75,1.75,0.85,1.314370988475439,26.884858414940787,720.9852121668723,101.56933361517864,1.375368863362526,28.40483648495802,False,-0.8753688633625261
M03,Smooth,5.75,1.75,0.9,1.3557379925344843,27.359830697650324,721.2297190623174,100.81243880446911,1.4167358674215713,28.87980876766756,False,-0.9167358674215713
M03,Smooth,5.75,1.75,0.95,1.3971049965935294,27.834802980359857,721.4742259577625,100.05554399375958,1.4581028714806163,29.354781050377092,False,-0.9581028714806163
M03,Smooth,5.75,1.75,1.0,1.4384720006525746,28.309775263069394,721.7187328532076,99.29864918305006,1.4994698755396616,29.82975333308663,False,-0.9994698755396616
M03,Smooth,5.75,1.75,1.05,1.4798390047116197,28.78474754577893,721.9632397486527,98.54175437234053,1.5408368795987066,30.304725615796166,False,-1.0408368795987066
M03,Smooth,5.75,1.75,1.1,1.521206008770665,29.259719828488468,722.2077466440978,97.784859561631,1.5822038836577519,30.779697898505702,False,-1.0822038836577519
M03,Smooth,5.75,1.75,1.15,1.56257301282971,29.734692111198,722.4522535395429,97.02796475092147,1.623570887716797,31.254670181215236,False,-1.123570887716797
M03,Smooth,5.75,2.0,0.85,1.4396649999984665,28.087397636293044,737.8833238641503,101.51071054844186,1.5006628748855535,29.60737570631028,False,-1.0006628748855535
M03,Smooth,5.75,2.0,0.9,1.4806019130425743,28.555525161327566,737.877626273127,100.7676732266734,1.5415997879296612,30.0755032313448,False,-1.0415997879296612
M03,Smooth,5.75,2.0,0.95,1.5215388260866818,29.023652686362087,737.8719286821038,100.02463590490493,1.5825367009737688,30.543630756379322,False,-1.0825367009737688
M03,Smooth,5.75,2.0,1.0,1.5624757391307895,29.491780211396613,737.8662310910804,99.28159858313646,1.6234736140178765,31.011758281413847,False,-1.1234736140178765
M03,Smooth,5.75,2.0,1.05,1.6034126521748973,29.959907736431134,737.8605335000572,98.538561261368,1.6644105270619842,31.47988580644837,False,-1.1644105270619842
M03,Smooth,5.75,2.0,1.1,1.644349565219005,30.428035261465656,737.8548359090339,97.79552393959953,1.705347440106092,31.94801333148289,False,-1.205347440106092
M03,Smooth,5.75,2.0,1.15,1.6852864782631125,30.896162786500174,737.8491383180105,97.05248661783106,1.7462843531501995,32.41614085651741,False,-1.2462843531501995
M03,Smooth,5.75,2.25,0.85,1.564959011521494,29.289936857645305,754.7814355614283,101.45208748170508,1.625956886408581,30.80991492766254,False,-1.125956886408581
M03,Smooth,5.75,2.25,0.9,1.6054658335506642,29.75121962500481,754.5255334839367,100.72290764887768,1.6664637084377512,31.271197695022046,False,-1.1664637084377512
M03,Smooth,5.75,2.25,0.95,1.6459726555798342,30.212502392364318,754.269631406445,99.99372781605028,1.7069705304669212,31.732480462381552,False,-1.2069705304669212
M03,Smooth,5.75,2.25,1.0,1.6864794776090044,30.673785159723828,754.0137293289533,99.26454798322287,1.7474773524960914,32.193763229741066,False,-1.2474773524960914
M03,Smooth,5.75,2.25,1.05,1.7269862996381746,31.135067927083337,753.7578272514617,98.53536815039547,1.7879841745252616,32.65504599710057,False,-1.2879841745252616
M03,Smooth,5.75,2.25,1.1,1.7674931216673448,31.596350694442844,753.50192517397,97.80618831756806,1.8284909965544318,33.11632876446008,False,-1.3284909965544318
M03,Smooth,5.75,2.25,1.15,1.8079999436965148,32.057633461802354,753.2460230964783,97.07700848474066,1.8689978185836018,33.57761153181959,False,-1.3689978185836018
M03,Smooth,5.75,2.5,0.85,1.6902530230445214,30.492476078997562,771.6795472587063,101.3934644149683,1.7512508979316084,32.0124541490148,False,-1.2512508979316084
M03,Smooth,5.75,2.5,0.9,1.730329754058754,30.946914088682057,771.1734406947462,100.67814207108196,1.791327628945841,32.466892158699295,False,-1.291327628945841
M03,Smooth,5.75,2.5,0.95,1.7704064850729868,31.40135209836655,770.6673341307862,99.96281972719562,1.8314043599600738,32.92133016838379,False,-1.3314043599600738
M03,Smooth,5.75,2.5,1.0,1.8104832160872195,31.855790108051046,770.1612275668261,99.24749738330928,1.8714810909743065,33.375768178068284,False,-1.3714810909743065
M03,Smooth,5.75,2.5,1.05,1.8505599471014522,32.31022811773554,769.655121002866,98.53217503942294,1.9115578219885392,33.83020618775278,False,-1.4115578219885392
M03,Smooth,5.75,2.5,1.1,1.890636678115685,32.764666127420035,769.1490144389061,97.8168526955366,1.9516345530027719,34.284644197437274,False,-1.4516345530027719
M03,Smooth,5.75,2.5,1.15,1.9307134091299174,33.21910413710453,768.642907874946,97.10153035165025,1.9917112840170044,34.73908220712177,False,-1.4917112840170044
M03,Smooth,5.75,2.75,0.85,1.8155470345675488,31.69501530034982,788.5776589559842,101.33484134823152,1.8765449094546358,33.214993370367054,False,-1.3765449094546358
M03,Smooth,5.75,2.75,0.9,1.855193674566844,32.1426085523593,787.8213479055559,100.63337649328625,1.916191549453931,33.66258662237654,False,-1.416191549453931
M03,Smooth,5.75,2.75,0.95,1.8948403145661392,32.59020180436878,787.0650368551275,99.93191163834096,1.9558381894532262,34.11017987438602,False,-1.4558381894532262
M03,Smooth,5.75,2.75,1.0,1.9344869545654344,33.037795056378265,786.308725804699,99.23044678339569,1.9954848294525214,34.5577731263955,False,-1.4954848294525214
M03,Smooth,5.75,2.75,1.05,1.9741335945647296,33.48538830838774,785.5524147542706,98.5289819284504,2.0351314694518163,35.00536637840498,False,-1.5351314694518163
M03,Smooth,5.75,2.75,1.1,2.0137802345640248,33.932981560397224,784.7961037038422,97.82751707350512,2.0747781094511115,35.45295963041446,False,-1.5747781094511115
M03,Smooth,5.75,2.75,1.15,2.05342687456332,34.3805748124067,784.0397926534137,97.12605221855985,2.1144247494504067,35.90055288242394,False,-1.6144247494504067
M03,Smooth,5.75,3.0,0.85,1.9408410460905763,32.89755452170208,805.4757706532623,101.27621828149475,2.0018389209776632,34.417532591719315,False,-1.5018389209776632
M03,Smooth,5.75,3.0,0.9,1.980057595074934,33.33830301603655,804.4692551163655,100.58861091549053,2.041055469962021,34.858281086053786,False,-1.541055469962021
M03,Smooth,5.75,3.0,0.95,2.0192741440592914,33.77905151037101,803.4627395794687,99.90100354948632,2.080272018946378,35.29902958038825,False,-1.5802720189463781
M03,Smooth,5.75,3.0,1.0,2.0584906930436495,34.219800004705476,802.4562240425719,99.21339618348209,2.1194885679307363,35.739778074722715,False,-1.6194885679307363
M03,Smooth,5.75,3.0,1.05,2.097707242028007,34.66054849903995,801.4497085056751,98.52578881747787,2.158705116915094,36.180526569057186,False,-1.658705116915094
M03,Smooth,5.75,3.0,1.1,2.136923791012365,35.10129699337441,800.4431929687782,97.83818145147366,2.1979216658994516,36.62127506339165,False,-1.6979216658994516
M03,Smooth,5.75,3.0,1.15,2.1761403399967225,35.542045487708876,799.4366774318814,97.15057408546944,2.2371382148838093,37.062023557726114,False,-1.7371382148838093
M03,Smooth,5.75,3.25,0.85,2.0661350576136037,34.10009374305434,822.3738823505403,101.21759521475798,2.1271329325006905,35.620071813071576,False,-1.6271329325006905
M03,Smooth,5.75,3.25,0.9,2.104921515583024,34.53399747971379,821.117162327175,100.54384533769482,2.1659193904701106,36.05397554973103,False,-1.6659193904701106
M03,Smooth,5.75,3.25,0.95,2.143707973552444,34.96790121637324,819.8604423038099,99.87009546063166,2.2047058484395308,36.48787928639048,False,-1.7047058484395308
M03,Smooth,5.75,3.25,1.0,2.182494431521864,35.401804953032695,818.6037222804447,99.1963455835685,2.243492306408951,36.92178302304993,False,-1.743492306408951
M03,Smooth,5.75,3.25,1.05,2.2212808894912848,35.83570868969215,817.3470022570795,98.52259570650534,2.2822787643783715,37.355686759709386,False,-1.7822787643783715
M03,Smooth,5.75,3.25,1.1,2.260067347460705,36.2696124263516,816.0902822337143,97.84884582944218,2.3210652223477917,37.78959049636884,False,-1.8210652223477917
M03,Smooth,5.75,3.25,1.15,2.298853805430125,36.70351616301105,814.8335622103491,97.17509595237904,2.359851680317212,38.22349423302829,False,-1.8598516803172118
M03,Smooth,5.75,3.5,0.85,2.191429069136631,35.30263296440659,839.2719940478183,101.15897214802119,2.2524269440237177,36.82261103442383,False,-1.7524269440237177
M03,Smooth,5.75,3.5,0.9,2.2297854360911136,35.72969194339103,837.7650695379847,100.4990797598991,2.2907833109782003,37.24967001340827,False,-1.7907833109782003
M03,Smooth,5.75,3.5,0.95,2.2681418030455966,36.15675092237547,836.2581450281511,99.839187371777,2.3291396779326834,37.67672899239271,False,-1.8291396779326834
M03,Smooth,5.75,3.5,1.0,2.3064981700000793,36.58380990135991,834.7512205183175,99.17929498365491,2.367496044887166,38.10378797137715,False,-1.867496044887166
M03,Smooth,5.75,3.5,1.05,2.344854536954562,37.010868880344354,833.244296008484,98.51940259553281,2.4058524118416487,38.53084695036159,False,-1.9058524118416487
M03,Smooth,5.75,3.5,1.1,2.383210903909045,37.43792785932879,831.7373714986504,97.85951020741072,2.4442087787961317,38.957905929346026,False,-1.9442087787961317
M03,Smooth,5.75,3.5,1.15,2.4215672708635276,37.86498683831323,830.2304469888168,97.19961781928862,2.4825651457506144,39.38496490833047,False,-1.9825651457506144
M03,Smooth,6.0,1.5,0.85,1.2365532566207416,25.87455113480737,704.0853638679155,101.16419833652077,1.2975511315078285,27.394529204824604,False,-0.7975511315078285
M03,Smooth,6.0,1.5,0.9,1.2776673236225673,26.360513041500997,704.3509812340174,100.37849040476517,1.3386651985096543,27.880491111518232,False,-0.8386651985096543
M03,Smooth,6.0,1.5,0.95,1.3187813906243928,26.846474948194626,704.6165986001192,99.59278247300959,1.3797792655114798,28.36645301821186,False,-0.8797792655114798
M03,Smooth,6.0,1.5,1.0,1.3598954576262186,27.332436854888254,704.8822159662211,98.807074541254,1.4208933325133055,28.85241492490549,False,-0.9208933325133055
M03,Smooth,6.0,1.5,1.05,1.4010095246280443,27.818398761581882,705.147833332323,98.0213666094984,1.4620073995151313,29.338376831599117,False,-0.9620073995151313
M03,Smooth,6.0,1.5,1.1,1.44212359162987,28.30436066827551,705.4134506984249,97.2356586777428,1.503121466516957,29.824338738292745,False,-1.003121466516957
M03,Smooth,6.0,1.5,1.15,1.4832376586316955,28.79032257496914,705.6790680645267,96.44995074598721,1.5442355335187825,30.310300644986373,False,-1.0442355335187825
M03,Smooth,6.0,1.75,0.85,1.3655170267414947,27.092117648391866,721.0589470975536,101.10675501619858,1.4265149016285816,28.6120957184091,False,-0.9265149016285816
M03,Smooth,6.0,1.75,0.9,1.4062010027283829,27.57123479741048,721.0743599771871,100.33490457338405,1.4671988776154699,29.091212867427714,False,-0.9671988776154699
M03,Smooth,6.0,1.75,0.95,1.4468849787152709,28.050351946429096,721.0897728568206,99.56305413056951,1.5078828536023579,29.57033001644633,False,-1.0078828536023579
M03,Smooth,6.0,1.75,1.0,1.487568954702159,28.52946909544771,721.1051857364541,98.79120368775499,1.548566829589246,30.049447165464944,False,-1.048566829589246
M03,Smooth,6.0,1.75,1.05,1.5282529306890473,29.008586244466326,721.1205986160876,98.01935324494045,1.5892508055761343,30.52856431448356,False,-1.0892508055761343
M03,Smooth,6.0,1.75,1.1,1.5689369066759355,29.48770339348494,721.136011495721,97.24750280212591,1.6299347815630225,31.007681463502173,False,-1.1299347815630225
M03,Smooth,6.0,1.75,1.15,1.6096208826628238,29.96682054250355,721.1514243753546,96.47565235931138,1.6706187575499107,31.486798612520786,False,-1.1706187575499107
M03,Smooth,6.0,2.0,0.85,1.4944807968622478,28.309684161976364,738.0325303271917,101.04931169587638,1.5554786717493347,29.8296622319936,False,-1.0554786717493347
M03,Smooth,6.0,2.0,0.9,1.5347346818341985,28.781956553319965,737.7977387203568,100.29131874200291,1.5957325567212854,30.3019346233372,False,-1.0957325567212854
M03,Smooth,6.0,2.0,0.95,1.5749885668061492,29.254228944663566,737.562947113522,99.53332578812945,1.6359864416932361,30.7742070146808,False,-1.1359864416932361
M03,Smooth,6.0,2.0,1.0,1.6152424517780999,29.726501336007168,737.328155506687,98.77533283425596,1.6762403266651869,31.246479406024402,False,-1.1762403266651869
M03,Smooth,6.0,2.0,1.05,1.6554963367500506,30.19877372735077,737.0933638998522,98.0173398803825,1.7164942116371376,31.718751797368004,False,-1.2164942116371376
M03,Smooth,6.0,2.0,1.1,1.6957502217220015,30.671046118694367,736.8585722930173,97.25934692650902,1.7567480966090885,32.1910241887116,False,-1.2567480966090885
M03,Smooth,6.0,2.0,1.15,1.736004106693952,31.143318510037968,736.6237806861824,96.50135397263556,1.797001981581039,32.6632965800552,False,-1.297001981581039
M03,Smooth,6.0,2.25,0.85,1.6234445669830009,29.52725067556086,755.0061135568299,100.99186837555419,1.6844424418700878,31.047228745578096,False,-1.1844424418700878
M03,Smooth,6.0,2.25,0.9,1.6632683609400143,29.992678309229447,754.5211174635266,100.24773291062178,1.7242662358271013,31.512656379246682,False,-1.2242662358271013
M03,Smooth,6.0,2.25,0.95,1.7030921548970275,30.458105942898037,754.0361213702233,99.50359744568937,1.7640900297841144,31.97808401291527,False,-1.2640900297841144
M03,Smooth,6.0,2.25,1.0,1.7429159488540407,30.923533576566623,753.5511252769201,98.75946198075695,1.8039138237411276,32.44351164658386,False,-1.3039138237411276
M03,Smooth,6.0,2.25,1.05,1.7827397428110539,31.38896121023521,753.0661291836168,98.01532651582455,1.8437376176981408,32.90893928025245,False,-1.3437376176981408
M03,Smooth,6.0,2.25,1.1,1.8225635367680673,31.8543888439038,752.5811330903135,97.27119105089214,1.8835614116551542,33.37436691392104,False,-1.3835614116551542
M03,Smooth,6.0,2.25,1.15,1.8623873307250802,32.31981647757238,752.0961369970103,96.52705558595973,1.9233852056121672,33.83979454758962,False,-1.4233852056121672
M03,Smooth,6.0,2.5,0.85,1.7524083371037542,30.74481718914536,771.979696786468,100.93442505523198,1.8134062119908412,32.2647952591626,False,-1.3134062119908412
M03,Smooth,6.0,2.5,0.9,1.7918020400458299,31.203400065138933,771.2444962066963,100.20414707924064,1.8527999149329168,32.72337813515617,False,-1.3527999149329168
M03,Smooth,6.0,2.5,0.95,1.8311957429879056,31.661982941132507,770.5092956269248,99.4738691032493,1.8921936178749925,33.181961011149745,False,-1.3921936178749925
M03,Smooth,6.0,2.5,1.0,1.8705894459299814,32.12056581712608,769.7740950471531,98.74359112725794,1.9315873208170684,33.640543887143316,False,-1.4315873208170684
M03,Smooth,6.0,2.5,1.05,1.9099831488720571,32.579148693119656,769.0388944673814,98.0133131512666,1.970981023759144,34.099126763136894,False,-1.470981023759144
M03,Smooth,6.0,2.5,1.1,1.949376851814133,33.03773156911323,768.3036938876097,97.28303517527524,2.0103747267012197,34.557709639130465,False,-1.5103747267012197
M03,Smooth,6.0,2.5,1.15,1.9887705547562085,33.4963144451068,767.5684933078381,96.5527571992839,2.0497684296432954,35.016292515124036,False,-1.5497684296432954
M03,Smooth,6.0,2.75,0.85,1.8813721072245073,31.962383702729856,788.9532800161062,100.87698173490979,1.9423699821115943,33.48236177274709,False,-1.4423699821115943
M03,Smooth,6.0,2.75,0.9,1.9203357191516457,32.41412182104842,787.9678749498661,100.1605612478595,1.9813335940387327,33.93409989106566,False,-1.4813335940387327
M03,Smooth,6.0,2.75,0.95,1.9592993310787838,32.86585993936698,786.9824698836261,99.44414076080922,2.020297205965871,34.385838009384216,False,-1.5202972059658708
M03,Smooth,6.0,2.75,1.0,1.998262943005922,33.31759805768554,785.9970648173861,98.72772027375893,2.059260817893009,34.837576127702775,False,-1.559260817893009
M03,Smooth,6.0,2.75,1.05,2.0372265549330604,33.769336176004096,785.011659751146,98.01129978670865,2.098224429820147,35.289314246021334,False,-1.5982244298201471
M03,Smooth,6.0,2.75,1.1,2.0761901668601985,34.221074294322655,784.026254684906,97.29487929965836,2.1371880417472853,35.74105236433989,False,-1.6371880417472853
M03,Smooth,6.0,2.75,1.15,2.1151537787873367,34.672812412641214,783.040849618666,96.57845881260808,2.1761516536744234,36.19279048265845,False,-1.6761516536744234
M03,Smooth,6.0,3.0,0.85,2.0103358773452604,33.17995021631435,805.9268632457444,100.8195384145876,2.071333752232347,34.69992828633159,False,-1.5713337522323472
M03,Smooth,6.0,3.0,0.9,2.0488693982574615,33.6248435769579,804.6912536930358,100.11697541647837,2.1098672731445482,35.14482164697514,False,-1.6098672731445482
M03,Smooth,6.0,3.0,0.95,2.087402919169662,34.06973693760145,803.4556441403274,99.41441241836915,2.148400794056749,35.589715007618686,False,-1.6484007940567489
M03,Smooth,6.0,3.0,1.0,2.1259364400818628,34.514630298244995,802.220034587619,98.71184942025992,2.1869343149689495,36.034608368262234,False,-1.6869343149689495
M03,Smooth,6.0,3.0,1.05,2.1644699609940634,34.959523658888536,800.9844250349106,98.0092864221507,2.22546783588115,36.479501728905774,False,-1.7254678358811502
M03,Smooth,6.0,3.0,1.1,2.2030034819062645,35.40441701953208,799.7488154822022,97.30672342404148,2.2640013567933512,36.92439508954932,False,-1.7640013567933512
M03,Smooth,6.0,3.0,1.15,2.241537002818465,35.84931038017563,798.5132059294938,96.60416042593225,2.302534877705552,37.36928845019287,False,-1.8025348777055519
M03,Smooth,6.0,3.25,0.85,2.1392996474660135,34.397516729898854,822.9004464753824,100.7620950942654,2.2002975223531003,35.91749479991609,False,-1.7002975223531003
M03,Smooth,6.0,3.25,0.9,2.177403077363277,34.83556533286738,821.4146324362057,100.07338958509723,2.238400952250364,36.35554340288462,False,-1.7384009522503638
M03,Smooth,6.0,3.25,0.95,2.21550650726054,35.27361393583592,819.9288183970289,99.38468407592907,2.276504382147627,36.79359200585316,False,-1.776504382147627
M03,Smooth,6.0,3.25,1.0,2.2536099371578033,35.71166253880445,818.443004357852,98.69597856676091,2.31460781204489,37.231640608821685,False,-1.81460781204489
M03,Smooth,6.0,3.25,1.05,2.291713367055067,36.14971114177298,816.9571903186752,98.00727305759276,2.3527112419421536,37.66968921179022,False,-1.8527112419421536
M03,Smooth,6.0,3.25,1.1,2.32981679695233,36.58775974474151,815.4713762794985,97.31856754842458,2.3908146718394168,38.10773781475875,False,-1.8908146718394168
M03,Smooth,6.0,3.25,1.15,2.367920226849593,37.02580834771005,813.9855622403217,96.62986203925642,2.42891810173668,38.545786417727285,False,-1.9289181017366799
M03,Smooth,6.0,3.5,0.85,2.2682634175867666,35.61508324348335,839.8740297050206,100.7046517739432,2.3292612924738534,37.135061313500586,False,-1.8292612924738534
M03,Smooth,6.0,3.5,0.9,2.3059367564690927,36.04628708877687,838.1380111793754,100.0298037537161,2.3669346313561794,37.56626515879411,False,-1.8669346313561794
M03,Smooth,6.0,3.5,0.95,2.3436100953514183,36.47749093407039,836.4019926537302,99.354955733489,2.404607970238505,37.99746900408763,False,-1.904607970238505
M03,Smooth,6.0,3.5,1.0,2.3812834342337443,36.908694779363906,834.665974128085,98.6801077132619,2.442281309120831,38.428672849381144,False,-1.942281309120831
M03,Smooth,6.0,3.5,1.05,2.41895677311607,37.33989862465742,832.9299556024399,98.0052596930348,2.4799546480031567,38.85987669467466,False,-1.9799546480031567
M03,Smooth,6.0,3.5,1.1,2.456630111998396,37.77110246995094,831.1939370767947,97.3304116728077,2.5176279868854827,39.29108053996818,False,-2.0176279868854827
M03,Smooth,6.0,3.5,1.15,2.4943034508807216,38.202306315244456,829.4579185511495,96.6555636525806,2.5553013257678083,39.722284385261695,False,-2.0553013257678083
M03,Smooth,6.25,1.5,0.85,1.2840295362890712,26.06678307602621,704.0836272662366,100.70043999112613,1.3450274111761582,27.586761146043443,False,-0.8450274111761582
M03,Smooth,6.25,1.5,0.9,1.32446057521874,26.556889849028916,704.1201506165269,99.89977642726554,1.385458450105827,28.07686791904615,False,-0.8854584501058269
M03,Smooth,6.25,1.5,0.95,1.3648916141484086,27.04699662203162,704.1566739668172,99.09911286340494,1.4258894890354956,28.566974692048856,False,-0.9258894890354956
M03,Smooth,6.25,1.5,1.0,1.4053226530780774,27.53710339503433,704.1931973171074,98.29844929954433,1.4663205279651643,29.057081465051564,False,-0.9663205279651643
M03,Smooth,6.25,1.5,1.05,1.4457536920077463,28.027210168037037,704.2297206673977,97.49778573568373,1.5067515668948332,29.54718823805427,False,-1.0067515668948332
M03,Smooth,6.25,1.5,1.1,1.486184730937415,28.517316941039745,704.266244017688,96.69712217182314,1.547182605824502,30.03729501105698,False,-1.047182605824502
M03,Smooth,6.25,1.5,1.15,1.5266157698670835,29.00742371404245,704.3027673679783,95.89645860796254,1.5876136447541704,30.527401784059684,False,-1.0876136447541704
M03,Smooth,6.25,1.75,0.85,1.4166630650075502,27.299376881842946,721.1326820282349,100.64417641721852,1.4776609398946372,28.81935495186018,False,-0.9776609398946372
M03,Smooth,6.25,1.75,0.9,1.4566640129222814,27.78263889717064,720.9190008920568,99.85737034229898,1.5176618878093684,29.302616967187873,False,-1.0176618878093684
M03,Smooth,6.25,1.75,0.95,1.4966649608370126,28.26590091249833,720.7053197558787,99.07056426737944,1.5576628357240996,29.785878982515566,False,-1.0576628357240996
M03,Smooth,6.25,1.75,1.0,1.5366659087517438,28.749162927826024,720.4916386197006,98.2837581924599,1.5976637836388308,30.26914099784326,False,-1.0976637836388308
M03,Smooth,6.25,1.75,1.05,1.5766668566664752,29.23242494315372,720.2779574835225,97.49695211754036,1.6376647315535622,30.752403013170955,False,-1.1376647315535622
M03,Smooth,6.25,1.75,1.1,1.6166678045812064,29.715686958481413,720.0642763473444,96.71014604262083,1.6776656794682934,31.235665028498648,False,-1.1776656794682934
M03,Smooth,6.25,1.75,1.15,1.6566687524959376,30.198948973809106,719.8505952111663,95.9233399677013,1.7176666273830246,31.71892704382634,False,-1.2176666273830246
M03,Smooth,6.25,2.0,0.85,1.549296593726029,28.531970687659683,738.1817367902331,100.5879128433109,1.610294468613116,30.051948757676918,False,-1.110294468613116
M03,Smooth,6.25,2.0,0.9,1.588867450625823,29.00838794531236,737.7178511675867,99.81496425733242,1.6498653255129099,30.528366015329595,False,-1.1498653255129099
M03,Smooth,6.25,2.0,0.95,1.6284383075256166,29.484805202965042,737.2539655449402,99.04201567135395,1.6894361824127035,31.004783272982277,False,-1.1894361824127035
M03,Smooth,6.25,2.0,1.0,1.6680091644254103,29.961222460617723,736.7900799222937,98.26906708537547,1.7290070393124972,31.481200530634958,False,-1.2290070393124972
M03,Smooth,6.25,2.0,1.05,1.7075800213252041,30.4376397182704,736.3261942996472,97.496118499397,1.7685778962122911,31.957617788287635,False,-1.2685778962122911
M03,Smooth,6.25,2.0,1.1,1.747150878224998,30.91405697592308,735.8623086770008,96.72316991341852,1.808148753112085,32.43403504594032,False,-1.308148753112085
M03,Smooth,6.25,2.0,1.15,1.7867217351247915,31.39047423357576,735.3984230543542,95.95022132744005,1.8477196100118785,32.910452303593,False,-1.3477196100118785
M03,Smooth,6.25,2.25,0.85,1.681930122444508,29.76456449347642,755.2307915522315,100.53164926940329,1.742927997331595,31.284542563493655,False,-1.242927997331595
M03,Smooth,6.25,2.25,0.9,1.7210708883293644,30.234136993454086,754.5167014431166,99.77255817236588,1.7820687632164514,31.75411506347132,False,-1.2820687632164514
M03,Smooth,6.25,2.25,0.95,1.7602116542142205,30.703709493431752,753.8026113340018,99.01346707532846,1.8212095291013075,32.22368756344899,False,-1.3212095291013075
M03,Smooth,6.25,2.25,1.0,1.799352420099077,31.173281993409418,753.0885212248869,98.25437597829105,1.8603502949861639,32.693260063426656,False,-1.3603502949861639
M03,Smooth,6.25,2.25,1.05,1.838493185983933,31.642854493387084,752.374431115772,97.49528488125362,1.89949106087102,33.16283256340432,False,-1.39949106087102
M03,Smooth,6.25,2.25,1.1,1.8776339518687895,32.11242699336475,751.6603410066572,96.73619378421621,1.9386318267558764,33.63240506338199,False,-1.4386318267558764
M03,Smooth,6.25,2.25,1.15,1.9167747177536456,32.581999493342416,750.9462508975423,95.9771026871788,1.9777725926407326,34.101977563359654,False,-1.4777725926407326
M03,Smooth,6.25,2.5,0.85,1.814563651162987,30.997158299293158,772.2798463142298,100.47538569549567,1.875561526050074,32.51713636931039,False,-1.375561526050074
M03,Smooth,6.25,2.5,0.9,1.8532743260329057,31.45988604159581,771.3155517186465,99.73015208739932,1.9142722009199926,32.97986411161305,False,-1.4142722009199926
M03,Smooth,6.25,2.5,0.95,1.8919850009028245,31.922613783898463,770.3512571230632,98.98491847930296,1.9529828757899115,33.4425918539157,False,-1.4529828757899115
M03,Smooth,6.25,2.5,1.0,1.9306956757727434,32.38534152620112,769.38696252748,98.23968487120662,1.9916935506598303,33.905319596218355,False,-1.4916935506598303
M03,Smooth,6.25,2.5,1.05,1.9694063506426622,32.848069268503764,768.4226679318967,97.49445126311026,2.030404225529749,34.368047338521,False,-1.530404225529749
M03,Smooth,6.25,2.5,1.1,2.008117025512581,33.31079701080642,767.4583733363135,96.74921765501391,2.0691149003996676,34.830775080823656,False,-1.5691149003996676
M03,Smooth,6.25,2.5,1.15,2.0468277003824995,33.77352475310907,766.4940787407303,96.00398404691757,2.1078255752695862,35.29350282312631,False,-1.6078255752695862
M03,Smooth,6.25,2.75,0.85,1.9471971798814658,32.229752105109895,789.328901076228,100.41912212158806,2.0081950547685525,33.749730175127134,False,-1.5081950547685525
M03,Smooth,6.25,2.75,0.9,1.9854777637364471,32.68563508973753,788.1144019941764,99.68774600243276,2.046475638623534,34.20561315975477,False,-1.546475638623534
M03,Smooth,6.25,2.75,0.95,2.0237583475914285,33.14151807436517,786.8999029121247,98.95636988327747,2.084756222478515,34.66149614438241,False,-1.5847562224785152
M03,Smooth,6.25,2.75,1.0,2.0620389314464096,33.59740105899281,785.6854038300731,98.22499376412219,2.1230368063334963,35.11737912901005,False,-1.6230368063334963
M03,Smooth,6.25,2.75,1.05,2.100319515301391,34.05328404362045,784.4709047480216,97.49361764496689,2.161317390188478,35.57326211363769,False,-1.661317390188478
M03,Smooth,6.25,2.75,1.1,2.1386000991563723,34.509167028248086,783.2564056659699,96.7622415258116,2.199597974043459,36.029145098265325,False,-1.699597974043459
M03,Smooth,6.25,2.75,1.15,2.1768806830113534,34.96505001287572,782.0419065839183,96.03086540665632,2.23787855789844,36.48502808289296,False,-1.7378785578984401
M03,Smooth,6.25,3.0,0.85,2.079830708599945,33.46234591092663,806.3779558382263,100.36285854768045,2.1408285834870315,34.98232398094387,False,-1.6408285834870315
M03,Smooth,6.25,3.0,0.9,2.117681201439989,33.91138413787926,804.9132522697063,99.64533991746622,2.1786790763270756,35.4313622078965,False,-1.6786790763270756
M03,Smooth,6.25,3.0,0.95,2.1555316942800324,34.360422364831884,803.4485487011863,98.92782128725199,2.216529569167119,35.88040043484912,False,-1.7165295691671192
M03,Smooth,6.25,3.0,1.0,2.193382187120076,34.80946059178451,801.9838451326663,98.21030265703776,2.254380062007163,36.329438661801746,False,-1.7543800620071628
M03,Smooth,6.25,3.0,1.05,2.23123267996012,35.25849881873713,800.5191415641463,97.49278402682353,2.292230554847207,36.77847688875437,False,-1.7922305548472068
M03,Smooth,6.25,3.0,1.1,2.269083172800164,35.707537045689755,799.0544379956262,96.7752653966093,2.330081047687251,37.22751511570699,False,-1.8300810476872509
M03,Smooth,6.25,3.0,1.15,2.3069336656402077,36.15657527264238,797.5897344271062,96.05774676639507,2.3679315405272945,37.676553342659616,False,-1.8679315405272945
M03,Smooth,6.25,3.25,0.85,2.212464237318424,34.69493971674337,823.4270106002245,100.30659497377282,2.2734621122055105,36.21491778676061,False,-1.7734621122055105
M03,Smooth,6.25,3.25,0.9,2.24988463914353,35.13713318602098,821.7121025452362,99.60293383249966,2.3108825140306166,36.65711125603822,False,-1.8108825140306166
M03,Smooth,6.25,3.25,0.95,2.2873050409686364,35.579326655298594,819.9971944902478,98.89927269122649,2.348302915855723,37.09930472531583,False,-1.8483029158557231
M03,Smooth,6.25,3.25,1.0,2.324725442793743,36.0215201245762,818.2822864352594,98.19561154995333,2.3857233176808297,37.54149819459344,False,-1.8857233176808297
M03,Smooth,6.25,3.25,1.05,2.362145844618849,36.46371359385381,816.5673783802711,97.49195040868015,2.4231437195059358,37.98369166387105,False,-1.9231437195059358
M03,Smooth,6.25,3.25,1.1,2.3995662464439556,36.90590706313142,814.8524703252826,96.788289267407,2.4605641213310423,38.42588513314866,False,-1.9605641213310423
M03,Smooth,6.25,3.25,1.15,2.4369866482690616,37.348100532409035,813.1375622702942,96.08462812613382,2.4979845231561484,38.86807860242627,False,-1.9979845231561484
M03,Smooth,6.25,3.5,0.85,2.345097766036903,35.927533522560104,840.4760653622229,100.2503313998652,2.4060956409239895,37.44751159257734,False,-1.9060956409239895
M03,Smooth,6.25,3.5,0.9,2.3820880768470714,36.362882234162704,838.5109528207661,99.5605277475331,2.443085951734158,37.88286030417994,False,-1.943085951734158
M03,Smooth,6.25,3.5,0.95,2.4190783876572404,36.7982309457653,836.5458402793093,98.870724095201,2.480076262544327,38.318209015782536,False,-1.9800762625443271
M03,Smooth,6.25,3.5,1.0,2.4560686984674094,37.2335796573679,834.5807277378525,98.1809204428689,2.517066573354496,38.753557727385136,False,-2.017066573354496
M03,Smooth,6.25,3.5,1.05,2.493059009277578,37.6689283689705,832.6156151963958,97.4911167905368,2.5540568841646647,39.188906438987736,False,-2.0540568841646647
M03,Smooth,6.25,3.5,1.1,2.530049320087747,38.10427708057309,830.650502654939,96.80131313820468,2.5910471949748337,39.62425515059033,False,-2.0910471949748337
M03,Smooth,6.25,3.5,1.15,2.5670396308979155,38.53962579217569,828.6853901134822,96.11150948587257,2.6280375057850023,40.05960386219293,False,-2.1280375057850023
M03,Smooth,6.5,1.5,0.85,1.331505815957401,26.259015017245048,704.0818906645577,100.2366816457315,1.3925036908444879,27.778993087262283,False,-0.8925036908444879
M03,Smooth,6.5,1.5,0.9,1.3712538268149128,26.753266656556832,703.8893199990364,99.42106244976588,1.4322517017019998,28.273244726574067,False,-0.9322517017019998
M03,Smooth,6.5,1.5,0.95,1.4110018376724245,27.24751829586862,703.6967493335151,98.60544325380029,1.4719997125595115,28.767496365885854,False,-0.9719997125595115
M03,Smooth,6.5,1.5,1.0,1.4507498485299364,27.741769935180404,703.5041786679938,97.78982405783468,1.5117477234170233,29.26174800519764,False,-1.0117477234170233
M03,Smooth,6.5,1.5,1.05,1.490497859387448,28.23602157449219,703.3116080024724,96.97420486186907,1.551495734274535,29.755999644509426,False,-1.051495734274535
M03,Smooth,6.5,1.5,1.1,1.53024587024496,28.73027321380398,703.1190373369511,96.15858566590347,1.591243745132047,30.250251283821214,False,-1.091243745132047
M03,Smooth,6.5,1.5,1.15,1.5699938811024716,29.224524853115764,702.9264666714298,95.34296646993786,1.6309917559895586,30.744502923133,False,-1.1309917559895586
M03,Smooth,6.5,1.75,0.85,1.4678091032736056,27.50663611529402,721.2064169589162,100.18159781823846,1.5288069781606926,29.026614185311256,False,-1.0288069781606926
M03,Smooth,6.5,1.75,0.9,1.50712702311618,27.994042996930798,720.7636418069264,99.37983611121392,1.568124898003267,29.514021066948033,False,-1.068124898003267
M03,Smooth,6.5,1.75,0.95,1.5464449429587541,28.481449878567567,720.3208666549368,98.57807440418937,1.607442817845841,30.0014279485848,False,-1.107442817845841
M03,Smooth,6.5,1.75,1.0,1.5857628628013285,28.96885676020434,719.8780915029471,97.77631269716483,1.6467607376884155,30.488834830221574,False,-1.1467607376884155
M03,Smooth,6.5,1.75,1.05,1.6250807826439029,29.456263641841115,719.4353163509574,96.97455099014029,1.6860786575309898,30.97624171185835,False,-1.1860786575309898
M03,Smooth,6.5,1.75,1.1,1.6643987024864773,29.943670523477888,718.9925411989677,96.17278928311575,1.7253965773735642,31.463648593495122,False,-1.2253965773735642
M03,Smooth,6.5,1.75,1.15,1.7037166223290514,30.431077405114657,718.549766046978,95.37102757609121,1.7647144972161384,31.95105547513189,False,-1.2647144972161384
M03,Smooth,6.5,2.0,0.85,1.6041123905898103,28.754257213343,738.3309432532747,100.12651399074542,1.6651102654768972,30.274235283360234,False,-1.1651102654768972
M03,Smooth,6.5,2.0,0.9,1.6430002194174471,29.23481933730476,737.6379636148165,99.33860977266194,1.703998094304534,30.754797407321995,False,-1.203998094304534
M03,Smooth,6.5,2.0,0.95,1.681888048245084,29.715381461266517,736.9449839763585,98.55070555457846,1.742885923132171,31.235359531283752,False,-1.242885923132171
M03,Smooth,6.5,2.0,1.0,1.7207758770727208,30.195943585228278,736.2520043379003,97.76280133649497,1.7817737519598078,31.715921655245513,False,-1.2817737519598078
M03,Smooth,6.5,2.0,1.05,1.7596637059003577,30.676505709190035,735.5590246994423,96.9748971184115,1.8206615807874447,32.19648377920727,False,-1.3206615807874447
M03,Smooth,6.5,2.0,1.1,1.7985515347279943,31.157067833151796,734.8660450609842,96.18699290032802,1.8595494096150813,32.67704590316903,False,-1.3595494096150813
M03,Smooth,6.5,2.0,1.15,1.8374393635556312,31.637629957113553,734.1730654225261,95.39908868224454,1.8984372384427182,33.15760802713079,False,-1.3984372384427182
M03,Smooth,6.5,2.25,0.85,1.740415677906015,30.001878311391977,755.455469547633,100.07143016325239,1.801413552793102,31.52185638140921,False,-1.301413552793102
M03,Smooth,6.5,2.25,0.9,1.7788734157187145,30.475595677678722,754.5122854227066,99.29738343410997,1.8398712906058015,31.995573747695957,False,-1.3398712906058015
M03,Smooth,6.5,2.25,0.95,1.8173311535314136,30.949313043965468,753.5691012977801,98.52333670496755,1.8783290284185006,32.469291113982706,False,-1.3783290284185006
M03,Smooth,6.5,2.25,1.0,1.855788891344113,31.423030410252213,752.6259171728536,97.74928997582514,1.9167867662312,32.94300848026945,False,-1.4167867662312
M03,Smooth,6.5,2.25,1.05,1.8942466291568123,31.89674777653896,751.6827330479272,96.97524324668271,1.9552445040438993,33.4167258465562,False,-1.4552445040438993
M03,Smooth,6.5,2.25,1.1,1.9327043669695116,32.3704651428257,750.7395489230007,96.2011965175403,1.9937022418565986,33.89044321284294,False,-1.4937022418565986
M03,Smooth,6.5,2.25,1.15,1.971162104782211,32.84418250911245,749.7963647980743,95.42714978839787,2.0321599796692977,34.36416057912969,False,-1.5321599796692977
M03,Smooth,6.5,2.5,0.85,1.8767189652222196,31.249499409440954,772.5799958419915,100.01634633575935,1.9377168401093066,32.76947747945819,False,-1.4377168401093066
M03,Smooth,6.5,2.5,0.9,1.9147466120199816,31.716372018052688,771.3866072305966,99.256157095558,1.9757444869070686,33.236350088069926,False,-1.4757444869070686
M03,Smooth,6.5,2.5,0.95,1.9527742588177432,32.18324462666442,770.1932186192017,98.49596785535664,2.01377213370483,33.70322269668166,False,-1.5137721337048302
M03,Smooth,6.5,2.5,1.0,1.9908019056155053,32.65011723527615,768.999830007807,97.73577861515528,2.0517997805025923,34.17009530529339,False,-1.5517997805025923
M03,Smooth,6.5,2.5,1.05,2.028829552413267,33.11698984388788,767.8064413964121,96.97558937495393,2.089827427300354,34.63696791390512,False,-1.5898274273003539
M03,Smooth,6.5,2.5,1.1,2.066857199211029,33.58386245249961,766.6130527850172,96.21540013475257,2.127855074098116,35.10384052251685,False,-1.627855074098116
M03,Smooth,6.5,2.5,1.15,2.1048848460087908,34.05073506111134,765.4196641736224,95.45521089455121,2.1658827208958775,35.57071313112858,False,-1.6658827208958775
M03,Smooth,6.5,2.75,0.85,2.0130222525384243,32.49712050748993,789.7045221363499,99.96126250826632,2.074020127425511,34.01709857750717,False,-1.574020127425511
M03,Smooth,6.5,2.75,0.9,2.050619808321249,32.95714835842665,788.2609290384867,99.21493075700603,2.1116176832083355,34.47712642844389,False,-1.6116176832083355
M03,Smooth,6.5,2.75,0.95,2.088217364104073,33.41717620936337,786.8173359406235,98.46859900574573,2.1492152389911596,34.93715427938061,False,-1.6492152389911596
M03,Smooth,6.5,2.75,1.0,2.1258149198868974,33.87720406030009,785.3737428427602,97.72226725448543,2.186812794773984,35.397182130317326,False,-1.6868127947739842
M03,Smooth,6.5,2.75,1.05,2.163412475669722,34.3372319112368,783.930149744897,96.97593550322513,2.2244103505568087,35.85720998125404,False,-1.7244103505568087
M03,Smooth,6.5,2.75,1.1,2.201010031452546,34.79725976217352,782.4865566470337,96.22960375196485,2.262007906339633,36.317237832190756,False,-1.7620079063396328
M03,Smooth,6.5,2.75,1.15,2.2386075872353706,35.257287613110236,781.0429635491705,95.48327200070455,2.2996054621224573,36.777265683127474,False,-1.7996054621224573
M03,Smooth,6.5,3.0,0.85,2.149325539854629,33.744741605538906,806.8290484307083,99.90617868077328,2.210323414741716,35.264719675556144,False,-1.710323414741716
M03,Smooth,6.5,3.0,0.9,2.186493004622516,34.19792469880061,805.1352508463767,99.17370441845405,2.247490879509603,35.71790276881785,False,-1.747490879509603
M03,Smooth,6.5,3.0,0.95,2.2236604693904027,34.65110779206232,803.4414532620451,98.44123015613482,2.2846583442774895,36.17108586207956,False,-1.7846583442774895
M03,Smooth,6.5,3.0,1.0,2.2608279341582898,35.10429088532402,801.7476556777135,97.70875589381558,2.3218258090453765,36.62426895534126,False,-1.8218258090453765
M03,Smooth,6.5,3.0,1.05,2.2979953989261768,35.557473978585726,800.0538580933819,96.97628163149635,2.3589932738132635,37.077452048602964,False,-1.8589932738132635
M03,Smooth,6.5,3.0,1.1,2.3351628636940633,36.010657071847426,798.3600605090503,96.24380736917712,2.39616073858115,37.530635141864664,False,-1.89616073858115
M03,Smooth,6.5,3.0,1.15,2.3723303284619504,36.46384016510913,796.6662629247187,95.51133310685789,2.433328203349037,37.98381823512637,False,-1.933328203349037
M03,Smooth,6.5,3.25,0.85,2.2856288271708336,34.99236270358789,823.9535747250667,99.85109485328024,2.3466267020579203,36.512340773605125,False,-1.8466267020579203
M03,Smooth,6.5,3.25,0.9,2.322366200923783,35.438701039174575,822.0095726542668,99.13247807990207,2.38336407581087,36.95867910919181,False,-1.8833640758108698
M03,Smooth,6.5,3.25,0.95,2.3591035746767326,35.88503937476126,820.0655705834668,98.41386130652391,2.4201014495638193,37.4050174447785,False,-1.9201014495638193
M03,Smooth,6.5,3.25,1.0,2.395840948429682,36.33137771034796,818.1215685126667,97.69524453314574,2.456838823316769,37.851355780365196,False,-1.9568388233167688
M03,Smooth,6.5,3.25,1.05,2.432578322182631,36.777716045934646,816.1775664418668,96.97662775976757,2.493576197069718,38.297694115951884,False,-1.993576197069718
M03,Smooth,6.5,3.25,1.1,2.4693156959355806,37.224054381521334,814.2335643710668,96.2580109863894,2.5303135708226674,38.74403245153857,False,-2.0303135708226674
M03,Smooth,6.5,3.25,1.15,2.50605306968853,37.67039271710802,812.2895623002668,95.53939421301122,2.567050944575617,39.19037078712526,False,-2.067050944575617
M03,Smooth,6.5,3.5,0.85,2.4219321144870385,36.23998380163686,841.0781010194252,99.79601102578722,2.4829299893741252,37.7599618716541,False,-1.9829299893741252
M03,Smooth,6.5,3.5,0.9,2.4582393972250505,36.67947737954854,838.8838944621568,99.0912517413501,2.519237272112137,38.199455449565775,False,-2.019237272112137
M03,Smooth,6.5,3.5,0.95,2.494546679963062,37.11897095746021,836.6896879048884,98.38649245691299,2.5555445548501488,38.63894902747745,False,-2.0555445548501488
M03,Smooth,6.5,3.5,1.0,2.530853962701074,37.55846453537189,834.4954813476201,97.68173317247589,2.5918518375881607,39.07844260538913,False,-2.0918518375881607
M03,Smooth,6.5,3.5,1.05,2.567161245439086,37.997958113283566,832.3012747903517,96.97697388803877,2.6281591203261727,39.517936183300804,False,-2.1281591203261727
M03,Smooth,6.5,3.5,1.1,2.603468528177098,38.43745169119524,830.1070682330833,96.27221460360167,2.6644664030641847,39.95742976121248,False,-2.1644664030641847
M03,Smooth,6.5,3.5,1.15,2.63977581091511,38.87694526910692,827.912861675815,95.56745531916455,2.7007736858021967,40.39692333912416,False,-2.2007736858021967
M03,Textured,4.5,1.5,0.85,1.413744305087649,18.526164130934138,724.9509813443373,104.24704173492265,1.474742179974736,20.046142200951373,False,-0.974742179974736
M03,Textured,4.5,1.5,0.9,1.4589565405224163,18.98725683977329,726.5911628053087,103.55106759579708,1.5199544154095033,20.507234909790526,False,-1.0199544154095033
M03,Textured,4.5,1.5,0.95,1.5041687759571838,19.448349548612445,728.2313442662802,102.85509345667153,1.5651666508442708,20.96832761862968,False,-1.0651666508442708
M03,Textured,4.5,1.5,1.0,1.549381011391951,19.9094422574516,729.8715257272517,102.15911931754596,1.610378886279038,21.429420327468836,False,-1.110378886279038
M03,Textured,4.5,1.5,1.05,1.5945932468267185,20.370534966290755,731.5117071882231,101.46314517842039,1.6555911217138055,21.89051303630799,False,-1.1555911217138055
M03,Textured,4.5,1.5,1.1,1.639805482261486,20.83162767512991,733.1518886491946,100.76717103929482,1.700803357148573,22.351605745147143,False,-1.200803357148573
M03,Textured,4.5,1.5,1.15,1.685017717696253,21.292720383969062,734.792070110166,100.07119690016927,1.74601559258334,22.812698453986297,False,-1.24601559258334
M03,Textured,4.5,1.75,0.85,1.527663469291559,19.312823601598147,740.8087743902381,104.23196295625425,1.588661344178646,20.832801671615382,False,-1.088661344178646
M03,Textured,4.5,1.75,0.9,1.572445613711389,19.76707155276229,742.1987513647412,103.54984630606974,1.6334434885984759,21.287049622779524,False,-1.1334434885984759
M03,Textured,4.5,1.75,0.95,1.6172277581312187,20.221319503926427,743.5887283392442,102.86772965588524,1.6782256330183056,21.741297573943662,False,-1.1782256330183056
M03,Textured,4.5,1.75,1.0,1.6620099025510486,20.67556745509057,744.9787053137474,102.18561300570074,1.7230077774381356,22.195545525107804,False,-1.2230077774381356
M03,Textured,4.5,1.75,1.05,1.7067920469708786,21.12981540625471,746.3686822882504,101.50349635551623,1.7677899218579656,22.649793476271945,False,-1.2677899218579656
M03,Textured,4.5,1.75,1.1,1.7515741913907084,21.584063357418852,747.7586592627534,100.82137970533174,1.8125720662777953,23.104041427436087,False,-1.3125720662777953
M03,Textured,4.5,1.75,1.15,1.796356335810538,22.03831130858299,749.1486362372566,100.13926305514724,1.857354210697625,23.558289378600225,False,-1.357354210697625
M03,Textured,4.5,2.0,0.85,1.6415826334954688,20.099483072262156,756.666567436139,104.21688417758584,1.7025805083825558,21.61946114227939,False,-1.2025805083825558
M03,Textured,4.5,2.0,0.9,1.6859346869003613,20.546886265751287,757.8063399241736,103.5486250163424,1.7469325617874483,22.06686433576852,False,-1.2469325617874483
M03,Textured,4.5,2.0,0.95,1.7302867403052538,20.994289459240413,758.9461124122083,102.88036585509896,1.7912846151923407,22.514267529257648,False,-1.2912846151923407
M03,Textured,4.5,2.0,1.0,1.7746387937101462,21.44169265272954,760.0858849002431,102.21210669385552,1.8356366685972332,22.961670722746774,False,-1.3356366685972332
M03,Textured,4.5,2.0,1.05,1.8189908471150387,21.889095846218666,761.2256573882777,101.54384753261208,1.8799887220021256,23.4090739162359,False,-1.3799887220021256
M03,Textured,4.5,2.0,1.1,1.8633429005199311,22.336499039707792,762.3654298763124,100.87558837136864,1.924340775407018,23.856477109725027,False,-1.424340775407018
M03,Textured,4.5,2.0,1.15,1.9076949539248234,22.78390223319692,763.505202364347,100.2073292101252,1.9686928288119103,24.303880303214154,False,-1.4686928288119103
M03,Textured,4.5,2.25,0.85,1.755501797699379,20.88614254292617,772.5243604820398,104.20180539891744,1.816499672586466,22.406120612943404,False,-1.316499672586466
M03,Textured,4.5,2.25,0.9,1.799423760089334,21.32670097874028,773.4139284836061,103.54740372661506,1.8604216349764209,22.846679048757515,False,-1.3604216349764209
M03,Textured,4.5,2.25,0.95,1.8433457224792886,21.767259414554395,774.3034964851723,102.89300205431269,1.9043435973663756,23.28723748457163,False,-1.4043435973663756
M03,Textured,4.5,2.25,1.0,1.8872676848692438,22.207817850368507,775.1930644867386,102.2386003820103,1.9482655597563308,23.72779592038574,False,-1.4482655597563308
M03,Textured,4.5,2.25,1.05,1.9311896472591987,22.64837628618262,776.082632488305,101.58419870970792,1.9921875221462857,24.168354356199856,False,-1.4921875221462857
M03,Textured,4.5,2.25,1.1,1.9751116096491537,23.088934721996736,776.9722004898713,100.92979703740555,2.0361094845362406,24.60891279201397,False,-1.5361094845362406
M03,Textured,4.5,2.25,1.15,2.0190335720391084,23.529493157810847,777.8617684914376,100.27539536510317,2.080031446926195,25.049471227828082,False,-1.5800314469261951
M03,Textured,4.5,2.5,0.85,1.8694209619032889,21.67280201359018,788.3821535279405,104.18672662024903,1.9304188367903758,23.192780083607413,False,-1.4304188367903758
M03,Textured,4.5,2.5,0.9,1.9129128332783063,22.106515691729278,789.0215170430386,103.54618243688772,1.9739107081653933,23.626493761746513,False,-1.4739107081653933
M03,Textured,4.5,2.5,0.95,1.9564047046533237,22.540229369868378,789.6608805581365,102.9056382535264,2.0174025795404105,24.060207439885613,False,-1.5174025795404105
M03,Textured,4.5,2.5,1.0,1.9998965760283411,22.973943048007477,790.3002440732344,102.26509407016509,2.060894450915428,24.493921118024712,False,-1.560894450915428
M03,Textured,4.5,2.5,1.05,2.0433884474033586,23.407656726146577,790.9396075883324,101.62454988680376,2.1043863222904453,24.92763479616381,False,-1.6043863222904453
M03,Textured,4.5,2.5,1.1,2.086880318778376,23.841370404285676,791.5789711034303,100.98400570344245,2.1478781936654627,25.36134847430291,False,-1.6478781936654627
M03,Textured,4.5,2.5,1.15,2.1303721901533934,24.275084082424776,792.2183346185282,100.34346152008114,2.19137006504048,25.79506215244201,False,-1.6913700650404802
M03,Textured,4.5,2.75,0.85,1.9833401261071988,22.459461484254188,804.2399465738414,104.17164784158064,2.0443380009942858,23.979439554271423,False,-1.5443380009942858
M03,Textured,4.5,2.75,0.9,2.026401906467279,22.886330404718276,804.629105602471,103.54496114716038,2.0873997813543657,24.40630847473551,False,-1.5873997813543657
M03,Textured,4.5,2.75,0.95,2.069463686827359,23.31319932518236,805.0182646311006,102.91827445274012,2.1304615617144456,24.833177395199595,False,-1.6304615617144456
M03,Textured,4.5,2.75,1.0,2.1125254671874387,23.740068245646448,805.4074236597301,102.29158775831986,2.1735233420745255,25.260046315663683,False,-1.6735233420745255
M03,Textured,4.5,2.75,1.05,2.1555872475475186,24.166937166110532,805.7965826883596,101.6649010638996,2.2165851224346054,25.686915236127767,False,-1.7165851224346054
M03,Textured,4.5,2.75,1.1,2.1986490279075985,24.59380608657462,806.1857417169891,101.03821436947936,2.2596469027946853,26.113784156591855,False,-1.7596469027946853
M03,Textured,4.5,2.75,1.15,2.2417108082676784,25.020675007038705,806.5749007456187,100.4115276750591,2.302708683154765,26.54065307705594,False,-1.8027086831547652
M03,Textured,4.5,3.0,0.85,2.0972592903111087,23.2461209549182,820.0977396197422,104.15656906291223,2.1582571651981954,24.766099024935436,False,-1.6582571651981954
M03,Textured,4.5,3.0,0.9,2.1398909796562515,23.666145117707273,820.2366941619034,103.54373985743304,2.2008888545433383,25.186123187724508,False,-1.7008888545433383
M03,Textured,4.5,3.0,0.95,2.182522669001394,24.086169280496343,820.3756487040646,102.93091065195384,2.2435205438884807,25.606147350513577,False,-1.7435205438884807
M03,Textured,4.5,3.0,1.0,2.2251543583465363,24.506193443285415,820.5146032462258,102.31808144647465,2.286152233233623,26.02617151330265,False,-1.786152233233623
M03,Textured,4.5,3.0,1.05,2.2677860476916787,24.926217606074488,820.6535577883869,101.70525224099546,2.3287839225787654,26.446195676091723,False,-1.8287839225787654
M03,Textured,4.5,3.0,1.1,2.310417737036821,25.34624176886356,820.7925123305481,101.09242303551626,2.371415611923908,26.866219838880795,False,-1.8714156119239078
M03,Textured,4.5,3.0,1.15,2.3530494263819635,25.76626593165263,820.9314668727093,100.47959383003708,2.41404730126905,27.286244001669864,False,-1.9140473012690502
M03,Textured,4.5,3.25,0.85,2.211178454515019,24.03278042558221,835.9555326656431,104.14149028424383,2.2721763294021056,25.552758495599445,False,-1.7721763294021056
M03,Textured,4.5,3.25,0.9,2.2533800528452237,24.445959830696268,835.8442827213358,103.5425185677057,2.3143779277323104,25.965937900713502,False,-1.8143779277323104
M03,Textured,4.5,3.25,0.95,2.295581651175429,24.85913923581033,835.7330327770287,102.94354685116757,2.3565795260625158,26.379117305827563,False,-1.8565795260625158
M03,Textured,4.5,3.25,1.0,2.337783249505634,25.272318640924386,835.6217828327215,102.34457513462944,2.3987811243927206,26.79229671094162,False,-1.8987811243927206
M03,Textured,4.5,3.25,1.05,2.3799848478358387,25.685498046038443,835.5105328884142,101.7456034180913,2.4409827227229255,27.205476116055678,False,-1.9409827227229255
M03,Textured,4.5,3.25,1.1,2.422186446166044,26.098677451152504,835.399282944107,101.14663170155318,2.483184321053131,27.61865552116974,False,-1.9831843210531308
M03,Textured,4.5,3.25,1.15,2.4643880444962485,26.511856856266558,835.2880329997998,100.54765998501504,2.5253859193833352,28.031834926283793,False,-2.0253859193833352
M03,Textured,4.5,3.5,0.85,2.325097618718929,24.81943989624622,851.8133257115439,104.12641150557542,2.3860954936060157,26.339417966263454,False,-1.8860954936060157
M03,Textured,4.5,3.5,0.9,2.3668691260341963,25.225774543685265,851.4518712807684,103.54129727797836,2.427867000921283,26.7457526137025,False,-1.927867000921283
M03,Textured,4.5,3.5,0.95,2.4086406333494637,25.63210919112431,851.0904168499927,102.95618305038128,2.4696385082365504,27.152087261141546,False,-1.9696385082365504
M03,Textured,4.5,3.5,1.0,2.4504121406647315,26.038443838563353,850.7289624192172,102.37106882278421,2.511410015551818,27.558421908580588,False,-2.011410015551818
M03,Textured,4.5,3.5,1.05,2.492183647979999,26.4447784860024,850.3675079884415,101.78595459518715,2.5531815228670856,27.964756556019633,False,-2.0531815228670856
M03,Textured,4.5,3.5,1.1,2.5339551552952666,26.851113133441444,850.006053557666,101.20084036759008,2.5949530301823533,28.37109120345868,False,-2.0949530301823533
M03,Textured,4.5,3.5,1.15,2.575726662610534,27.257447780880486,849.6445991268903,100.615726139993,2.6367245374976207,28.77742585089772,False,-2.1367245374976207
M03,Textured,4.75,1.5,0.85,1.4612205847559787,18.718396072152977,724.9492447426584,103.78328338952801,1.5222184596430657,20.238374142170212,False,-1.0222184596430657
M03,Textured,4.75,1.5,0.9,1.5057497921185892,19.18363364730121,726.3603321878182,103.07235361829744,1.5667476670056761,20.703611717318445,False,-1.0667476670056761
M03,Textured,4.75,1.5,0.95,1.5502789994811996,19.648871222449444,727.7714196329781,102.36142384706687,1.6112768743682866,21.16884929246668,False,-1.1112768743682866
M03,Textured,4.75,1.5,1.0,1.59480820684381,20.114108797597677,729.182507078138,101.6504940758363,1.655806081730897,21.63408686761491,False,-1.155806081730897
M03,Textured,4.75,1.5,1.05,1.6393374142064205,20.57934637274591,730.5935945232978,100.93956430460572,1.7003352890935075,22.099324442763145,False,-1.2003352890935075
M03,Textured,4.75,1.5,1.1,1.683866621569031,21.044583947894143,732.0046819684577,100.22863453337516,1.744864496456118,22.564562017911378,False,-1.244864496456118
M03,Textured,4.75,1.5,1.15,1.7283958289316412,21.509821523042376,733.4157694136176,99.51770476214459,1.7893937038187282,23.02979959305961,False,-1.2893937038187282
M03,Textured,4.75,1.75,0.85,1.5788095075576145,19.520082835049227,740.8825093209194,103.76938435727419,1.6398073824447015,21.04006090506646,False,-1.1398073824447015
M03,Textured,4.75,1.75,0.9,1.6229086239052875,19.978475652522448,742.0433922796109,103.07231207498468,1.6839064987923744,21.498453722539683,False,-1.1839064987923744
M03,Textured,4.75,1.75,0.95,1.6670077402529604,20.436868469995666,743.2042752383023,102.37523979269517,1.7280056151400474,21.9568465400129,False,-1.2280056151400474
M03,Textured,4.75,1.75,1.0,1.7111068566006333,20.895261287468884,744.3651581969938,101.67816751040566,1.7721047314877203,22.41523935748612,False,-1.2721047314877203
M03,Textured,4.75,1.75,1.05,1.7552059729483063,21.353654104942105,745.5260411556853,100.98109522811616,1.8162038478353932,22.87363217495934,False,-1.3162038478353932
M03,Textured,4.75,1.75,1.1,1.7993050892959792,21.812046922415327,746.6869241143768,100.28402294582665,1.8603029641830662,23.33202499243256,False,-1.3603029641830662
M03,Textured,4.75,1.75,1.15,1.843404205643652,22.270439739888545,747.8478070730682,99.58695066353714,1.904402080530739,23.79041780990578,False,-1.404402080530739
M03,Textured,4.75,2.0,0.85,1.6963984303592503,20.321769597945476,756.8157738991804,103.75548532502036,1.7573963052463373,21.84174766796271,False,-1.2573963052463373
M03,Textured,4.75,2.0,0.9,1.7400674556919857,20.773317657743682,757.7264523714034,103.07227053167192,1.8010653305790727,22.293295727760917,False,-1.3010653305790727
M03,Textured,4.75,2.0,0.95,1.7837364810247212,21.22486571754189,758.6371308436266,102.38905573832348,1.8447343559118081,22.744843787559123,False,-1.3447343559118081
M03,Textured,4.75,2.0,1.0,1.8274055063574566,21.676413777340095,759.5478093158497,101.70584094497502,1.8884033812445435,23.19639184735733,False,-1.3884033812445435
M03,Textured,4.75,2.0,1.05,1.871074531690192,22.1279618371383,760.4584877880727,101.02262615162658,1.932072406577279,23.647939907155536,False,-1.432072406577279
M03,Textured,4.75,2.0,1.1,1.9147435570229276,22.579509896936507,761.3691662602959,100.33941135827814,1.9757414319100146,24.099487966953742,False,-1.4757414319100146
M03,Textured,4.75,2.0,1.15,1.9584125823556628,23.03105795673471,762.2798447325189,99.65619656492969,2.0194104572427496,24.551036026751945,False,-1.5194104572427496
M03,Textured,4.75,2.25,0.85,1.8139873531608859,21.123456360841725,772.7490384774413,103.74158629276654,1.8749852280479729,22.64343443085896,False,-1.3749852280479729
M03,Textured,4.75,2.25,0.9,1.857226287478684,21.56815966296492,773.409512463196,103.07222898835916,1.918224162365771,23.088137732982155,False,-1.418224162365771
M03,Textured,4.75,2.25,0.95,1.900465221796482,22.01286296508811,774.0699864489508,102.40287168395177,1.9614630966835689,23.532841035105346,False,-1.4614630966835689
M03,Textured,4.75,2.25,1.0,1.9437041561142798,22.457566267211302,774.7304604347055,101.73351437954439,2.004702031001367,23.977544337228537,False,-1.5047020310013668
M03,Textured,4.75,2.25,1.05,1.986943090432078,22.902269569334496,775.3909344204602,101.064157075137,2.0479409653191647,24.42224763935173,False,-1.5479409653191647
M03,Textured,4.75,2.25,1.1,2.030182024749876,23.346972871457687,776.0514084062149,100.39479977072962,2.0911798996369626,24.866950941474922,False,-1.5911798996369626
M03,Textured,4.75,2.25,1.15,2.0734209590676738,23.79167617358088,776.7118823919697,99.72544246632224,2.1344188339547605,25.311654243598113,False,-1.6344188339547605
M03,Textured,4.75,2.5,0.85,1.9315762759625217,21.92514312373798,788.6823030557023,103.72768726051272,1.9925741508496086,23.445121193755213,False,-1.4925741508496086
M03,Textured,4.75,2.5,0.9,1.9743851192653823,22.363001668186154,789.0925725549887,103.0721874450464,2.035382994152469,23.88297973820339,False,-1.535382994152469
M03,Textured,4.75,2.5,0.95,2.0171939625682427,22.800860212634333,789.502842054275,102.41668762958008,2.0781918374553294,24.320838282651568,False,-1.5781918374553294
M03,Textured,4.75,2.5,1.0,2.060002805871103,23.238718757082513,789.9131115535613,101.76118781411375,2.12100068075819,24.758696827099747,False,-1.6210006807581898
M03,Textured,4.75,2.5,1.05,2.1028116491739635,23.676577301530692,790.3233810528476,101.10568799864743,2.16380952406105,25.196555371547927,False,-1.6638095240610502
M03,Textured,4.75,2.5,1.1,2.1456204924768243,24.11443584597887,790.733650552134,100.45018818318111,2.206618367363911,25.634413915996106,False,-1.706618367363911
M03,Textured,4.75,2.5,1.15,2.1884293357796847,24.552294390427047,791.1439200514203,99.79468836771478,2.2494272106667714,26.07227246044428,False,-1.7494272106667714
M03,Textured,4.75,2.75,0.85,2.0491651987641575,22.726829886634228,804.6155676339633,103.71378822825889,2.1101630736512442,24.246807956651462,False,-1.6101630736512442
M03,Textured,4.75,2.75,0.9,2.0915439510520804,23.157843673407392,804.7756326467812,103.07214590173363,2.152541825939167,24.677821743424627,False,-1.652541825939167
M03,Textured,4.75,2.75,0.95,2.1339227033400032,23.588857460180556,804.9356976595992,102.43050357520838,2.19492057822709,25.10883553019779,False,-1.69492057822709
M03,Textured,4.75,2.75,1.0,2.1763014556279265,24.01987124695372,805.0957626724171,101.78886124868312,2.2372993305150133,25.539849316970955,False,-1.7372993305150133
M03,Textured,4.75,2.75,1.05,2.2186802079158494,24.450885033726887,805.2558276852351,101.14721892215786,2.279678082802936,25.970863103744122,False,-1.7796780828029362
M03,Textured,4.75,2.75,1.1,2.2610589602037723,24.88189882050005,805.4158926980531,100.50557659563259,2.322056835090859,26.401876890517286,False,-1.822056835090859
M03,Textured,4.75,2.75,1.15,2.303437712491695,25.312912607273216,805.575957710871,99.86393426910733,2.364435587378782,26.83289067729045,False,-1.864435587378782
M03,Textured,4.75,3.0,0.85,2.166754121565793,23.528516649530477,820.5488322122243,103.69988919600507,2.22775199645288,25.048494719547712,False,-1.7277519964528798
M03,Textured,4.75,3.0,0.9,2.208702782838779,23.95268567862863,820.4586927385739,103.07210435842087,2.2697006577258656,25.472663748645864,False,-1.7697006577258656
M03,Textured,4.75,3.0,0.95,2.250651444111764,24.37685470772678,820.3685532649234,102.44431952083669,2.311649318998851,25.896832777744013,False,-1.811649318998851
M03,Textured,4.75,3.0,1.0,2.2926001053847496,24.80102373682493,820.278413791273,101.81653468325248,2.3535979802718363,26.321001806842165,False,-1.8535979802718363
M03,Textured,4.75,3.0,1.05,2.3345487666577354,25.225192765923083,820.1882743176226,101.18874984566828,2.395546641544822,26.745170835940318,False,-1.895546641544822
M03,Textured,4.75,3.0,1.1,2.3764974279307207,25.649361795021232,820.0981348439722,100.56096500808408,2.4374953028178075,27.169339865038467,False,-1.9374953028178075
M03,Textured,4.75,3.0,1.15,2.418446089203706,26.07353082411938,820.0079953703217,99.93318017049988,2.479443964090793,27.593508894136615,False,-1.9794439640907928
M03,Textured,4.75,3.25,0.85,2.284343044367429,24.330203412426727,836.4820967904852,103.68599016375126,2.345340919254516,25.85018148244396,False,-1.8453409192545158
M03,Textured,4.75,3.25,0.9,2.325861614625477,24.747527683849864,836.1417528303664,103.07206281510811,2.3868594895125637,26.2675057538671,False,-1.8868594895125637
M03,Textured,4.75,3.25,0.95,2.3673801848835248,25.164851955273,835.8014088702477,102.45813546646498,2.4283780597706115,26.684830025290236,False,-1.9283780597706115
M03,Textured,4.75,3.25,1.0,2.408898755141573,25.582176226696138,835.4610649101288,101.84420811782185,2.46989663002866,27.102154296713373,False,-1.9698966300286598
M03,Textured,4.75,3.25,1.05,2.450417325399621,25.999500498119275,835.12072095001,101.2302807691787,2.5114152002867076,27.51947856813651,False,-2.0114152002867076
M03,Textured,4.75,3.25,1.1,2.491935895657669,26.416824769542416,834.7803769898911,100.61635342053557,2.552933770544756,27.93680283955965,False,-2.052933770544756
M03,Textured,4.75,3.25,1.15,2.533454465915717,26.83414904096555,834.4400330297724,100.00242607189243,2.5944523408028037,28.354127110982784,False,-2.0944523408028037
M03,Textured,4.75,3.5,0.85,2.4019319671690647,25.131890175322976,852.4153613687462,103.67209113149744,2.4629298420561514,26.65186824534021,False,-1.9629298420561514
M03,Textured,4.75,3.5,0.9,2.443020446412175,25.5423696890711,851.824812922159,103.07202127179535,2.5040183212992617,27.062347759088336,False,-2.0040183212992617
M03,Textured,4.75,3.5,0.95,2.4841089256552857,25.952849202819223,851.2342644755719,102.47195141209329,2.5451068005423725,27.472827272836458,False,-2.0451068005423725
M03,Textured,4.75,3.5,1.0,2.525197404898396,26.36332871656735,850.6437160289846,101.8718815523912,2.586195279785483,27.883306786584583,False,-2.086195279785483
M03,Textured,4.75,3.5,1.05,2.566285884141507,26.77380823031547,850.0531675823975,101.27181169268913,2.6272837590285936,28.293786300332705,False,-2.1272837590285936
M03,Textured,4.75,3.5,1.1,2.6073743633846176,27.184287744063596,849.4626191358102,100.67174183298705,2.6683722382717043,28.70426581408083,False,-2.1683722382717043
M03,Textured,4.75,3.5,1.15,2.648462842627728,27.594767257811718,848.872070689223,100.07167197328498,2.7094607175148147,29.114745327828953,False,-2.2094607175148147
M03,Textured,5.0,1.5,0.85,1.5086968644243084,18.910628013371817,724.9475081409795,103.31952504413337,1.5696947393113954,20.43060608338905,False,-1.0696947393113954
M03,Textured,5.0,1.5,0.9,1.552543043714762,19.38001045482913,726.1295015703278,102.59363964079779,1.613540918601849,20.899988524846364,False,-1.113540918601849
M03,Textured,5.0,1.5,0.95,1.5963892230052155,19.84939289628644,727.311494999676,101.86775423746222,1.6573870978923024,21.369370966303673,False,-1.1573870978923024
M03,Textured,5.0,1.5,1.0,1.6402354022956689,20.31877533774375,728.4934884290243,101.14186883412664,1.7012332771827559,21.838753407760986,False,-1.2012332771827559
M03,Textured,5.0,1.5,1.05,1.6840815815861225,20.788157779201065,729.6754818583726,100.41598343079107,1.7450794564732095,22.3081358492183,False,-1.2450794564732095
M03,Textured,5.0,1.5,1.1,1.727927760876576,21.257540220658377,730.8574752877208,99.69009802745549,1.788925635763663,22.777518290675612,False,-1.288925635763663
M03,Textured,5.0,1.5,1.15,1.7717739401670292,21.72692266211569,732.0394687170691,98.96421262411992,1.8327718150541161,23.246900732132925,False,-1.3327718150541161
M03,Textured,5.0,1.75,0.85,1.6299555458236699,19.727342068500306,740.9562442516007,103.30680575829412,1.6909534207107568,21.24732013851754,False,-1.1909534207107568
M03,Textured,5.0,1.75,0.9,1.673371634099186,20.189879752282604,741.8880331944805,102.5947778438996,1.734369508986273,21.70985782229984,False,-1.234369508986273
M03,Textured,5.0,1.75,0.95,1.716787722374702,20.6524174360649,742.8198221373605,101.8827499295051,1.7777855972617889,22.172395506082136,False,-1.2777855972617889
M03,Textured,5.0,1.75,1.0,1.760203810650218,21.114955119847203,743.7516110802403,101.17072201511058,1.821201685537305,22.634933189864437,False,-1.321201685537305
M03,Textured,5.0,1.75,1.05,1.803619898925734,21.5774928036295,744.6834000231202,100.45869410071607,1.864617773812821,23.097470873646735,False,-1.364617773812821
M03,Textured,5.0,1.75,1.1,1.84703598720125,22.040030487411798,745.6151889660001,99.74666618632156,1.908033862088337,23.560008557429033,False,-1.408033862088337
M03,Textured,5.0,1.75,1.15,1.8904520754767657,22.502568171194095,746.54697790888,99.03463827192705,1.9514499503638527,24.02254624121133,False,-1.4514499503638527
M03,Textured,5.0,2.0,0.85,1.7512142272230315,20.544056123628796,756.9649803622218,103.29408647245488,1.8122121021101185,22.06403419364603,False,-1.3122121021101185
M03,Textured,5.0,2.0,0.9,1.79420022448361,20.99974904973608,757.6465648186332,102.59591604700144,1.855198099370697,22.519727119753316,False,-1.355198099370697
M03,Textured,5.0,2.0,0.95,1.8371862217441886,21.455441975843364,758.3281492750448,101.89774562154798,1.8981840966312755,22.9754200458606,False,-1.3981840966312755
M03,Textured,5.0,2.0,1.0,1.880172219004767,21.91113490195065,759.0097337314563,101.19957519609453,1.941170093891854,23.431112971967885,False,-1.441170093891854
M03,Textured,5.0,2.0,1.05,1.9231582162653456,22.366827828057936,759.6913181878678,100.50140477064109,1.9841560911524325,23.88680589807517,False,-1.4841560911524325
M03,Textured,5.0,2.0,1.1,1.9661442135259242,22.82252075416522,760.3729026442793,99.80323434518763,2.027142088413011,24.342498824182456,False,-1.5271420884130111
M03,Textured,5.0,2.0,1.15,2.0091302107865023,23.278213680272504,761.0544871006908,99.10506391973418,2.070128085673589,24.79819175028974,False,-1.570128085673589
M03,Textured,5.0,2.25,0.85,1.872472908622393,21.360770178757285,772.973716472843,103.28136718661564,1.93347078350948,22.88074824877452,False,-1.43347078350948
M03,Textured,5.0,2.25,0.9,1.9150288148680341,21.809618347189556,773.405096442786,102.59705425010326,1.976026689755121,23.32959641720679,False,-1.476026689755121
M03,Textured,5.0,2.25,0.95,1.957584721113675,22.258466515621826,773.8364764127291,101.91274131359087,2.018582596000762,23.77844458563906,False,-1.518582596000762
M03,Textured,5.0,2.25,1.0,2.000140627359316,22.707314684054097,774.2678563826722,101.22842837707847,2.061138502246403,24.227292754071332,False,-1.5611385022464028
M03,Textured,5.0,2.25,1.05,2.042696533604957,23.15616285248637,774.6992363526153,100.54411544056609,2.1036944084920437,24.676140922503606,False,-1.6036944084920437
M03,Textured,5.0,2.25,1.1,2.0852524398505983,23.605011020918642,775.1306163225585,99.8598025040537,2.146250314737685,25.124989090935877,False,-1.646250314737685
M03,Textured,5.0,2.25,1.15,2.127808346096239,24.05385918935091,775.5619962925016,99.1754895675413,2.188806220983326,25.573837259368144,False,-1.688806220983326
M03,Textured,5.0,2.5,0.85,1.9937315900217545,22.177484233885775,788.982452583464,103.2686479007764,2.0547294649088412,23.69746230390301,False,-1.5547294649088412
M03,Textured,5.0,2.5,0.9,2.035857405252458,22.619487644643034,789.1636280669388,102.59819245320507,2.0968552801395446,24.13946571466027,False,-1.5968552801395446
M03,Textured,5.0,2.5,0.95,2.0779832204831616,23.06149105540029,789.3448035504135,101.92773700563374,2.1389810953702484,24.581469125417524,False,-1.6389810953702484
M03,Textured,5.0,2.5,1.0,2.120109035713865,23.503494466157548,789.5259790338882,101.25728155806242,2.1811069106009517,25.023472536174783,False,-1.6811069106009517
M03,Textured,5.0,2.5,1.05,2.162234850944569,23.945497876914803,789.7071545173629,100.58682611049109,2.2232327258316555,25.465475946932038,False,-1.7232327258316555
M03,Textured,5.0,2.5,1.1,2.204360666175272,24.387501287672062,789.8883300008378,99.91637066291976,2.265358541062359,25.907479357689297,False,-1.765358541062359
M03,Textured,5.0,2.5,1.15,2.2464864814059755,24.829504698429318,790.0695054843125,99.24591521534845,2.3074843562930623,26.349482768446553,False,-1.8074843562930623
M03,Textured,5.0,2.75,0.85,2.114990271421116,22.994198289014264,804.9911886940852,103.25592861493716,2.1759881463082027,24.5141763590315,False,-1.6759881463082027
M03,Textured,5.0,2.75,0.9,2.1566859956368822,23.429356942096508,804.9221596910916,102.59933065630689,2.217683870523969,24.949335012113742,False,-1.717683870523969
M03,Textured,5.0,2.75,0.95,2.198381719852648,23.86451559517875,804.8531306880978,101.94273269767663,2.259379594739735,25.384493665195986,False,-1.7593795947397348
M03,Textured,5.0,2.75,1.0,2.240077444068414,24.299674248260995,804.7841016851042,101.28613473904636,2.3010753189555007,25.81965231827823,False,-1.8010753189555007
M03,Textured,5.0,2.75,1.05,2.28177316828418,24.73483290134324,804.7150726821105,100.6295367804161,2.342771043171267,26.254810971360474,False,-1.842771043171267
M03,Textured,5.0,2.75,1.1,2.3234688924999465,25.169991554425483,804.6460436791169,99.97293882178583,2.3844667673870332,26.689969624442718,False,-1.8844667673870332
M03,Textured,5.0,2.75,1.15,2.3651646167157123,25.605150207507727,804.5770146761233,99.31634086315557,2.426162491602799,27.12512827752496,False,-1.926162491602799
M03,Textured,5.0,3.0,0.85,2.2362489528204774,23.810912344142753,820.9999248047063,103.24320932909792,2.297246827707564,25.330890414159988,False,-1.7972468277075642
M03,Textured,5.0,3.0,0.9,2.277514586021306,24.239226239549986,820.6806913152443,102.60046885940872,2.338512460908393,25.75920430956722,False,-1.838512460908393
M03,Textured,5.0,3.0,0.95,2.3187802192221345,24.667540134957214,820.3614578257822,101.95772838971952,2.3797780941092213,26.18751820497445,False,-1.8797780941092213
M03,Textured,5.0,3.0,1.0,2.3600458524229633,25.095854030364443,820.0422243363201,101.3149879200303,2.42104372731005,26.615832100381677,False,-1.92104372731005
M03,Textured,5.0,3.0,1.05,2.4013114856237916,25.524167925771675,819.7229908468581,100.6722474503411,2.4623093605108783,27.04414599578891,False,-1.9623093605108783
M03,Textured,5.0,3.0,1.1,2.4425771188246204,25.952481821178903,819.4037573573961,100.0295069806519,2.503574993711707,27.472459891196138,False,-2.003574993711707
M03,Textured,5.0,3.0,1.15,2.4838427520254487,26.38079571658613,819.0845238679341,99.3867665109627,2.5448406269125354,27.900773786603366,False,-2.0448406269125354
M03,Textured,5.0,3.25,0.85,2.357507634219839,24.627626399271243,837.0086609153274,103.23049004325868,2.4185055091069256,26.147604469288478,False,-1.9185055091069256
M03,Textured,5.0,3.25,0.9,2.39834317640573,25.04909553700346,836.439222939397,102.60160706251054,2.459341051292817,26.569073607020695,False,-1.9593410512928169
M03,Textured,5.0,3.25,0.95,2.439178718591621,25.470564674735677,835.8697849634666,101.9727240817624,2.5001765934787077,26.99054274475291,False,-2.0001765934787077
M03,Textured,5.0,3.25,1.0,2.480014260777512,25.892033812467893,835.3003469875362,101.34384110101425,2.541012135664599,27.412011882485128,False,-2.041012135664599
M03,Textured,5.0,3.25,1.05,2.5208498029634034,26.31350295020011,834.7309090116057,100.71495812026612,2.58184767785049,27.833481020217345,False,-2.08184767785049
M03,Textured,5.0,3.25,1.1,2.5616853451492942,26.734972087932327,834.1614710356754,100.08607513951797,2.622683220036381,28.254950157949562,False,-2.122683220036381
M03,Textured,5.0,3.25,1.15,2.6025208873351855,27.15644122566454,833.592033059745,99.45719215876983,2.6635187622222722,28.676419295681775,False,-2.1635187622222722
M03,Textured,5.0,3.5,0.85,2.4787663156192004,25.444340454399732,853.0173970259485,103.21777075741944,2.539764190506287,26.964318524416967,False,-2.039764190506287
M03,Textured,5.0,3.5,0.9,2.519171766790154,25.858964834456938,852.1977545635498,102.60274526561236,2.580169641677241,27.378942904474172,False,-2.080169641677241
M03,Textured,5.0,3.5,0.95,2.5595772179611074,26.27358921451414,851.3781121011509,101.98771977380528,2.620575092848194,27.793567284531374,False,-2.120575092848194
M03,Textured,5.0,3.5,1.0,2.599982669132061,26.68821359457134,850.5584696387522,101.3726942819982,2.660980544019148,28.208191664588576,False,-2.160980544019148
M03,Textured,5.0,3.5,1.05,2.640388120303015,27.102837974628542,849.7388271763533,100.75766879019112,2.7013859951901016,28.622816044645777,False,-2.2013859951901016
M03,Textured,5.0,3.5,1.1,2.6807935714739686,27.517462354685748,848.9191847139546,100.14264329838404,2.7417914463610553,29.037440424702982,False,-2.2417914463610553
M03,Textured,5.0,3.5,1.15,2.721199022644922,27.93208673474295,848.0995422515558,99.52761780657696,2.7821968975320086,29.452064804760184,False,-2.2821968975320086
M03,Textured,5.25,1.5,0.85,1.5561731440926383,19.102859954590656,724.9457715393007,102.85576669873872,1.6171710189797253,20.62283802460789,False,-1.1171710189797253
M03,Textured,5.25,1.5,0.9,1.599336295310935,19.576387262357045,725.8986709528374,102.11492566329814,1.6603341701980219,21.09636533237428,False,-1.1603341701980219
M03,Textured,5.25,1.5,0.95,1.6424994465292313,20.049914570123438,726.8515703663741,101.37408462785757,1.7034973214163183,21.569892640140672,False,-1.2034973214163183
M03,Textured,5.25,1.5,1.0,1.685662597747528,20.52344187788983,727.8044697799107,100.63324359241699,1.7466604726346149,22.043419947907065,False,-1.2466604726346149
M03,Textured,5.25,1.5,1.05,1.7288257489658243,20.99696918565622,728.7573691934474,99.8924025569764,1.7898236238529113,22.516947255673454,False,-1.2898236238529113
M03,Textured,5.25,1.5,1.1,1.771988900184121,21.470496493422612,729.7102686069841,99.15156152153583,1.8329867750712079,22.990474563439847,False,-1.3329867750712079
M03,Textured,5.25,1.5,1.15,1.8151520514024173,21.944023801189,730.6631680205207,98.41072048609524,1.8761499262895043,23.464001871206236,False,-1.3761499262895043
M03,Textured,5.25,1.75,0.85,1.6811015840897254,19.934601301951382,741.029979182282,102.84422715931406,1.7420994589768124,21.454579371968617,False,-1.2420994589768124
M03,Textured,5.25,1.75,0.9,1.7238346442930845,20.401283852042763,741.7326741093502,102.11724361281455,1.7848325191801715,21.921261922059998,False,-1.2848325191801715
M03,Textured,5.25,1.75,0.95,1.7665677044964434,20.86796640213414,742.4353690364185,101.39026006631502,1.8275655793835304,22.387944472151375,False,-1.3275655793835304
M03,Textured,5.25,1.75,1.0,1.8093007646998025,21.334648952225518,743.1380639634868,100.66327651981551,1.8702986395868895,22.854627022242752,False,-1.3702986395868895
M03,Textured,5.25,1.75,1.05,1.8520338249031616,21.801331502316895,743.8407588905551,99.936292973316,1.9130316997902486,23.32130957233413,False,-1.4130316997902486
M03,Textured,5.25,1.75,1.1,1.8947668851065207,22.268014052408272,744.5434538176233,99.20930942681647,1.9557647599936077,23.787992122425507,False,-1.4557647599936077
M03,Textured,5.25,1.75,1.15,1.9374999453098796,22.73469660249965,745.2461487446917,98.48232588031696,1.9984978201969665,24.254674672516884,False,-1.4984978201969665
M03,Textured,5.25,2.0,0.85,1.8060300240868128,20.76634264931211,757.1141868252632,102.8326876198894,1.8670278989738998,22.286320719329346,False,-1.3670278989738998
M03,Textured,5.25,2.0,0.9,1.8483329932752344,21.226180441728477,757.5666772658632,102.11956156233094,1.9093308681623213,22.746158511745712,False,-1.4093308681623213
M03,Textured,5.25,2.0,0.95,1.8906359624636557,21.68601823414484,758.019167706463,101.40643550477249,1.9516338373507427,23.205996304162074,False,-1.4516338373507427
M03,Textured,5.25,2.0,1.0,1.9329389316520773,22.145856026561205,758.471658147063,100.69330944721403,1.9939368065391643,23.66583409657844,False,-1.4939368065391643
M03,Textured,5.25,2.0,1.05,1.9752419008404989,22.60569381897757,758.9241485876628,99.98018338965558,2.036239775727586,24.125671888994805,False,-1.5362397757275859
M03,Textured,5.25,2.0,1.1,2.0175448700289205,23.065531611393933,759.3766390282627,99.26705733209712,2.078542744916007,24.585509681411168,False,-1.5785427449160072
M03,Textured,5.25,2.0,1.15,2.059847839217342,23.525369403810295,759.8291294688627,98.55393127453867,2.1208457141044286,25.04534747382753,False,-1.6208457141044286
M03,Textured,5.25,2.25,0.85,1.9309584640839,21.59808399667284,773.1983944682445,102.82114808046474,1.991956338970987,23.118062066690076,False,-1.491956338970987
M03,Textured,5.25,2.25,0.9,1.972831342257384,22.05107703141419,773.400680422376,102.12187951184735,2.0338292171444707,23.571055101431426,False,-1.5338292171444707
M03,Textured,5.25,2.25,0.95,2.0147042204308683,22.504070066155542,773.6029663765075,101.42261094322996,2.075702095317955,24.024048136172777,False,-1.575702095317955
M03,Textured,5.25,2.25,1.0,2.056577098604352,22.957063100896892,773.8052523306391,100.72334237461256,2.117574973491439,24.477041170914127,False,-1.6175749734914389
M03,Textured,5.25,2.25,1.05,2.0984499767778364,23.410056135638243,774.0075382847706,100.02407380599517,2.159447851664923,24.930034205655478,False,-1.6594478516649231
M03,Textured,5.25,2.25,1.1,2.1403228549513202,23.863049170379593,774.2098242389021,99.32480523737777,2.201320729838407,25.383027240396828,False,-1.701320729838407
M03,Textured,5.25,2.25,1.15,2.1821957331248045,24.316042205120944,774.4121101930336,98.62553666876039,2.2431936080118913,25.83602027513818,False,-1.7431936080118913
M03,Textured,5.25,2.5,0.85,2.055886904080987,22.42982534403357,789.2826021112257,102.80960854104009,2.116884778968074,23.949803414050805,False,-1.6168847789680738
M03,Textured,5.25,2.5,0.9,2.097329691239534,22.87597362109991,789.2346835788888,102.12419746136375,2.1583275661266206,24.395951691117144,False,-1.6583275661266206
M03,Textured,5.25,2.5,0.95,2.13877247839808,23.322121898166245,789.1867650465521,101.43878638168742,2.199770353285167,24.84209996818348,False,-1.699770353285167
M03,Textured,5.25,2.5,1.0,2.180215265556627,23.76827017523258,789.1388465142152,100.7533753020111,2.2412131404437137,25.288248245249815,False,-1.7412131404437137
M03,Textured,5.25,2.5,1.05,2.2216580527151737,24.21441845229892,789.0909279818783,100.06796422233475,2.2826559276022604,25.734396522316153,False,-1.7826559276022604
M03,Textured,5.25,2.5,1.1,2.2631008398737205,24.660566729365254,789.0430094495415,99.38255314265842,2.324098714760807,26.18054479938249,False,-1.8240987147608072
M03,Textured,5.25,2.5,1.15,2.304543627032267,25.10671500643159,788.9950909172046,98.6971420629821,2.3655415019193535,26.626693076448824,False,-1.8655415019193535
M03,Textured,5.25,2.75,0.85,2.1808153440780744,23.2615666913943,805.366809754207,102.79806900161543,2.241813218965161,24.781544761411535,False,-1.7418132189651612
M03,Textured,5.25,2.75,0.9,2.2218280402216837,23.700870210785624,805.0686867354018,102.12651541088016,2.2828259151087704,25.22084828080286,False,-1.7828259151087704
M03,Textured,5.25,2.75,0.95,2.2628407363652925,24.140173730176947,804.7705637165965,101.45496182014489,2.3238386112523792,25.660151800194182,False,-1.8238386112523792
M03,Textured,5.25,2.75,1.0,2.3038534325089017,24.57947724956827,804.4724406977913,100.78340822940962,2.3648513073959885,26.099455319585505,False,-1.8648513073959885
M03,Textured,5.25,2.75,1.05,2.344866128652511,25.018780768959594,804.1743176789861,100.11185463867434,2.4058640035395977,26.53875883897683,False,-1.9058640035395977
M03,Textured,5.25,2.75,1.1,2.3858788247961202,25.458084288350914,803.8761946601808,99.44030104793907,2.446876699683207,26.97806235836815,False,-1.946876699683207
M03,Textured,5.25,2.75,1.15,2.426891520939729,25.897387807742238,803.5780716413756,98.7687474572038,2.487889395826816,27.417365877759472,False,-1.9878893958268158
M03,Textured,5.25,3.0,0.85,2.305743784075162,24.09330803875503,821.4510173971883,102.78652946219077,2.3667416589622485,25.613286108772265,False,-1.8667416589622485
M03,Textured,5.25,3.0,0.9,2.3463263892038335,24.52576680047134,820.9026898919146,102.12883336039656,2.4073242640909203,26.045744870488576,False,-1.9073242640909203
M03,Textured,5.25,3.0,0.95,2.386908994332505,24.95822556218765,820.354362386641,101.47113725860235,2.4479068692195916,26.478203632204885,False,-1.9479068692195916
M03,Textured,5.25,3.0,1.0,2.4274915994611765,25.390684323903958,819.8060348813674,100.81344115680814,2.4884894743482633,26.910662393921193,False,-1.9884894743482633
M03,Textured,5.25,3.0,1.05,2.4680742045898483,25.823143085620266,819.2577073760938,100.15574505501394,2.529072079476935,27.3431211556375,False,-2.029072079476935
M03,Textured,5.25,3.0,1.1,2.50865680971852,26.255601847336575,818.7093798708202,99.49804895321972,2.5696546846056068,27.77557991735381,False,-2.0696546846056068
M03,Textured,5.25,3.0,1.15,2.5492394148471913,26.688060609052883,818.1610523655465,98.84035285142552,2.610237289734278,28.208038679070118,False,-2.110237289734278
M03,Textured,5.25,3.25,0.85,2.430672224072249,24.92504938611576,837.5352250401695,102.77498992276611,2.491670098959336,26.445027456132994,False,-1.9916700989593359
M03,Textured,5.25,3.25,0.9,2.4708247381859834,25.350663390157056,836.7366930484276,102.13115130991297,2.53182261307307,26.87064146017429,False,-2.03182261307307
M03,Textured,5.25,3.25,0.95,2.510977252299717,25.77627739419835,835.9381610566855,101.48731269705982,2.571975127186804,27.296255464215584,False,-2.071975127186804
M03,Textured,5.25,3.25,1.0,2.5511297664134513,26.201891398239646,835.1396290649435,100.84347408420666,2.612127641300538,27.72186946825688,False,-2.112127641300538
M03,Textured,5.25,3.25,1.05,2.5912822805271856,26.627505402280942,834.3410970732015,100.19963547135352,2.6522801554142723,28.147483472298177,False,-2.1522801554142723
M03,Textured,5.25,3.25,1.1,2.63143479464092,27.05311940632224,833.5425650814595,99.55579685850037,2.6924326695280065,28.573097476339473,False,-2.1924326695280065
M03,Textured,5.25,3.25,1.15,2.6715873087546536,27.47873341036353,832.7440330897175,98.91195824564723,2.7325851836417403,28.998711480380766,False,-2.2325851836417403
M03,Textured,5.25,3.5,0.85,2.555600664069336,25.75679073347649,853.6194326831508,102.76345038334145,2.616598538956423,27.276768803493724,False,-2.116598538956423
M03,Textured,5.25,3.5,0.9,2.5953230871681328,26.17555997984277,852.5706962049404,102.13346925942936,2.6563209620552195,27.695538049860005,False,-2.1563209620552195
M03,Textured,5.25,3.5,0.95,2.6350455102669295,26.59432922620905,851.5219597267301,101.50348813551727,2.696043385154016,28.114307296226286,False,-2.196043385154016
M03,Textured,5.25,3.5,1.0,2.674767933365726,27.013098472575333,850.4732232485196,100.8735070116052,2.735765808252813,28.533076542592568,False,-2.235765808252813
M03,Textured,5.25,3.5,1.05,2.714490356464523,27.431867718941618,849.4244867703093,100.24352588769311,2.7754882313516096,28.951845788958853,False,-2.2754882313516096
M03,Textured,5.25,3.5,1.1,2.7542127795633196,27.8506369653079,848.3757502920988,99.61354476378102,2.8152106544504063,29.370615035325134,False,-2.3152106544504063
M03,Textured,5.25,3.5,1.15,2.7939352026621163,28.269406211674177,847.3270138138885,98.98356363986893,2.854933077549203,29.78938428169141,False,-2.354933077549203
M03,Textured,5.5,1.5,0.85,1.603649423760968,19.29509189580949,724.9440349376218,102.39200835334408,1.664647298648055,20.815069965826726,False,-1.164647298648055
M03,Textured,5.5,1.5,0.9,1.6461295469071076,19.772764069884964,725.6678403353469,101.6362116857985,1.7071274217941945,21.2927421399022,False,-1.2071274217941945
M03,Textured,5.5,1.5,0.95,1.6886096700532471,20.250436243960433,726.391645733072,100.88041501825292,1.749607544940334,21.770414313977668,False,-1.249607544940334
M03,Textured,5.5,1.5,1.0,1.7310897931993867,20.728108418035905,727.115451130797,100.12461835070732,1.7920876680864737,22.24808648805314,False,-1.2920876680864737
M03,Textured,5.5,1.5,1.05,1.7735699163455263,21.205780592111374,727.8392565285221,99.36882168316174,1.8345677912326133,22.72575866212861,False,-1.3345677912326133
M03,Textured,5.5,1.5,1.1,1.8160500394916659,21.683452766186846,728.5630619262472,98.61302501561616,1.8770479143787528,23.20343083620408,False,-1.3770479143787528
M03,Textured,5.5,1.5,1.15,1.8585301626378052,22.161124940262315,729.2868673239723,97.85722834807058,1.9195280375248922,23.68110301027955,False,-1.4195280375248922
M03,Textured,5.5,1.75,0.85,1.732247622355781,20.14186053540246,741.1037141129632,102.381648560334,1.793245497242868,21.661838605419696,False,-1.293245497242868
M03,Textured,5.5,1.75,0.9,1.774297654486983,20.61268795180292,741.57731502422,101.63970938172947,1.83529552937407,22.132666021820153,False,-1.33529552937407
M03,Textured,5.5,1.75,0.95,1.8163476866181851,21.083515368203376,742.0509159354766,100.89777020312496,1.877345561505272,22.60349343822061,False,-1.377345561505272
M03,Textured,5.5,1.75,1.0,1.8583977187493872,21.554342784603833,742.5245168467333,100.15583102452044,1.9193955936364742,23.074320854621067,False,-1.4193955936364742
M03,Textured,5.5,1.75,1.05,1.9004477508805893,22.02517020100429,742.99811775799,99.41389184591591,1.9614456257676762,23.545148271021525,False,-1.4614456257676762
M03,Textured,5.5,1.75,1.1,1.9424977830117915,22.495997617404747,743.4717186692467,98.67195266731139,2.0034956578988785,24.01597568742198,False,-1.5034956578988785
M03,Textured,5.5,1.75,1.15,1.9845478151429934,22.9668250338052,743.9453195805033,97.93001348870688,2.0455456900300804,24.486803103822435,False,-1.5455456900300804
M03,Textured,5.5,2.0,0.85,1.860845820950594,20.98862917499543,757.2633932883047,102.37128876732392,1.921843695837681,22.508607245012666,False,-1.421843695837681
M03,Textured,5.5,2.0,0.9,1.9024657620668586,21.452611833720876,757.486789713093,101.64320707766046,1.9634636369539455,22.97258990373811,False,-1.4634636369539455
M03,Textured,5.5,2.0,0.95,1.9440857031831231,21.91659449244632,757.7101861378812,100.91512538799701,2.00508357807021,23.436572562463553,False,-1.5050835780702099
M03,Textured,5.5,2.0,1.0,1.985705644299388,22.38057715117176,757.9335825626696,100.18704369833354,2.0467035191864746,23.900555221188995,False,-1.5467035191864746
M03,Textured,5.5,2.0,1.05,2.0273255854156527,22.844559809897202,758.1569789874579,99.45896200867008,2.0883234603027394,24.364537879914437,False,-1.5883234603027394
M03,Textured,5.5,2.0,1.1,2.068945526531917,23.308542468622647,758.3803754122462,98.73088031900662,2.1299434014190037,24.828520538639882,False,-1.6299434014190037
M03,Textured,5.5,2.0,1.15,2.1105654676481818,23.77252512734809,758.6037718370345,98.00279862934316,2.1715633425352685,25.292503197365324,False,-1.6715633425352685
M03,Textured,5.5,2.25,0.85,1.989444019545407,21.8353978145884,773.423072463646,102.36092897431385,2.050441894432494,23.355375884605635,False,-1.550441894432494
M03,Textured,5.5,2.25,0.9,2.030633869646734,22.29253571563883,773.3962644019659,101.64670477359145,2.091631744533821,23.812513785656066,False,-1.5916317445338208
M03,Textured,5.5,2.25,0.95,2.0718237197480613,22.749673616689257,773.3694563402859,100.93248057286905,2.132821594635148,24.269651686706492,False,-1.632821594635148
M03,Textured,5.5,2.25,1.0,2.113013569849388,23.206811517739688,773.3426482786058,100.21825637214666,2.174011444736475,24.726789587756922,False,-1.674011444736475
M03,Textured,5.5,2.25,1.05,2.1542034199507154,23.663949418790118,773.3158402169257,99.50403217142426,2.215201294837802,25.183927488807353,False,-1.7152012948378021
M03,Textured,5.5,2.25,1.1,2.1953932700520427,24.121087319840548,773.2890321552456,98.78980797070184,2.2563911449391294,25.641065389857783,False,-1.7563911449391294
M03,Textured,5.5,2.25,1.15,2.2365831201533695,24.578225220890975,773.2622240935656,98.07558376997946,2.297580995040456,26.09820329090821,False,-1.7975809950404562
M03,Textured,5.5,2.5,0.85,2.11804221814022,22.68216645418137,789.5827516389875,102.35056918130377,2.179040093027307,24.202144524198605,False,-1.6790400930273068
M03,Textured,5.5,2.5,0.9,2.15880197722661,23.132459597556785,789.305739090839,101.65020246952243,2.2197998521136966,24.65243766757402,False,-1.7197998521136966
M03,Textured,5.5,2.5,0.95,2.199561736312999,23.5827527409322,789.0287265426906,100.9498357577411,2.260559611200086,25.102730810949435,False,-1.7605596112000859
M03,Textured,5.5,2.5,1.0,2.240321495399389,24.033045884307615,788.7517139945421,100.24946904595976,2.3013193702864756,25.55302395432485,False,-1.8013193702864756
M03,Textured,5.5,2.5,1.05,2.2810812544857786,24.48333902768303,788.4747014463936,99.54910233417841,2.3420791293728653,26.003317097700265,False,-1.8420791293728653
M03,Textured,5.5,2.5,1.1,2.3218410135721683,24.93363217105845,788.1976888982451,98.84873562239709,2.382838888459255,26.453610241075683,False,-1.882838888459255
M03,Textured,5.5,2.5,1.15,2.3626007726585576,25.38392531443386,787.9206763500968,98.14836891061574,2.4235986475456444,26.903903384451095,False,-1.9235986475456444
M03,Textured,5.5,2.75,0.85,2.246640416735033,23.52893509377434,805.7424308143288,102.34020938829369,2.3076382916221196,25.048913163791575,False,-1.8076382916221196
M03,Textured,5.5,2.75,0.9,2.286970084806485,23.97238347947474,805.215213779712,101.65370016545342,2.347967959693572,25.492361549491974,False,-1.8479679596935719
M03,Textured,5.5,2.75,0.95,2.3272997528779373,24.415831865175143,804.6879967450952,100.96719094261314,2.388297627765024,25.935809935192378,False,-1.888297627765024
M03,Textured,5.5,2.75,1.0,2.3676294209493896,24.859280250875543,804.1607797104783,100.28068171977286,2.4286272958364763,26.379258320892777,False,-1.9286272958364763
M03,Textured,5.5,2.75,1.05,2.4079590890208418,25.302728636575946,803.6335626758615,99.59417249693259,2.4689569639079285,26.82270670659318,False,-1.9689569639079285
M03,Textured,5.5,2.75,1.1,2.448288757092294,25.74617702227635,803.1063456412447,98.90766327409231,2.5092866319793807,27.266155092293584,False,-2.0092866319793807
M03,Textured,5.5,2.75,1.15,2.4886184251637458,26.18962540797675,802.5791286066278,98.22115405125204,2.5496163000508325,27.709603477993983,False,-2.0496163000508325
M03,Textured,5.5,3.0,0.85,2.375238615329846,24.37570373336731,821.9021099896703,102.3298495952836,2.436236490216933,25.895681803384544,False,-1.936236490216933
M03,Textured,5.5,3.0,0.9,2.415138192386361,24.812307361392698,821.1246884685851,101.6571978613844,2.4761360672734476,26.332285431409932,False,-1.9761360672734476
M03,Textured,5.5,3.0,0.95,2.455037769442875,25.248910989418082,820.3472669474999,100.98454612748519,2.516035644329962,26.768889059435317,False,-2.016035644329962
M03,Textured,5.5,3.0,1.0,2.49493734649939,25.68551461744347,819.5698454264146,100.31189439358597,2.5559352213864766,27.205492687460705,False,-2.0559352213864766
M03,Textured,5.5,3.0,1.05,2.5348369235559045,26.12211824546886,818.7924239053294,99.63924265968676,2.5958347984429913,27.642096315486096,False,-2.0958347984429913
M03,Textured,5.5,3.0,1.1,2.574736500612419,26.55872187349425,818.0150023842442,98.96659092578754,2.635734375499506,28.078699943511484,False,-2.135734375499506
M03,Textured,5.5,3.0,1.15,2.614636077668934,26.995325501519634,817.237580863159,98.29393919188833,2.6756339525560207,28.51530357153687,False,-2.1756339525560207
M03,Textured,5.5,3.25,0.85,2.503836813924659,25.222472372960276,838.0617891650116,102.31948980227354,2.5648346888117457,26.74245044297751,False,-2.0648346888117457
M03,Textured,5.5,3.25,0.9,2.543306299966236,25.652231243310652,837.0341631574581,101.66069555731538,2.604304174853323,27.172209313327887,False,-2.104304174853323
M03,Textured,5.5,3.25,0.95,2.5827757860078133,26.081990113661025,836.0065371499045,101.00190131235723,2.6437736608949,27.60196818367826,False,-2.1437736608949
M03,Textured,5.5,3.25,1.0,2.6222452720493905,26.5117489840114,834.9789111423509,100.34310706739907,2.6832431469364773,28.031727054028636,False,-2.1832431469364773
M03,Textured,5.5,3.25,1.05,2.6617147580909677,26.941507854361774,833.9512851347973,99.68431282244093,2.7227126329780544,28.46148592437901,False,-2.2227126329780544
M03,Textured,5.5,3.25,1.1,2.701184244132545,27.37126672471215,832.9236591272437,99.02551857748277,2.7621821190196316,28.891244794729385,False,-2.2621821190196316
M03,Textured,5.5,3.25,1.15,2.740653730174122,27.80102559506252,831.8960331196901,98.36672433252463,2.801651605061209,29.321003665079754,False,-2.301651605061209
M03,Textured,5.5,3.5,0.85,2.632435012519472,26.069241012553245,854.2214683403531,102.30913000926346,2.693432887406559,27.58921908257048,False,-2.193432887406559
M03,Textured,5.5,3.5,0.9,2.671474407546112,26.492155125228606,852.9436378463312,101.66419325324637,2.7324722824331986,28.01213319524584,False,-2.2324722824331986
M03,Textured,5.5,3.5,0.95,2.7105138025727515,26.915069237903968,851.6658073523091,101.01925649722928,2.7715116774598383,28.435047307921202,False,-2.2715116774598383
M03,Textured,5.5,3.5,1.0,2.749553197599391,27.33798335057933,850.3879768582872,100.37431974121219,2.810551072486478,28.857961420596563,False,-2.310551072486478
M03,Textured,5.5,3.5,1.05,2.788592592626031,27.76089746325469,849.1101463642651,99.72938298519509,2.8495904675131176,29.280875533271924,False,-2.3495904675131176
M03,Textured,5.5,3.5,1.1,2.8276319876526705,28.183811575930047,847.8323158702432,99.084446229178,2.8886298625397573,29.703789645947282,False,-2.3886298625397573
M03,Textured,5.5,3.5,1.15,2.86667138267931,28.606725688605408,846.5544853762212,98.43950947316091,2.927669257566397,30.126703758622643,False,-2.427669257566397
M03,Textured,5.75,1.5,0.85,1.6511257034292977,19.48732383702833,724.942298335943,101.92825000794944,1.7121235783163846,21.007301907045566,False,-1.2121235783163846
M03,Textured,5.75,1.5,0.9,1.6929227985032804,19.969140877412883,725.4370097178564,101.15749770829885,1.7539206733903674,21.489118947430118,False,-1.2539206733903674
M03,Textured,5.75,1.5,0.95,1.734719893577263,20.45095791779743,725.9317210997699,100.38674540864827,1.79571776846435,21.970935987814666,False,-1.29571776846435
M03,Textured,5.75,1.5,1.0,1.7765169886512455,20.93277495818198,726.4264324816834,99.61599310899767,1.8375148635383325,22.452753028199215,False,-1.3375148635383325
M03,Textured,5.75,1.5,1.05,1.8183140837252283,21.41459199856653,726.9211438635969,98.84524080934708,1.8793119586123153,22.934570068583763,False,-1.3793119586123153
M03,Textured,5.75,1.5,1.1,1.8601111787992108,21.89640903895108,727.4158552455103,98.0744885096965,1.9211090536862978,23.416387108968316,False,-1.4211090536862978
M03,Textured,5.75,1.5,1.15,1.9019082738731934,22.37822607933563,727.9105666274238,97.30373621004591,1.9629061487602804,23.898204149352864,False,-1.4629061487602804
M03,Textured,5.75,1.75,0.85,1.7833936606218366,20.34911976885354,741.1774490436445,101.91906996135394,1.8443915355089235,21.869097838870776,False,-1.3443915355089235
M03,Textured,5.75,1.75,0.9,1.8247606646808816,20.824092051563078,741.4219559390896,101.16217515064442,1.8857585395679686,22.344070121580312,False,-1.3857585395679686
M03,Textured,5.75,1.75,0.95,1.8661276687399266,21.29906433427261,741.6664628345347,100.40528033993489,1.9271255436270136,22.819042404289846,False,-1.4271255436270136
M03,Textured,5.75,1.75,1.0,1.907494672798972,21.774036616982148,741.9109697299798,99.64838552922537,1.9684925476860589,23.294014686999382,False,-1.4684925476860589
M03,Textured,5.75,1.75,1.05,1.9488616768580171,22.249008899691685,742.1554766254249,98.89149071851583,2.009859551745104,23.76898696970892,False,-1.509859551745104
M03,Textured,5.75,1.75,1.1,1.9902286809170622,22.72398118240122,742.39998352087,98.1345959078063,2.051226555804149,24.243959252418456,False,-1.5512265558041491
M03,Textured,5.75,1.75,1.15,2.031595684976107,23.198953465110755,742.6444904163151,97.37770109709678,2.092593559863194,24.71893153512799,False,-1.592593559863194
M03,Textured,5.75,2.0,0.85,1.9156616178143753,21.21091570067875,757.4125997513461,101.90988991475845,1.9766594927014622,22.730893770695985,False,-1.4766594927014622
M03,Textured,5.75,2.0,0.9,1.956598530858483,21.679043225713272,757.4069021603228,101.16685259298998,2.0175964057455698,23.199021295730507,False,-1.5175964057455698
M03,Textured,5.75,2.0,0.95,1.9975354439025905,22.147170750747794,757.4012045692995,100.42381527122151,2.0585333187896775,23.66714882076503,False,-1.5585333187896775
M03,Textured,5.75,2.0,1.0,2.038472356946698,22.615298275782315,757.3955069782762,99.68077794945305,2.099470231833785,24.13527634579955,False,-1.5994702318337848
M03,Textured,5.75,2.0,1.05,2.0794092699908058,23.083425800816837,757.389809387253,98.93774062768458,2.1404071448778925,24.60340387083407,False,-1.6404071448778925
M03,Textured,5.75,2.0,1.1,2.1203461830349135,23.55155332585136,757.3841117962296,98.19470330591612,2.1813440579220003,25.071531395868593,False,-1.6813440579220003
M03,Textured,5.75,2.0,1.15,2.1612830960790212,24.01968085088588,757.3784142052064,97.45166598414765,2.222280970966108,25.539658920903115,False,-1.722280970966108
M03,Textured,5.75,2.25,0.85,2.047929575006914,22.07271163250396,773.6477504590476,101.90070986816295,2.1089274498940007,23.592689702521195,False,-1.6089274498940007
M03,Textured,5.75,2.25,0.9,2.088436397036084,22.533994399863467,773.391848381556,101.17153003533555,2.149434271923171,24.0539724698807,False,-1.649434271923171
M03,Textured,5.75,2.25,0.95,2.1289432190652544,22.995277167222973,773.1359463040643,100.44235020250814,2.189941093952341,24.515255237240208,False,-1.6899410939523412
M03,Textured,5.75,2.25,1.0,2.1694500410944246,23.456559934582483,772.8800442265726,99.71317036968074,2.2304479159815114,24.976538004599718,False,-1.7304479159815114
M03,Textured,5.75,2.25,1.05,2.209956863123595,23.917842701941993,772.624142149081,98.98399053685333,2.2709547380106816,25.437820771959228,False,-1.7709547380106816
M03,Textured,5.75,2.25,1.1,2.250463685152765,24.3791254693015,772.3682400715893,98.25481070402593,2.311461560039852,25.899103539318734,False,-1.8114615600398518
M03,Textured,5.75,2.25,1.15,2.290970507181935,24.840408236661006,772.1123379940976,97.52563087119853,2.3519683820690216,26.36038630667824,False,-1.8519683820690216
M03,Textured,5.75,2.5,0.85,2.1801975321994527,22.934507564329166,789.8829011667492,101.89152982156745,2.2411954070865394,24.4544856343464,False,-1.7411954070865394
M03,Textured,5.75,2.5,0.9,2.2202742632136854,23.38894557401366,789.3767946027891,101.1762074776811,2.281272138100772,24.908923644030896,False,-1.7812721381007721
M03,Textured,5.75,2.5,0.95,2.260350994227918,23.843383583698156,788.870688038829,100.46088513379476,2.321348869115005,25.36336165371539,False,-1.8213488691150048
M03,Textured,5.75,2.5,1.0,2.300427725242151,24.29782159338265,788.364581474869,99.74556278990842,2.3614256001292375,25.817799663399885,False,-1.8614256001292375
M03,Textured,5.75,2.5,1.05,2.3405044562563835,24.752259603067145,787.858474910909,99.03024044602208,2.4015023311434702,26.27223767308438,False,-1.9015023311434702
M03,Textured,5.75,2.5,1.1,2.380581187270616,25.20669761275164,787.3523683469489,98.31491810213574,2.441579062157703,26.726675682768875,False,-1.941579062157703
M03,Textured,5.75,2.5,1.15,2.420657918284849,25.661135622436134,786.8462617829889,97.5995957582494,2.4816557931719356,27.18111369245337,False,-1.9816557931719356
M03,Textured,5.75,2.75,0.85,2.3124654893919914,23.796303496154376,806.1180518744508,101.88234977497196,2.373463364279078,25.31628156617161,False,-1.8734633642790781
M03,Textured,5.75,2.75,0.9,2.3521121293912866,24.243896748163856,805.3617408240223,101.18088492002667,2.4131100042783733,25.76387481818109,False,-1.9131100042783733
M03,Textured,5.75,2.75,0.95,2.3917587693905817,24.69149000017334,804.6054297735939,100.4794200650814,2.4527566442776685,26.211468070190573,False,-1.9527566442776685
M03,Textured,5.75,2.75,1.0,2.4314054093898774,25.139083252182818,803.8491187231655,99.77795521013611,2.492403284276964,26.659061322200053,False,-1.9924032842769641
M03,Textured,5.75,2.75,1.05,2.4710520493891726,25.586676504192297,803.092807672737,99.07649035519083,2.5320499242762593,27.106654574209532,False,-2.0320499242762593
M03,Textured,5.75,2.75,1.1,2.5106986893884677,26.03426975620178,802.3364966223086,98.37502550024556,2.5716965642755545,27.554247826219015,False,-2.0716965642755545
M03,Textured,5.75,2.75,1.15,2.5503453293877625,26.48186300821126,801.5801855718802,97.67356064530027,2.6113432042748492,28.001841078228495,False,-2.1113432042748492
M03,Textured,5.75,3.0,0.85,2.44473344658453,24.658099427979586,822.3532025821523,101.87316972837645,2.505731321471617,26.17807749799682,False,-2.005731321471617
M03,Textured,5.75,3.0,0.9,2.483949995568888,25.098847922314054,821.3466870452555,101.18556236237224,2.544947870455975,26.61882599233129,False,-2.044947870455975
M03,Textured,5.75,3.0,0.95,2.523166544553246,25.539596416648518,820.3401715083587,100.49795499636802,2.5841644194403326,27.059574486665753,False,-2.0841644194403326
M03,Textured,5.75,3.0,1.0,2.5623830935376035,25.980344910982986,819.3336559714619,99.81034763036381,2.6233809684246903,27.50032298100022,False,-2.1233809684246903
M03,Textured,5.75,3.0,1.05,2.601599642521961,26.421093405317453,818.327140434565,99.12274026435958,2.662597517409048,27.941071475334688,False,-2.162597517409048
M03,Textured,5.75,3.0,1.1,2.640816191506319,26.86184189965192,817.3206248976682,98.43513289835536,2.7018140663934056,28.381819969669156,False,-2.2018140663934056
M03,Textured,5.75,3.0,1.15,2.6800327404906765,27.302590393986385,816.3141093607713,97.74752553235115,2.7410306153777633,28.82256846400362,False,-2.2410306153777633
M03,Textured,5.75,3.25,0.85,2.577001403777069,25.519895359804796,838.5883532898539,101.86398968178096,2.637999278664156,27.03987342982203,False,-2.137999278664156
M03,Textured,5.75,3.25,0.9,2.6157878617464894,25.953799096464248,837.3316332664887,101.1902398047178,2.676785736633576,27.473777166481483,False,-2.176785736633576
M03,Textured,5.75,3.25,0.95,2.6545743197159095,26.3877028331237,836.0749132431234,100.51648992765465,2.7155721946029963,27.907680903140935,False,-2.2155721946029963
M03,Textured,5.75,3.25,1.0,2.6933607776853297,26.821606569783153,834.8181932197582,99.84274005059149,2.7543586525724164,28.341584639800388,False,-2.2543586525724164
M03,Textured,5.75,3.25,1.05,2.7321472356547503,27.255510306442606,833.5614731963931,99.16899017352833,2.793145110541837,28.77548837645984,False,-2.293145110541837
M03,Textured,5.75,3.25,1.1,2.7709336936241704,27.68941404310206,832.3047531730278,98.49524029646517,2.831931568511257,29.209392113119296,False,-2.331931568511257
M03,Textured,5.75,3.25,1.15,2.8097201515935906,28.12331777976151,831.0480331496626,97.82149041940202,2.8707180264806773,29.643295849778745,False,-2.3707180264806773
M03,Textured,5.75,3.5,0.85,2.709269360969608,26.381691291630002,854.8235039975555,101.85480963518546,2.7702672358566947,27.901669361647237,False,-2.2702672358566947
M03,Textured,5.75,3.5,0.9,2.7476257279240905,26.808750270614443,853.3165794877218,101.19491724706337,2.8086236028111773,28.328728340631677,False,-2.3086236028111773
M03,Textured,5.75,3.5,0.95,2.785982094878573,27.23580924959888,851.8096549778883,100.53502485894127,2.84697996976566,28.755787319616115,False,-2.34697996976566
M03,Textured,5.75,3.5,1.0,2.8243384618330563,27.66286822858332,850.3027304680546,99.87513247081918,2.885336336720143,29.182846298600555,False,-2.385336336720143
M03,Textured,5.75,3.5,1.05,2.862694828787539,28.08992720756776,848.7958059582211,99.21524008269708,2.9236927036746256,29.609905277584996,False,-2.4236927036746256
M03,Textured,5.75,3.5,1.1,2.9010511957420215,28.5169861865522,847.2888814483875,98.55534769457499,2.9620490706291083,30.036964256569433,False,-2.4620490706291083
M03,Textured,5.75,3.5,1.15,2.939407562696504,28.94404516553664,845.7819569385539,97.89545530645289,3.000405437583591,30.464023235553874,False,-2.500405437583591
M03,Textured,6.0,1.5,0.85,1.6986019830976276,19.67955577824717,724.9405617342641,101.46449166255479,1.7595998579847145,21.199533848264405,False,-1.2595998579847145
M03,Textured,6.0,1.5,0.9,1.7397160500994533,20.1655176849408,725.206179100366,100.6787837307992,1.8007139249865403,21.685495754958033,False,-1.3007139249865403
M03,Textured,6.0,1.5,0.95,1.7808301171012788,20.651479591634427,725.4717964664678,99.89307579904361,1.8418279919883658,22.17145766165166,False,-1.3418279919883658
M03,Textured,6.0,1.5,1.0,1.8219441841031045,21.137441498328055,725.7374138325697,99.10736786728802,1.8829420589901915,22.65741956834529,False,-1.3829420589901915
M03,Textured,6.0,1.5,1.05,1.8630582511049303,21.623403405021683,726.0030311986716,98.32165993553242,1.9240561259920173,23.143381475038918,False,-1.4240561259920173
M03,Textured,6.0,1.5,1.1,1.904172318106756,22.109365311715315,726.2686485647735,97.53595200377683,1.965170192993843,23.62934338173255,False,-1.465170192993843
M03,Textured,6.0,1.5,1.15,1.9452863851085815,22.59532721840894,726.5342659308753,96.75024407202123,2.0062842599956685,24.115305288426175,False,-1.5062842599956685
M03,Textured,6.0,1.75,0.85,1.834539698887892,20.55637900230462,741.2511839743258,101.45649136237388,1.895537573774979,22.076357072321855,False,-1.395537573774979
M03,Textured,6.0,1.75,0.9,1.8752236748747801,21.035496151323233,741.2665968539593,100.68464091955934,1.9362215497618671,22.555474221340468,False,-1.4362215497618671
M03,Textured,6.0,1.75,0.95,1.9159076508616684,21.51461330034185,741.2820097335928,99.91279047674482,1.9769055257487553,23.034591370359085,False,-1.4769055257487553
M03,Textured,6.0,1.75,1.0,1.9565916268485566,21.993730449360463,741.2974226132263,99.14094003393028,2.0175895017356433,23.513708519377698,False,-1.5175895017356433
M03,Textured,6.0,1.75,1.05,1.9972756028354448,22.47284759837908,741.3128354928598,98.36908959111575,2.0582734777225316,23.992825668396314,False,-1.5582734777225316
M03,Textured,6.0,1.75,1.1,2.037959578822333,22.951964747397692,741.3282483724932,97.59723914830121,2.0989574537094198,24.471942817414927,False,-1.5989574537094198
M03,Textured,6.0,1.75,1.15,2.0786435548092212,23.431081896416305,741.3436612521268,96.82538870548669,2.139641429696308,24.95105996643354,False,-1.639641429696308
M03,Textured,6.0,2.0,0.85,1.9704774146781565,21.43320222636207,757.5618062143875,101.44849106219297,2.0314752895652433,22.953180296379305,False,-1.5314752895652433
M03,Textured,6.0,2.0,0.9,2.010731299650107,21.905474617705668,757.3270146075527,100.69049810831949,2.071729174537194,23.425452687722903,False,-1.571729174537194
M03,Textured,6.0,2.0,0.95,2.050985184622058,22.37774700904927,757.0922230007177,99.93250515444602,2.1119830595091447,23.897725079066504,False,-1.6119830595091447
M03,Textured,6.0,2.0,1.0,2.0912390695940086,22.85001940039287,756.8574313938828,99.17451220057255,2.1522369444810954,24.369997470410105,False,-1.6522369444810954
M03,Textured,6.0,2.0,1.05,2.1314929545659593,23.322291791736472,756.622639787048,98.41651924669908,2.192490829453046,24.842269861753707,False,-1.692490829453046
M03,Textured,6.0,2.0,1.1,2.17174683953791,23.794564183080073,756.387848180213,97.65852629282561,2.232744714424997,25.314542253097308,False,-1.7327447144249968
M03,Textured,6.0,2.0,1.15,2.2120007245098607,24.26683657442367,756.1530565733782,96.90053333895214,2.2729985993969475,25.786814644440906,False,-1.7729985993969475
M03,Textured,6.0,2.25,0.85,2.106415130468421,22.310025450419516,773.8724284544492,101.44049076201205,2.167413005355508,23.83000352043675,False,-1.6674130053555078
M03,Textured,6.0,2.25,0.9,2.1462389244254343,22.775453084088106,773.3874323611459,100.69635529707963,2.207236799312521,24.29543115410534,False,-1.707236799312521
M03,Textured,6.0,2.25,0.95,2.1860627183824475,23.240880717756692,772.9024362678426,99.95221983214724,2.2470605932695342,24.760858787773927,False,-1.7470605932695342
M03,Textured,6.0,2.25,1.0,2.2258865123394607,23.706308351425278,772.4174401745394,99.20808436721482,2.2868843872265474,25.226286421442513,False,-1.7868843872265474
M03,Textured,6.0,2.25,1.05,2.265710306296474,24.171735985093864,771.9324440812361,98.46394890228241,2.3267081811835606,25.6917140551111,False,-1.8267081811835606
M03,Textured,6.0,2.25,1.1,2.305534100253487,24.637163618762454,771.4474479879328,97.71981343735,2.366531975140574,26.15714168877969,False,-1.8665319751405738
M03,Textured,6.0,2.25,1.15,2.3453578942105002,25.10259125243104,770.9624518946296,96.9756779724176,2.406355769097587,26.622569322448275,False,-1.906355769097587
M03,Textured,6.0,2.5,0.85,2.2423528462586857,23.186848674476966,790.1830506945109,101.43249046183114,2.3033507211457724,24.7068267444942,False,-1.8033507211457724
M03,Textured,6.0,2.5,0.9,2.2817465492007614,23.64543155047054,789.4478501147393,100.70221248583978,2.342744424087848,25.165409620487775,False,-1.842744424087848
M03,Textured,6.0,2.5,0.95,2.321140252142837,24.10401442646411,788.7126495349676,99.97193450984844,2.382138127029924,25.623992496481346,False,-1.8821381270299238
M03,Textured,6.0,2.5,1.0,2.3605339550849127,24.562597302457686,787.977448955196,99.2416565338571,2.4215318299719994,26.08257537247492,False,-1.9215318299719994
M03,Textured,6.0,2.5,1.05,2.3999276580269884,25.02118017845126,787.2422483754243,98.51137855786574,2.460925532914075,26.541158248468495,False,-1.9609255329140751
M03,Textured,6.0,2.5,1.1,2.4393213609690645,25.47976305444483,786.5070477956526,97.7811005818744,2.5003192358561512,26.999741124462066,False,-2.0003192358561512
M03,Textured,6.0,2.5,1.15,2.4787150639111397,25.938345930438405,785.771847215881,97.05082260588306,2.5397129387982265,27.45832400045564,False,-2.0397129387982265
M03,Textured,6.0,2.75,0.85,2.37829056204895,24.063671898534412,806.4936729345726,101.42449016165021,2.4392884369360366,25.583649968551647,False,-1.9392884369360366
M03,Textured,6.0,2.75,0.9,2.4172541739760884,24.515410016852975,805.5082678683326,100.70806967459993,2.478252048863175,26.03538808687021,False,-1.9782520488631752
M03,Textured,6.0,2.75,0.95,2.4562177859032266,24.967148135171534,804.5228628020925,99.99164918754964,2.5172156607903133,26.48712620518877,False,-2.0172156607903133
M03,Textured,6.0,2.75,1.0,2.4951813978303647,25.418886253490093,803.5374577358525,99.27522870049935,2.5561792727174515,26.938864323507328,False,-2.0561792727174515
M03,Textured,6.0,2.75,1.05,2.5341450097575033,25.870624371808653,802.5520526696125,98.55880821344907,2.59514288464459,27.390602441825887,False,-2.09514288464459
M03,Textured,6.0,2.75,1.1,2.5731086216846415,26.32236249012721,801.5666476033724,97.84238772639878,2.6341064965717282,27.842340560144446,False,-2.1341064965717282
M03,Textured,6.0,2.75,1.15,2.6120722336117796,26.77410060844577,800.5812425371324,97.12596723934851,2.6730701084988664,28.294078678463006,False,-2.1730701084988664
M03,Textured,6.0,3.0,0.85,2.5142282778392144,24.940495122591862,822.8042951746343,101.4164898614693,2.575226152726301,26.460473192609097,False,-2.075226152726301
M03,Textured,6.0,3.0,0.9,2.5527617987514155,25.38538848323541,821.5686856219259,100.71392686336007,2.6137596736385023,26.905366553252644,False,-2.1137596736385023
M03,Textured,6.0,3.0,0.95,2.591295319663616,25.830281843878954,820.3330760692174,100.01136386525086,2.652293194550703,27.35025991389619,False,-2.152293194550703
M03,Textured,6.0,3.0,1.0,2.629828840575817,26.2751752045225,819.097466516509,99.30880086714163,2.6908267154629035,27.795153274539736,False,-2.1908267154629035
M03,Textured,6.0,3.0,1.05,2.668362361488018,26.720068565166045,817.8618569638006,98.60623786903241,2.7293602363751046,28.24004663518328,False,-2.2293602363751046
M03,Textured,6.0,3.0,1.1,2.7068958824002185,27.164961925809592,816.6262474110922,97.90367487092318,2.7678937572873052,28.684939995826827,False,-2.2678937572873052
M03,Textured,6.0,3.0,1.15,2.745429403312419,27.609855286453136,815.3906378583838,97.20111187281397,2.806427278199506,29.12983335647037,False,-2.306427278199506
M03,Textured,6.0,3.25,0.85,2.650165993629479,25.817318346649312,839.114917414696,101.40848956128839,2.7111638685165658,27.337296416666547,False,-2.2111638685165658
M03,Textured,6.0,3.25,0.9,2.6882694235267426,26.255366949617844,837.6291033755192,100.71978405212022,2.7492672984138293,27.77534501963508,False,-2.2492672984138293
M03,Textured,6.0,3.25,0.95,2.7263728534240057,26.693415552586373,836.1432893363424,100.03107854295206,2.7873707283110924,28.213393622603608,False,-2.2873707283110924
M03,Textured,6.0,3.25,1.0,2.764476283321269,27.131464155554905,834.6574752971657,99.3423730337839,2.8254741582083556,28.65144222557214,False,-2.3254741582083556
M03,Textured,6.0,3.25,1.05,2.8025797132185324,27.56951275852344,833.1716612579888,98.65366752461574,2.863577588105619,29.089490828540676,False,-2.363577588105619
M03,Textured,6.0,3.25,1.1,2.8406831431157955,28.007561361491973,831.685847218812,97.96496201544757,2.9016810180028823,29.527539431509208,False,-2.4016810180028823
M03,Textured,6.0,3.25,1.15,2.8787865730130586,28.445609964460502,830.2000331796352,97.27625650627941,2.9397844479001454,29.965588034477737,False,-2.4397844479001454
M03,Textured,6.0,3.5,0.85,2.7861037094197436,26.69414157070676,855.4255396547577,101.40048926110747,2.8471015843068304,28.214119640723993,False,-2.3471015843068304
M03,Textured,6.0,3.5,0.9,2.8237770483020697,27.12534541600028,853.6895211291126,100.72564124088036,2.8847749231891564,28.645323486017514,False,-2.3847749231891564
M03,Textured,6.0,3.5,0.95,2.8614503871843953,27.556549261293796,851.9535026034673,100.05079322065328,2.922448262071482,29.07652733131103,False,-2.422448262071482
M03,Textured,6.0,3.5,1.0,2.899123726066721,27.987753106587313,850.2174840778222,99.37594520042617,2.9601216009538076,29.507731176604548,False,-2.4601216009538076
M03,Textured,6.0,3.5,1.05,2.936797064949047,28.418956951880833,848.4814655521769,98.70109718019907,2.9977949398361337,29.938935021898068,False,-2.4977949398361337
M03,Textured,6.0,3.5,1.1,2.9744704038313725,28.85016079717435,846.7454470265318,98.02624915997197,3.0354682787184593,30.370138867191585,False,-2.5354682787184593
M03,Textured,6.0,3.5,1.15,3.0121437427136986,29.281364642467867,845.0094285008867,97.35140113974487,3.0731416176007853,30.801342712485102,False,-2.5731416176007853
M03,Textured,6.25,1.5,0.85,1.7460782627659572,19.87178771946601,724.9388251325853,101.00073331716015,1.8070761376530442,21.391765789483244,False,-1.3070761376530442
M03,Textured,6.25,1.5,0.9,1.786509301695626,20.361894492468718,724.9753484828756,100.20006975329956,1.847507176582713,21.881872562485952,False,-1.347507176582713
M03,Textured,6.25,1.5,0.95,1.8269403406252946,20.852001265471426,725.0118718331659,99.39940618943896,1.8879382155123816,22.37197933548866,False,-1.3879382155123816
M03,Textured,6.25,1.5,1.0,1.8673713795549634,21.342108038474134,725.0483951834561,98.59874262557835,1.9283692544420503,22.86208610849137,False,-1.4283692544420503
M03,Textured,6.25,1.5,1.05,1.9078024184846323,21.83221481147684,725.0849185337464,97.79807906171776,1.9688002933717192,23.352192881494076,False,-1.4688002933717192
M03,Textured,6.25,1.5,1.1,1.948233457414301,22.322321584479546,725.1214418840367,96.99741549785716,2.009231332301388,23.84229965449678,False,-1.509231332301388
M03,Textured,6.25,1.5,1.15,1.9886644963439695,22.812428357482254,725.157965234327,96.19675193399657,2.049662371231056,24.33240642749949,False,-1.5496623712310562
M03,Textured,6.25,1.75,0.85,1.8856857371539475,20.7636382357557,741.324918905007,100.99391276339382,1.9466836120410345,22.283616305772934,False,-1.4466836120410345
M03,Textured,6.25,1.75,0.9,1.9256866850686787,21.246900251083392,741.111237768829,100.20710668847428,1.9866845599557656,22.766878321100627,False,-1.4866845599557656
M03,Textured,6.25,1.75,0.95,1.9656876329834099,21.730162266411085,740.8975566326509,99.42030061355474,2.026685507870497,23.25014033642832,False,-1.5266855078704968
M03,Textured,6.25,1.75,1.0,2.0056885808981413,22.213424281738778,740.6838754964728,98.6334945386352,2.066686455785228,23.733402351756013,False,-1.566686455785228
M03,Textured,6.25,1.75,1.05,2.0456895288128725,22.696686297066474,740.4701943602947,97.84668846371567,2.106687403699959,24.21666436708371,False,-1.6066874036999592
M03,Textured,6.25,1.75,1.1,2.0856904767276037,23.179948312394167,740.2565132241166,97.05988238879613,2.1466883516146904,24.6999263824114,False,-1.6466883516146904
M03,Textured,6.25,1.75,1.15,2.125691424642335,23.66321032772186,740.0428320879385,96.2730763138766,2.1866892995294216,25.183188397739094,False,-1.6866892995294216
M03,Textured,6.25,2.0,0.85,2.0252932115419378,21.655488752045386,757.7110126774289,100.98709220962749,2.0862910864290245,23.17546682206262,False,-1.5862910864290245
M03,Textured,6.25,2.0,0.9,2.0648640684417314,22.131906009698067,757.2471270547825,100.21414362364901,2.125861943328818,23.651884079715302,False,-1.6258619433288182
M03,Textured,6.25,2.0,0.95,2.104434925341525,22.608323267350745,756.7832414321359,99.44119503767054,2.165432800228612,24.12830133736798,False,-1.6654328002286118
M03,Textured,6.25,2.0,1.0,2.144005782241319,23.084740525003426,756.3193558094895,98.66824645169206,2.205003657128406,24.60471859502066,False,-1.705003657128406
M03,Textured,6.25,2.0,1.05,2.183576639141113,23.561157782656107,755.855470186843,97.89529786571359,2.2445745140281996,25.08113585267334,False,-1.7445745140281996
M03,Textured,6.25,2.0,1.1,2.2231474960409066,24.037575040308788,755.3915845641965,97.1223492797351,2.2841453709279933,25.557553110326023,False,-1.7841453709279933
M03,Textured,6.25,2.0,1.15,2.2627183529407002,24.513992297961465,754.92769894155,96.34940069375664,2.323716227827787,26.0339703679787,False,-1.823716227827787
M03,Textured,6.25,2.25,0.85,2.1649006859299282,22.547339268335076,774.0971064498508,100.98027165586115,2.225898560817015,24.06731733835231,False,-1.725898560817015
M03,Textured,6.25,2.25,0.9,2.2040414518147844,23.01691176831274,773.3830163407359,100.22118055882373,2.265039326701871,24.536889838329976,False,-1.7650393267018711
M03,Textured,6.25,2.25,0.95,2.2431822176996405,23.486484268290408,772.6689262316211,99.46208946178632,2.3041800925867273,25.006462338307642,False,-1.8041800925867273
M03,Textured,6.25,2.25,1.0,2.2823229835844967,23.956056768268073,771.9548361225062,98.70299836474891,2.3433208584715834,25.476034838285308,False,-1.8433208584715834
M03,Textured,6.25,2.25,1.05,2.3214637494693533,24.42562926824574,771.2407460133913,97.9439072677115,2.38246162435644,25.945607338262974,False,-1.88246162435644
M03,Textured,6.25,2.25,1.1,2.3606045153542095,24.895201768223405,770.5266559042765,97.18481617067408,2.421602390241296,26.41517983824064,False,-1.9216023902412962
M03,Textured,6.25,2.25,1.15,2.3997452812390656,25.36477426820107,769.8125657951616,96.42572507363667,2.4607431561261524,26.884752338218306,False,-1.9607431561261524
M03,Textured,6.25,2.5,0.85,2.3045081603179183,23.439189784624762,790.4832002222727,100.97345110209481,2.365506035205005,24.959167854641997,False,-1.865506035205005
M03,Textured,6.25,2.5,0.9,2.3432188351878374,23.901917526927416,789.5189056266894,100.22821749399846,2.404216710074924,25.42189559694465,False,-1.904216710074924
M03,Textured,6.25,2.5,0.95,2.381929510057756,24.364645269230067,788.5546110311061,99.48298388590212,2.4429273849448427,25.8846233392473,False,-1.9429273849448427
M03,Textured,6.25,2.5,1.0,2.4206401849276746,24.82737301153272,787.5903164355229,98.73775027780576,2.4816380598147614,26.347351081549956,False,-1.9816380598147614
M03,Textured,6.25,2.5,1.05,2.4593508597975937,25.29010075383537,786.6260218399397,97.9925166697094,2.5203487346846805,26.810078823852606,False,-2.0203487346846805
M03,Textured,6.25,2.5,1.1,2.4980615346675124,25.752828496138026,785.6617272443564,97.24728306161306,2.559059409554599,27.27280656615526,False,-2.059059409554599
M03,Textured,6.25,2.5,1.15,2.536772209537431,26.215556238440676,784.6974326487731,96.5020494535167,2.5977700844245177,27.73553430845791,False,-2.0977700844245177
M03,Textured,6.25,2.75,0.85,2.4441156347059088,24.331040300914452,806.8692939946944,100.96663054832848,2.5051135095929955,25.851018370931687,False,-2.0051135095929955
M03,Textured,6.25,2.75,0.9,2.48239621856089,24.78692328554209,805.6547949126428,100.2352544291732,2.5433940934479766,26.306901355559326,False,-2.0433940934479766
M03,Textured,6.25,2.75,0.95,2.520676802415871,25.242806270169726,804.4402958305913,99.5038783100179,2.5816746773029577,26.76278434018696,False,-2.0816746773029577
M03,Textured,6.25,2.75,1.0,2.5589573862708526,25.698689254797365,803.2257967485396,98.77250219086261,2.6199552611579393,27.2186673248146,False,-2.1199552611579393
M03,Textured,6.25,2.75,1.05,2.5972379701258337,26.154572239425004,802.011297666488,98.04112607170732,2.6582358450129204,27.67455030944224,False,-2.1582358450129204
M03,Textured,6.25,2.75,1.1,2.6355185539808152,26.610455224052643,800.7967985844363,97.30974995255202,2.696516428867902,28.130433294069878,False,-2.196516428867902
M03,Textured,6.25,2.75,1.15,2.6737991378357964,27.066338208680282,799.5822995023847,96.57837383339674,2.734797012722883,28.586316278697517,False,-2.234797012722883
M03,Textured,6.25,3.0,0.85,2.583723109093899,25.22289081720414,823.2553877671163,100.95980999456215,2.6447209839809855,26.742868887221373,False,-2.1447209839809855
M03,Textured,6.25,3.0,0.9,2.621573601933943,25.671929044156766,821.7906841985963,100.24229136434792,2.6825714768210296,27.191907114174,False,-2.1825714768210296
M03,Textured,6.25,3.0,0.95,2.6594240947739864,26.12096727110939,820.3259806300763,99.52477273413369,2.720421969661073,27.640945341126624,False,-2.220421969661073
M03,Textured,6.25,3.0,1.0,2.6972745876140305,26.570005498062013,818.8612770615563,98.80725410391946,2.7582724625011172,28.089983568079248,False,-2.2582724625011172
M03,Textured,6.25,3.0,1.05,2.735125080454074,27.01904372501464,817.3965734930363,98.08973547370523,2.796122955341161,28.539021795031875,False,-2.296122955341161
M03,Textured,6.25,3.0,1.1,2.772975573294118,27.468081951967264,815.9318699245163,97.372216843491,2.833973448181205,28.9880600219845,False,-2.333973448181205
M03,Textured,6.25,3.0,1.15,2.8108260661341617,27.917120178919888,814.4671663559963,96.65469821327677,2.8718239410212485,29.437098248937122,False,-2.3718239410212485
M03,Textured,6.25,3.25,0.85,2.7233305834818893,26.11474133349383,839.6414815395382,100.95298944079582,2.784328458368976,27.634719403511063,False,-2.284328458368976
M03,Textured,6.25,3.25,0.9,2.7607509853069954,26.556934802771437,837.9265734845497,100.24932829952265,2.821748860194082,28.07691287278867,False,-2.321748860194082
M03,Textured,6.25,3.25,0.95,2.798171387132102,26.99912827204905,836.2116654295613,99.54566715824947,2.8591692620191886,28.519106342066284,False,-2.3591692620191886
M03,Textured,6.25,3.25,1.0,2.835591788957208,27.44132174132666,834.496757374573,98.84200601697631,2.8965896638442947,28.961299811343896,False,-2.3965896638442947
M03,Textured,6.25,3.25,1.05,2.8730121907823145,27.883515210604273,832.7818493195846,98.13834487570314,2.9340100656694013,29.403493280621507,False,-2.4340100656694013
M03,Textured,6.25,3.25,1.1,2.910432592607421,28.325708679881885,831.0669412645962,97.43468373442998,2.971430467494508,29.84568674989912,False,-2.471430467494508
M03,Textured,6.25,3.25,1.15,2.947852994432527,28.767902149159493,829.3520332096078,96.73102259315681,3.008850869319614,30.287880219176728,False,-2.508850869319614
M03,Textured,6.25,3.5,0.85,2.8629380578698793,27.006591849783515,856.02757531196,100.94616888702947,2.923935932756966,28.52656991980075,False,-2.423935932756966
M03,Textured,6.25,3.5,0.9,2.8999283686800483,27.44194056138611,854.0624627705032,100.25636523469737,2.960926243567135,28.961918631403346,False,-2.460926243567135
M03,Textured,6.25,3.5,0.95,2.936918679490217,27.87728927298871,852.0973502290465,99.56656158236527,2.9979165543773036,29.397267343005943,False,-2.4979165543773036
M03,Textured,6.25,3.5,1.0,2.973908990300386,28.31263798459131,850.1322376875896,98.87675793003316,3.0349068651874727,29.832616054608543,False,-2.5349068651874727
M03,Textured,6.25,3.5,1.05,3.010899301110555,28.747986696193905,848.1671251461329,98.18695427770106,3.0718971759976417,30.26796476621114,False,-2.5718971759976417
M03,Textured,6.25,3.5,1.1,3.047889611920724,29.183335407796502,846.2020126046762,97.49715062536895,3.1088874868078107,30.703313477813737,False,-2.6088874868078107
M03,Textured,6.25,3.5,1.15,3.0848799227308925,29.6186841193991,844.2369000632193,96.80734697303684,3.1458777976179793,31.138662189416333,False,-2.6458777976179793
M03,Textured,6.5,1.5,0.85,1.793554542434287,20.06401966068485,724.9370885309064,100.53697497176552,1.8545524173213739,21.583997730702084,False,-1.3545524173213739
M03,Textured,6.5,1.5,0.9,1.8333025532917988,20.558271299996637,724.7445178653851,99.7213557757999,1.8943004281788858,22.07824937001387,False,-1.3943004281788858
M03,Textured,6.5,1.5,0.95,1.8730505641493105,21.05252293930842,724.5519471998638,98.90573657983431,1.9340484390363974,22.572501009325656,False,-1.4340484390363974
M03,Textured,6.5,1.5,1.0,1.9127985750068224,21.54677457862021,724.3593765343425,98.0901173838687,1.9737964498939093,23.066752648637443,False,-1.4737964498939093
M03,Textured,6.5,1.5,1.05,1.952546585864334,22.041026217931996,724.1668058688211,97.27449818790309,2.013544460751421,23.56100428794923,False,-1.513544460751421
M03,Textured,6.5,1.5,1.1,1.992294596721846,22.53527785724378,723.9742352032998,96.4588789919375,2.0532924716089327,24.055255927261015,False,-1.5532924716089327
M03,Textured,6.5,1.5,1.15,2.0320426075793576,23.029529496555565,723.7816645377785,95.64325979597189,2.0930404824664444,24.5495075665728,False,-1.5930404824664444
M03,Textured,6.5,1.75,0.85,1.936831775420003,20.97089746920678,741.3986538356884,100.53133416441376,1.99782965030709,22.490875539224014,False,-1.49782965030709
M03,Textured,6.5,1.75,0.9,1.9761496952625772,21.45830435084355,740.9558786836986,99.72957245738921,2.037147570149664,22.978282420860786,False,-1.537147570149664
M03,Textured,6.5,1.75,0.95,2.0154676151051514,21.94571123248032,740.513103531709,98.92781075036467,2.076465489992238,23.465689302497555,False,-1.5764654899922381
M03,Textured,6.5,1.75,1.0,2.054785534947726,22.433118114117097,740.0703283797193,98.12604904334013,2.1157834098348127,23.95309618413433,False,-1.6157834098348127
M03,Textured,6.5,1.75,1.05,2.0941034547903,22.92052499575387,739.6275532277295,97.32428733631559,2.155101329677387,24.440503065771104,False,-1.6551013296773869
M03,Textured,6.5,1.75,1.1,2.1334213746328747,23.40793187739064,739.1847780757399,96.52252562929105,2.1944192495199615,24.927909947407876,False,-1.6944192495199615
M03,Textured,6.5,1.75,1.15,2.1727392944754484,23.89533875902741,738.7420029237502,95.72076392226651,2.233737169362535,25.415316829044645,False,-1.7337371693625352
M03,Textured,6.5,2.0,0.85,2.080109008405719,21.877775277728706,757.8602191404703,100.52569335706201,2.1411068832928057,23.39775334774594,False,-1.6411068832928057
M03,Textured,6.5,2.0,0.9,2.118996837233356,22.358337401690463,757.1672395020123,99.73778913897853,2.179994712120443,23.878315471707698,False,-1.6799947121204428
M03,Textured,6.5,2.0,0.95,2.1578846660609927,22.838899525652224,756.4742598635543,98.94988492089504,2.2188825409480795,24.35887759566946,False,-1.7188825409480795
M03,Textured,6.5,2.0,1.0,2.1967724948886294,23.31946164961398,755.7812802250961,98.16198070281156,2.257770369775716,24.839439719631216,False,-1.757770369775716
M03,Textured,6.5,2.0,1.05,2.2356603237162664,23.80002377357574,755.0883005866381,97.37407648472808,2.296658198603353,25.320001843592976,False,-1.7966581986033532
M03,Textured,6.5,2.0,1.1,2.274548152543903,24.2805858975375,754.3953209481799,96.5861722666446,2.33554602743099,25.800563967554734,False,-1.8355460274309898
M03,Textured,6.5,2.0,1.15,2.3134359813715397,24.761148021499256,753.7023413097219,95.79826804856113,2.3744338562586265,26.28112609151649,False,-1.8744338562586265
M03,Textured,6.5,2.25,0.85,2.223386241391435,22.784653086250632,774.3217844452523,100.52005254971026,2.2843841162785217,24.304631156267867,False,-1.7843841162785217
M03,Textured,6.5,2.25,0.9,2.2618439792041345,23.258370452537378,773.3786003203259,99.74600582056783,2.3228418540912212,24.778348522554612,False,-1.8228418540912212
M03,Textured,6.5,2.25,0.95,2.3003017170168336,23.732087818824123,772.4354161953994,98.97195909142542,2.3612995919039204,25.252065888841358,False,-1.8612995919039204
M03,Textured,6.5,2.25,1.0,2.338759454829533,24.20580518511087,771.4922320704729,98.19791236228299,2.39975732971662,25.725783255128103,False,-1.89975732971662
M03,Textured,6.5,2.25,1.05,2.3772171926422323,24.679522551397614,770.5490479455465,97.42386563314058,2.438215067529319,26.19950062141485,False,-1.938215067529319
M03,Textured,6.5,2.25,1.1,2.415674930454932,25.15323991768436,769.60586382062,96.64981890399815,2.4766728053420186,26.673217987701594,False,-1.9766728053420186
M03,Textured,6.5,2.25,1.15,2.454132668267631,25.6269572839711,768.6626796956936,95.87577217485574,2.5151305431547177,27.146935353988336,False,-2.0151305431547177
M03,Textured,6.5,2.5,0.85,2.3666634743771513,23.691530894772562,790.7833497500343,100.5144117423585,2.427661349264238,25.211508964789797,False,-1.927661349264238
M03,Textured,6.5,2.5,0.9,2.404691121174913,24.158403503384292,789.5899611386395,99.75422250215715,2.4656889960619996,25.678381573401527,False,-1.9656889960619996
M03,Textured,6.5,2.5,0.95,2.442718767972675,24.625276111996023,788.3965725272446,98.99403326195579,2.5037166428597617,26.145254182013257,False,-2.0037166428597617
M03,Textured,6.5,2.5,1.0,2.4807464147704366,25.092148720607753,787.2031839158498,98.23384402175442,2.5417442896575233,26.612126790624988,False,-2.0417442896575233
M03,Textured,6.5,2.5,1.05,2.5187740615681986,25.559021329219487,786.009795304455,97.47365478155307,2.5797719364552854,27.07899939923672,False,-2.0797719364552854
M03,Textured,6.5,2.5,1.1,2.55680170836596,26.025893937831217,784.8164066930601,96.71346554135171,2.617799583253047,27.545872007848452,False,-2.117799583253047
M03,Textured,6.5,2.5,1.15,2.5948293551637223,26.492766546442947,783.6230180816652,95.95327630115035,2.655827230050809,28.012744616460182,False,-2.155827230050809
M03,Textured,6.5,2.75,0.85,2.5099407073628672,24.59840870329449,807.2449150548164,100.50877093500675,2.570938582249954,26.118386773311723,False,-2.070938582249954
M03,Textured,6.5,2.75,0.9,2.5475382631456913,25.058436554231207,805.8013219569531,99.76243918374645,2.608536138032778,26.578414624248442,False,-2.108536138032778
M03,Textured,6.5,2.75,0.95,2.585135818928516,25.518464405167922,804.3577288590899,99.01610743248615,2.6461336938156026,27.038442475185157,False,-2.1461336938156026
M03,Textured,6.5,2.75,1.0,2.6227333747113404,25.97849225610464,802.9141357612267,98.26977568122587,2.683731249598427,27.498470326121875,False,-2.183731249598427
M03,Textured,6.5,2.75,1.05,2.6603309304941645,26.43852010704136,801.4705426633634,97.52344392996557,2.721328805381251,27.958498177058594,False,-2.221328805381251
M03,Textured,6.5,2.75,1.1,2.697928486276989,26.898547957978078,800.0269495655002,96.77711217870527,2.7589263611640757,28.418526027995313,False,-2.2589263611640757
M03,Textured,6.5,2.75,1.15,2.735526042059813,27.358575808914793,798.5833564676369,96.03078042744498,2.7965239169469,28.878553878932028,False,-2.2965239169469
M03,Textured,6.5,3.0,0.85,2.653217940348583,25.505286511816415,823.7064803595983,100.503130127655,2.71421581523567,27.02526458183365,False,-2.21421581523567
M03,Textured,6.5,3.0,0.9,2.69038540511647,25.958469605078122,822.0126827752667,99.77065586533575,2.751383280003557,27.478447675095357,False,-2.251383280003557
M03,Textured,6.5,3.0,0.95,2.7275528698843567,26.411652698339825,820.3188851909351,99.03818160301653,2.7885507447714435,27.93163076835706,False,-2.2885507447714435
M03,Textured,6.5,3.0,1.0,2.7647203346522438,26.86483579160153,818.6250876066035,98.3057073406973,2.8257182095393305,28.384813861618763,False,-2.3257182095393305
M03,Textured,6.5,3.0,1.05,2.8018877994201308,27.318018884863232,816.9312900222719,97.57323307837805,2.8628856743072175,28.837996954880467,False,-2.3628856743072175
M03,Textured,6.5,3.0,1.1,2.839055264188018,27.771201978124935,815.2374924379403,96.84075881605882,2.9000531390751045,29.29118004814217,False,-2.4000531390751045
M03,Textured,6.5,3.0,1.15,2.8762227289559044,28.22438507138664,813.5436948536087,96.1082845537396,2.937220603842991,29.744363141403873,False,-2.437220603842991
M03,Textured,6.5,3.25,0.85,2.796495173334299,26.412164320338345,840.1680456643803,100.49748932030323,2.857493048221386,27.93214239035558,False,-2.357493048221386
M03,Textured,6.5,3.25,0.9,2.8332325470872486,26.858502655925033,838.2240435935803,99.77887254692507,2.8942304219743353,28.378480725942268,False,-2.3942304219743353
M03,Textured,6.5,3.25,0.95,2.869969920840198,27.304840991511725,836.2800415227803,99.0602557735469,2.930967795727285,28.82481906152896,False,-2.430967795727285
M03,Textured,6.5,3.25,1.0,2.9067072945931476,27.751179327098413,834.3360394519804,98.34163900016873,2.9677051694802343,29.271157397115648,False,-2.4677051694802343
M03,Textured,6.5,3.25,1.05,2.9434446683460966,28.197517662685105,832.3920373811803,97.62302222679055,3.0044425432331834,29.71749573270234,False,-2.5044425432331834
M03,Textured,6.5,3.25,1.1,2.980182042099046,28.643855998271796,830.4480353103803,96.90440545341238,3.041179916986133,30.16383406828903,False,-2.541179916986133
M03,Textured,6.5,3.25,1.15,3.0169194158519956,29.090194333858484,828.5040332395804,96.18578868003421,3.0779172907390824,30.61017240387572,False,-2.5779172907390824
M03,Textured,6.5,3.5,0.85,2.939772406320015,27.31904212886027,856.6296109691623,100.49184851295148,3.0007702812071018,28.839020198877506,False,-2.5007702812071018
M03,Textured,6.5,3.5,0.9,2.976079689058027,27.758535706771948,854.435404411894,99.78708922851438,3.0370775639451137,29.278513776789183,False,-2.5370775639451137
M03,Textured,6.5,3.5,0.95,3.012386971796039,28.198029284683624,852.2411978546255,99.08232994407726,3.0733848466831257,29.71800735470086,False,-2.5733848466831257
M03,Textured,6.5,3.5,1.0,3.048694254534051,28.6375228625953,850.0469912973572,98.37757065964016,3.1096921294211377,30.157500932612535,False,-2.6096921294211377
M03,Textured,6.5,3.5,1.05,3.085001537272063,29.077016440506977,847.8527847400887,97.67281137520304,3.1459994121591497,30.596994510524212,False,-2.6459994121591497
M03,Textured,6.5,3.5,1.1,3.121308820010075,29.516510018418654,845.6585781828204,96.96805209076594,3.1823066948971617,31.03648808843589,False,-2.6823066948971617
M03,Textured,6.5,3.5,1.15,3.1576161027480865,29.95600359633033,843.4643716255521,96.26329280632882,3.218613977635173,31.475981666347565,False,-2.718613977635173
