shot_id,elapsed_s,vacuum_kpa_abs,edge_temp_c,center_temp_c,press_pressure_mpa,platen_position_mm
S001,0.0,101.10880022192516,165.04107607204062,165.03103004571923,0.0,0.0
S001,0.5,79.17855517983314,165.86365839482198,165.7376936880905,0.0,0.0
S001,1.0,61.77134764960013,166.5432363313512,166.34251348023687,0.0,0.0
S001,1.5,47.85831147394503,167.18825686293732,166.87723425178325,0.0,0.0
S001,2.0,38.07210507948576,167.81493929488673,167.37888005973272,0.0,0.0
S001,2.5,30.24663742293857,168.41728592459893,168.09454380259223,0.0,0.0
S001,3.0,24.284064603343058,168.77594805824384,168.43945540396814,0.0,0.0
S001,3.5,19.68223309820425,169.3826340372752,168.78401721025838,0.0,0.0
S001,4.0,16.309067792161795,169.84247611862023,169.19560950136798,0.0,0.0
S001,4.5,13.438201470149334,170.10556008811204,169.57907357870272,0.0,0.0
S001,5.0,11.700619788431341,170.50561164895257,169.79044781133106,0.0,0.0
S001,5.5,9.352563933467025,170.67828141337975,170.10373845572718,0.0,0.0
S001,6.0,8.467215091378886,171.05874088225784,170.44903939605044,0.0,0.0
S001,6.5,7.687482341219619,171.26859995654252,170.64031858878766,0.0,0.0
S001,7.0,6.882378626009829,171.40051562868254,170.8608066693348,0.0,0.0
S001,7.5,6.562146902134236,171.71110189875992,171.14887322573617,0.0,0.0
S001,8.0,5.899732292561131,172.00487537453577,171.37237605385732,0.0,0.0
S001,8.5,5.240980460046307,172.05947951790952,171.4604679381459,1.0625,0.425
S001,9.0,5.061479514894006,172.36011368223015,171.62610803650418,2.125,0.85
S001,9.5,5.037205610212919,172.50363807859748,171.80733958912748,3.1875,1.275
S001,10.0,4.836025072560068,172.532250948508,171.86642079732468,4.25,1.7
S001,10.5,4.740250188495856,172.79086165716993,172.0319249033417,5.3125,2.125
S001,11.0,5.1372326910569255,172.84845699928763,172.28175612458077,6.375,2.55
S001,11.5,4.602824415256298,173.0926178052492,172.35269624207996,7.4375,2.975
S001,12.0,4.705309343001159,173.05307252189408,172.48046899708325,8.5,3.4
S001,12.5,4.700501265756331,173.18497368602058,172.49296744668203,8.5,3.8249999999999997
S001,13.0,4.764924849637039,173.19238000632748,172.52969674361628,8.5,4.25
S001,13.5,4.572995770041331,173.1732324679712,172.6496729815379,8.5,4.675
S001,14.0,4.329180791496473,173.3582443156073,172.65957295746603,8.5,5.0
S001,14.5,4.332153574603012,173.47621141962924,172.65244672468458,8.5,5.0
S001,15.0,4.509970818198425,173.59320061600587,172.83537965016242,8.5,5.0
S001,15.5,4.471279092750559,173.65029364722017,172.7884058190081,8.5,5.0
S001,16.0,4.401637612961941,173.56479086552375,172.90852574575902,8.5,5.0
S001,16.5,4.328310975160252,173.64912501822786,173.03830159023238,8.5,5.0
S001,17.0,4.064555241180147,173.61660763108705,173.11171435106743,8.5,5.0
S001,17.5,4.378876733048532,173.78875815341527,172.97825713528349,8.5,5.0
S001,18.0,4.549768103662838,173.65248258678,173.08989021643265,8.5,5.0
S001,18.5,4.5533026868234705,173.79776254573594,173.19363610052122,8.5,5.0
S001,19.0,4.327032575109408,173.86788820444053,173.15994452859968,8.5,5.0
S001,19.5,4.551711304641495,173.696710367555,173.15146806402652,8.5,5.0
S001,20.0,4.4200182472029335,173.7693945465429,173.18964099371686,8.5,5.0
S001,20.5,4.397829902029635,173.90299357053456,173.17581487234906,8.5,5.0
S001,21.0,4.608184131795271,173.7426376095188,173.18242691641368,8.5,5.0
S001,21.5,4.803073446956273,173.948184715173,173.2743000890608,8.5,5.0
S001,22.0,4.425928396311326,173.98084290800472,173.20772787702515,8.5,5.0
S001,22.5,4.363375704281355,173.9238234471958,173.17752242276688,8.5,5.0
S001,23.0,4.645808779486381,173.99966359251312,173.33318144589086,8.5,5.0
S001,23.5,4.5012990885679045,174.01984950193636,173.0746569242048,8.5,5.0
S001,24.0,4.110152105365333,174.01599181550364,173.38224381496016,8.5,5.0
S001,24.5,4.386561443075087,173.92041311951786,173.38409370673116,8.5,5.0
S001,25.0,4.386838911604505,174.01312270795998,173.3829251111851,8.5,5.0
S001,25.5,4.5034344214054265,174.02271037481898,173.32899190898243,8.5,5.0
S001,26.0,4.424891679369349,174.08961703399945,173.40156624292086,8.5,5.0
S001,26.5,4.628735975947717,173.98742928012564,173.48908146241934,8.5,5.0
S001,27.0,4.337096395566391,174.07417690207222,173.34321688538134,8.5,5.0
S001,27.5,4.349609436878967,174.07280789840013,173.47204376569363,8.5,5.0
S001,28.0,4.582612122014134,174.0486531999475,173.34719968220816,8.5,5.0
S001,28.5,4.463250367624196,174.06652667867954,173.4534907239405,8.5,5.0
S001,29.0,4.465503683653405,174.05445767577226,173.40583609583751,8.5,5.0
S001,29.5,4.370353209279146,174.03112138460287,173.40567640901264,8.5,5.0
S001,30.0,4.670028061074408,173.9899048171519,173.50164752062327,8.5,5.0
S002,0.0,101.26926307737625,164.95989160924967,164.9995683939939,0.0,0.0
S002,0.5,78.42880751910566,165.79820658803143,165.67651949049068,0.0,0.0
S002,1.0,61.37712183509422,166.24683133642225,166.3727227338429,0.0,0.0
S002,1.5,47.754100590229974,167.02302457149239,166.73555309907874,0.0,0.0
S002,2.0,37.42742762022678,167.50377203052875,167.26804715755338,0.0,0.0
S002,2.5,30.173985564134526,168.16530514451972,167.69212417803692,0.0,0.0
S002,3.0,24.103283083969195,168.66377589208793,168.000671853617,0.0,0.0
S002,3.5,19.707511402300224,168.94394655788793,168.5496217655826,0.0,0.0
S002,4.0,15.749153100249886,169.40249605875152,169.04857903036228,0.0,0.0
S002,4.5,13.248606322322559,169.7825439768064,169.09741995967855,0.0,0.0
S002,5.0,11.295134136257102,170.04818097762896,169.4703993788119,0.0,0.0
S002,5.5,9.247659952170052,170.35814442522891,169.65022135772082,0.0,0.0
S002,6.0,8.63213060993945,170.5817753591628,170.01100960918905,0.0,0.0
S002,6.5,7.534350977093759,170.8699432678307,170.10906660873073,0.0,0.0
S002,7.0,6.967421194015738,171.16768255411307,170.36410135848155,0.0,0.0
S002,7.5,6.322374151825597,171.2882041333257,170.60885024846797,0.0,0.0
S002,8.0,5.783642822029566,171.4983217756539,170.79417349502296,0.0,0.0
S002,8.5,5.236790098270202,171.71438709899292,170.86372460794334,1.0625,0.5
S002,9.0,5.468885575535179,171.86785970294508,170.9608854933725,2.125,1.0
S002,9.5,5.119384399063318,172.12360982192175,171.22354059396315,3.1875,1.5
S002,10.0,4.945220205285857,172.15050121878468,171.19444798031375,4.25,2.0
S002,10.5,4.749919852286284,172.30413323630958,171.4930049500457,5.3125,2.5
S002,11.0,4.302940536725161,172.44253845033955,171.49098040338998,6.375,3.0
S002,11.5,4.639331017352607,172.37550234183357,171.62520926349308,7.4375,3.5
S002,12.0,4.614194602268074,172.57025734280077,171.69017814052606,8.5,4.0
S002,12.5,4.5177808822805785,172.62209787262935,171.9336347717657,8.5,4.5
S002,13.0,4.590149953829697,172.6174673543801,172.11023406562646,8.5,5.0
S002,13.5,4.421628680056651,172.72825298827073,171.94908395356833,8.5,5.0
S002,14.0,4.723718808629126,172.85314858132443,172.0715337114519,8.5,5.0
S002,14.5,5.05448214501509,172.82286572917093,172.03495969659667,8.5,5.0
S002,15.0,4.835788537218518,172.88399430974488,172.25768076919354,8.5,5.0
S002,15.5,4.591966613638824,173.01988876145114,172.1548780355518,8.5,5.0
S002,16.0,4.096652326045574,172.9696472826256,172.13200178909423,8.5,5.0
S002,16.5,4.511859258088666,173.11567516257685,172.15247951756072,8.5,5.0
S002,17.0,4.527059823853943,173.07132554683008,172.28804774701698,8.5,5.0
S002,17.5,4.234702450002254,173.18536221995393,172.17164379251517,8.5,5.0
S002,18.0,4.469643056732469,173.0849456044975,172.26423892147392,8.5,5.0
S002,18.5,4.341107913715773,173.2477444265652,172.44696446814376,8.5,5.0
S002,19.0,4.734546565542791,173.1996546028174,172.33217857138268,8.5,5.0
S002,19.5,4.360961393903009,173.24405428999975,172.44913866502216,8.5,5.0
S002,20.0,4.562086806275872,173.34941555574395,172.4366336247599,8.5,5.0
S002,20.5,4.645381342674643,173.42506130137062,172.49895902066362,8.5,5.0
S002,21.0,4.343032024777165,173.43251033926362,172.42056703633352,8.5,5.0
S002,21.5,4.480054816640053,173.31167022055317,172.53940054407283,8.5,5.0
S002,22.0,4.505470629733264,173.4385203250005,172.6772088322429,8.5,5.0
S002,22.5,4.249216159395236,173.44546631755634,172.45555478882616,8.5,5.0
S002,23.0,4.301548511930115,173.46586365910954,172.43166836677543,8.5,5.0
S002,23.5,4.409810329195395,173.35781707429186,172.553417713475,8.5,5.0
S002,24.0,4.54763534618277,173.3100222529257,172.5932272918625,8.5,5.0
S002,24.5,4.354461503365097,173.3704998116551,172.6369027268082,8.5,5.0
S002,25.0,4.565663932915789,173.3888738536188,172.66267475456957,8.5,5.0
S002,25.5,4.396749547360794,173.43450471212424,172.59821585937254,8.5,5.0
S002,26.0,4.425453467979999,173.54224369614099,172.56870504777362,8.5,5.0
S002,26.5,4.567347260476955,173.51952819066017,172.59303134300546,8.5,5.0
S002,27.0,4.448330416252964,173.47891397246013,172.72756406984672,8.5,5.0
S002,27.5,4.485536034697237,173.4660087759003,172.5950954623102,8.5,5.0
S002,28.0,4.41851508578926,173.61476012261912,172.71794309630778,8.5,5.0
S002,28.5,4.453309565057193,173.3229634016896,172.64712439816444,8.5,5.0
S002,29.0,4.278272979663074,173.54150916259707,172.7520392138354,8.5,5.0
S002,29.5,4.23555918149324,173.6024297278751,172.639382383671,8.5,5.0
S002,30.0,4.274979024713348,173.40431198742766,172.61655498085065,8.5,5.0
S003,0.0,101.5310594395245,165.0033931543237,165.0077984535056,0.0,0.0
S003,0.5,80.10112678015874,165.7611076024977,165.62558225636758,0.0,0.0
S003,1.0,63.25238088664061,166.6077144535714,166.0997081207834,0.0,0.0
S003,1.5,50.61769812052006,167.2412831441751,166.86621943217654,0.0,0.0
S003,2.0,40.236261823259056,167.8774725121573,167.2375180774258,0.0,0.0
S003,2.5,32.93923614911187,168.4723401114146,167.5975270062014,0.0,0.0
S003,3.0,26.335355701614642,168.8262935270975,167.92028711646506,0.0,0.0
S003,3.5,21.755696378806665,169.4295903207204,168.35438839018676,0.0,0.0
S003,4.0,17.58158075250616,169.9354782135722,168.5975735504891,0.0,0.0
S003,4.5,15.172941371322597,170.33444960035487,168.9417125735323,0.0,0.0
S003,5.0,12.61877612039111,170.55699020820555,169.2505488821753,0.0,0.0
S003,5.5,10.769851582421667,170.99860750489185,169.51366856922547,0.0,0.0
S003,6.0,9.13320346261505,171.2994426144324,169.81616436085866,0.0,0.0
S003,6.5,8.404558989914161,171.44496377954647,170.0360987427383,0.0,0.0
S003,7.0,7.289505845640103,171.6729626535304,170.20283267152263,0.0,0.0
S003,7.5,6.911811944858645,171.98469297905174,170.26870764171431,0.0,0.0
S003,8.0,6.157482933360675,172.10149539709582,170.68406711882128,0.0,0.0
S003,8.5,6.108362673299861,172.38961673912107,170.67580006454781,1.0625,0.575
S003,9.0,5.461879512152655,172.6515084786324,170.81223837080827,2.125,1.15
S003,9.5,5.475185246661637,172.62147343030227,171.06390125694526,3.1875,1.7249999999999999
S003,10.0,5.241172346055101,172.88995454026835,171.1486019184881,4.25,2.3
S003,10.5,5.276662989039801,173.0334676617386,171.30619982141476,5.3125,2.875
S003,11.0,4.702309030276926,173.2502017475374,171.31744350457387,6.375,3.4499999999999997
S003,11.5,4.8064139519160305,173.21727652713463,171.4452687189286,7.4375,4.0249999999999995
S003,12.0,4.847282532150797,173.34637324659298,171.63433014231944,8.5,4.6
S003,12.5,4.715654084205997,173.50687277283396,171.6248845999934,8.5,5.0
S003,13.0,4.753450380064342,173.60483818750504,171.60851995705463,8.5,5.0
S003,13.5,4.670810179088201,173.67599382988567,171.60737280286799,8.5,5.0
S003,14.0,4.42598286212254,173.60282765105737,171.74630361573765,8.5,5.0
S003,14.5,4.425808374477939,173.6970379873746,171.86808231455998,8.5,5.0
S003,15.0,4.436515899252223,173.77798914786166,171.78783654319295,8.5,5.0
S003,15.5,4.163207138814505,173.81596344885435,171.90263128475004,8.5,5.0
S003,16.0,4.502178063749022,173.75655214520708,171.96735047362301,8.5,5.0
S003,16.5,4.559324686243268,173.83044017892996,171.93667173662993,8.5,5.0
S003,17.0,4.612366495626429,174.016768023659,172.003460795214,8.5,5.0
S003,17.5,4.601644076438065,174.0715337993988,172.11186088477606,8.5,5.0
S003,18.0,4.80384547038828,173.969178300273,172.16383344370422,8.5,5.0
S003,18.5,4.4097081945135885,174.0133755706816,172.0386878537606,8.5,5.0
S003,19.0,4.361266170194802,174.04326769261328,172.09705266546496,8.5,5.0
S003,19.5,4.763068733896157,174.16159223713214,172.1473896036461,8.5,5.0
S003,20.0,4.738420391034621,174.04263510948624,172.34564728539462,8.5,5.0
S003,20.5,4.273166733980867,174.08735889553026,172.22710679437193,8.5,5.0
S003,21.0,4.421385688632948,174.17680916594824,172.1937633999011,8.5,5.0
S003,21.5,4.237203048193537,174.19350615685505,172.26002232637128,8.5,5.0
S003,22.0,4.281850536764232,174.2420848931485,172.3195515773553,8.5,5.0
S003,22.5,4.728154884502562,174.29385815571814,172.30613503596558,8.5,5.0
S003,23.0,4.617895075228129,174.33279378172992,172.28555733324475,8.5,5.0
S003,23.5,4.232444688224677,174.23897494462136,172.23623532739055,8.5,5.0
S003,24.0,4.424053521019389,174.30730325850237,172.25379621836308,8.5,5.0
S003,24.5,4.384773793326349,174.31807824835417,172.2980177760618,8.5,5.0
S003,25.0,4.543985571876727,174.24042952093893,172.30787640233828,8.5,5.0
S003,25.5,4.476971103431078,174.32189923150548,172.4453442897931,8.5,5.0
S003,26.0,4.583877212245359,174.21394192592797,172.43608321526102,8.5,5.0
S003,26.5,4.202623524718656,174.26024303757572,172.43451869153998,8.5,5.0
S003,27.0,4.560416386400721,174.1830788583214,172.3377614281247,8.5,5.0
S003,27.5,4.515399817465955,174.3330293590575,172.40110673589768,8.5,5.0
S003,28.0,4.499632174537471,174.3206645776254,172.38482195371273,8.5,5.0
S003,28.5,4.3898831358982715,174.30950943412566,172.2545766879443,8.5,5.0
S003,29.0,4.290067856972306,174.4109439473898,172.2208740930025,8.5,5.0
S003,29.5,4.784186035408506,174.18165582252527,172.35938646972164,8.5,5.0
S003,30.0,4.642968335377968,174.43083740072407,172.3712412044728,8.5,5.0
S004,0.0,101.35695993098474,164.95582179014346,164.96314471479283,0.0,0.0
S004,0.5,77.4768368029472,165.76247950102265,165.6846365876548,0.0,0.0
S004,1.0,59.486025194489976,166.41735134161223,166.1913517805766,0.0,0.0
S004,1.5,45.890250275063345,167.1273465167344,166.72017120043742,0.0,0.0
S004,2.0,35.306147769747554,167.72990548529253,167.21090196379782,0.0,0.0
S004,2.5,28.083266595016056,168.31866533206744,167.64374461569244,0.0,0.0
S004,3.0,22.18295994985696,168.8553876534114,168.1638269914866,0.0,0.0
S004,3.5,17.61171276964123,169.1363158074823,168.4094557333913,0.0,0.0
S004,4.0,14.596538797908911,169.57965441392778,168.83746518418667,0.0,0.0
S004,4.5,12.192830615826358,170.05004726605324,169.13125197071645,0.0,0.0
S004,5.0,10.279919976187061,170.17988559053845,169.3005137681698,0.0,0.0
S004,5.5,8.816243551321893,170.6054521643856,169.6708236431091,0.0,0.0
S004,6.0,7.763170963001485,171.03737855267545,169.81190000003997,0.0,0.0
S004,6.5,6.84887370494869,170.9705173919468,170.12928365767004,0.0,0.0
S004,7.0,6.436375249772878,171.39393364907917,170.27290945159424,0.0,0.0
S004,7.5,5.759859507081832,171.6123756369419,170.52827382965924,0.0,0.0
S004,8.0,5.224637969847786,171.76476289530996,170.7767717039158,0.0,0.0
S004,8.5,4.790818289490046,171.96616859717554,170.71739644295855,1.0625,0.425
S004,9.0,5.287974991237128,172.1144298717209,170.84904402295288,2.125,0.85
S004,9.5,5.025001917839765,172.38557681064307,171.14959618367843,3.1875,1.275
S004,10.0,4.739720751095473,172.4986454671703,171.1868444515318,4.25,1.7
S004,10.5,4.745192865131302,172.52047933050792,171.38594915132984,5.3125,2.125
S004,11.0,4.607530649563945,172.61763782085464,171.4857039173314,6.375,2.55
S004,11.5,4.6358321751835625,172.66990835877252,171.62732350328292,7.4375,2.975
S004,12.0,4.8594218872879065,172.95252703000477,171.71225418709102,8.5,3.4
S004,12.5,4.688717134077519,173.01927166499593,171.69206298433375,8.5,3.8249999999999997
S004,13.0,4.268822869551081,173.07507893309287,171.75701180403,8.5,4.25
S004,13.5,4.791808873572329,173.19633107433677,171.82719031521847,8.5,4.675
S004,14.0,4.24385928587074,173.30421215294416,171.92488534806964,8.5,5.0
S004,14.5,4.406024717035234,173.2315835487493,171.8723507982275,8.5,5.0
S004,15.0,4.097080956388854,173.38950730075868,171.87407921959476,8.5,5.0
S004,15.5,4.294985305814871,173.35158048637467,171.93091921496608,8.5,5.0
S004,16.0,4.4164590216294295,173.2914374657864,172.02152320224803,8.5,5.0
S004,16.5,4.392328458647501,173.35809447092572,172.06363522469942,8.5,5.0
S004,17.0,4.2585832075211565,173.53337624018172,172.08622133927733,8.5,5.0
S004,17.5,4.379149705552047,173.45569928416026,172.23641385220884,8.5,5.0
S004,18.0,4.42503066225614,173.4676630577314,172.17643446649691,8.5,5.0
S004,18.5,4.4830205916000345,173.50016401629836,172.30121901107637,8.5,5.0
S004,19.0,4.700404654966488,173.56648175019944,172.35718812934314,8.5,5.0
S004,19.5,4.2788633059257295,173.57556337569852,172.23749111242583,8.5,5.0
S004,20.0,4.122631756623985,173.66077975739094,172.3400595129765,8.5,5.0
S004,20.5,4.29946149484347,173.7200791355114,172.36858686024763,8.5,5.0
S004,21.0,4.009268347746957,173.77220862141743,172.44054451226395,8.5,5.0
S004,21.5,4.242087116608663,173.6000376490349,172.34557558432473,8.5,5.0
S004,22.0,4.688666665815171,173.78047010922836,172.3315707517198,8.5,5.0
S004,22.5,4.211319648928105,173.68657818973975,172.4106456041495,8.5,5.0
S004,23.0,4.659497251890794,173.76300064632508,172.26703846930113,8.5,5.0
S004,23.5,4.516161940019302,173.7758675065912,172.44871239331724,8.5,5.0
S004,24.0,4.214708747978246,173.68015446581424,172.521992520171,8.5,5.0
S004,24.5,4.440160774605068,173.78389158802057,172.30452128322204,8.5,5.0
S004,25.0,4.57866300546404,173.72851027622508,172.62893878924808,8.5,5.0
S004,25.5,4.846771812393944,173.76526280240532,172.47352282708172,8.5,5.0
S004,26.0,4.382313625386977,173.71815624274743,172.534918674386,8.5,5.0
S004,26.5,4.315083152631676,173.79384520909383,172.44313688668618,8.5,5.0
S004,27.0,4.436996454799017,173.8974253505701,172.38480268940043,8.5,5.0
S004,27.5,4.34613951712579,173.62940353104653,172.3965904788014,8.5,5.0
S004,28.0,4.461108253904273,173.7562691472271,172.6810508708167,8.5,5.0
S004,28.5,4.626468325540517,173.74035660966734,172.45277440679402,8.5,5.0
S004,29.0,4.363492038085956,173.84401678026418,172.55681173008384,8.5,5.0
S004,29.5,4.532270747199227,173.85132740299775,172.44618049918245,8.5,5.0
S004,30.0,4.25372161850904,173.83639280997122,172.60996734737134,8.5,5.0
S005,0.0,100.98181678335763,165.05651529791209,164.9412040973743,0.0,0.0
S005,0.5,78.45990677076556,165.77585867914152,165.56803525936607,0.0,0.0
S005,1.0,60.63862944991135,166.3686240941437,166.24973355112962,0.0,0.0
S005,1.5,47.64168173525599,166.96064529211174,166.80849734904294,0.0,0.0
S005,2.0,37.6914733138605,167.56073479636908,167.16231914333073,0.0,0.0
S005,2.5,29.47222323450694,168.07049759354487,167.61973752812975,0.0,0.0
S005,3.0,23.35080910884062,168.54767806059868,167.9595854146129,0.0,0.0
S005,3.5,19.232080136513524,168.96465765034185,168.52090680051387,0.0,0.0
S005,4.0,15.442685050863014,169.3439794045971,168.70117702651768,0.0,0.0
S005,4.5,13.133762418097115,169.76774138395132,169.01753980558362,0.0,0.0
S005,5.0,11.20821596066158,170.19628476598365,169.3585351511203,0.0,0.0
S005,5.5,9.585381937540381,170.2698789656247,169.70695147816988,0.0,0.0
S005,6.0,8.339667830384467,170.53220648869322,169.80533580725208,0.0,0.0
S005,6.5,7.54543865496681,170.95215818622236,170.10048120630506,0.0,0.0
S005,7.0,6.949507273999884,171.013858285058,170.40828985362646,0.0,0.0
S005,7.5,6.108519048559088,171.36968552009748,170.49057331183215,0.0,0.0
S005,8.0,6.169796055531027,171.46365923440072,170.62609825021693,0.0,0.0
S005,8.5,5.737991791703154,171.63429473229672,170.64018173618825,1.0625,0.5
S005,9.0,5.396002839947681,171.8239138662186,170.871999987626,2.125,1.0
S005,9.5,5.066856650362575,171.87087490260353,171.0784612131849,3.1875,1.5
S005,10.0,5.248195546550322,171.9812827748319,171.15140799699532,4.25,2.0
S005,10.5,4.8792508189520225,172.05840970004965,171.28308967574156,5.3125,2.5
S005,11.0,4.917778906905009,172.22672864420255,171.53837192588435,6.375,3.0
S005,11.5,4.727626740807058,172.3629823557904,171.4894705198459,7.4375,3.5
S005,12.0,4.679567117409267,172.3310726304553,171.6539758485969,8.5,4.0
S005,12.5,4.729032150633805,172.5998981380296,171.6235952137192,8.5,4.5
S005,13.0,4.271177135390968,172.68999915216438,171.69326820610289,8.5,5.0
S005,13.5,4.578383516877182,172.7224072927295,171.9238065932628,8.5,5.0
S005,14.0,4.486998160743049,172.74100200449558,171.84029746115633,8.5,5.0
S005,14.5,4.674789239818328,172.89313356832537,172.04265672849536,8.5,5.0
S005,15.0,4.4975446834762955,172.92820269160677,171.97509021915866,8.5,5.0
S005,15.5,4.525188476213885,172.89941020934765,172.1092531157403,8.5,5.0
S005,16.0,4.743935894932706,172.86118064862757,171.9922120857255,8.5,5.0
S005,16.5,4.655081594398494,173.06859117950341,172.19224304345596,8.5,5.0
S005,17.0,4.600150917990366,172.98513790694312,172.12710369640456,8.5,5.0
S005,17.5,4.601205679317983,172.99328380435196,172.15603209856718,8.5,5.0
S005,18.0,4.425984562311013,173.05729466096778,172.23356865259842,8.5,5.0
S005,18.5,4.5585971852544755,173.0702757330377,172.25978498229406,8.5,5.0
S005,19.0,4.477945445626794,173.26392191115232,172.287134147899,8.5,5.0
S005,19.5,4.597872410648068,173.13789498589125,172.3014986874703,8.5,5.0
S005,20.0,4.894175314018392,173.0806920015598,172.39711213695225,8.5,5.0
S005,20.5,4.5912387977184235,173.2975655582707,172.44135198111354,8.5,5.0
S005,21.0,4.906713693857875,173.22030263652843,172.2943266917207,8.5,5.0
S005,21.5,4.224094060150376,173.28992349687852,172.44278690173732,8.5,5.0
S005,22.0,4.15385161211549,173.24947559844537,172.32412859054503,8.5,5.0
S005,22.5,4.277038711897155,173.30660034146757,172.57420425584186,8.5,5.0
S005,23.0,4.572082527076173,173.1675557269831,172.37485767787462,8.5,5.0
S005,23.5,4.697758492458169,173.33411773323814,172.4180203780628,8.5,5.0
S005,24.0,4.491152232716029,173.50221352598538,172.40279101590008,8.5,5.0
S005,24.5,4.7169736286954524,173.31962125061287,172.48376268832473,8.5,5.0
S005,25.0,4.437113056254588,173.2362969411898,172.44286132100854,8.5,5.0
S005,25.5,4.46807995036992,173.41008074850097,172.54170090495361,8.5,5.0
S005,26.0,4.764024415649849,173.32144020190484,172.48665554498842,8.5,5.0
S005,26.5,4.944446200448507,173.25631253922782,172.60689156547818,8.5,5.0
S005,27.0,4.326410994518161,173.3516818982447,172.44375864053077,8.5,5.0
S005,27.5,4.627753240495268,173.3672881109669,172.51914858143428,8.5,5.0
S005,28.0,4.743058794595672,173.27522539199447,172.65003124332097,8.5,5.0
S005,28.5,4.5862734701349925,173.34702205723124,172.55371270253914,8.5,5.0
S005,29.0,4.5595662619657595,173.25080125822393,172.66069487948997,8.5,5.0
S005,29.5,4.513038577066458,173.38797412107215,172.4408070357881,8.5,5.0
S005,30.0,4.519020214200617,173.3254336760546,172.38932961915722,8.5,5.0
S006,0.0,101.05375637621314,165.00024709189995,164.93667920642827,0.0,0.0
S006,0.5,79.17626888158344,165.59157290094944,165.76754434069002,0.0,0.0
S006,1.0,62.27680057290037,166.2308345297652,166.23089063460455,0.0,0.0
S006,1.5,48.85366002006388,166.90528006111361,166.71172359262718,0.0,0.0
S006,2.0,39.15134653106434,167.44024867723482,167.1358228738254,0.0,0.0
S006,2.5,30.88331489197868,167.88491687185993,167.70128160859312,0.0,0.0
S006,3.0,24.865990404214923,168.3381442454883,168.05948896478372,0.0,0.0
S006,3.5,20.023968220004157,168.74359041546458,168.49558138559343,0.0,0.0
S006,4.0,16.62444282440912,169.24211551423537,168.90483393302807,0.0,0.0
S006,4.5,13.602918478960378,169.58172070079019,169.14064340549413,0.0,0.0
S006,5.0,11.58506531601742,169.73437662405183,169.44395500121806,0.0,0.0
S006,5.5,9.952046944005572,170.0924282201391,169.72140524379287,0.0,0.0
S006,6.0,8.51736596555706,170.29511723903613,169.85485664003926,0.0,0.0
S006,6.5,7.562415041515129,170.58452049987713,170.3124518020506,0.0,0.0
S006,7.0,7.124294895119413,170.84719547545112,170.46406436754484,0.0,0.0
S006,7.5,6.344278563770496,171.0074058265726,170.56856783819865,0.0,0.0
S006,8.0,5.913492878276808,171.1565055161352,170.85741746439209,0.0,0.0
S006,8.5,5.576278280831724,171.4444231502542,171.0029834323422,1.0625,0.575
S006,9.0,4.966600589905169,171.30958613762175,171.2145340514219,2.125,1.15
S006,9.5,5.186562989673455,171.5802337330938,171.23353005289775,3.1875,1.7249999999999999
S006,10.0,4.956063554743607,171.78014919870046,171.4529218032614,4.25,2.3
S006,10.5,4.960663296462566,171.80148210386187,171.6224060829615,5.3125,2.875
S006,11.0,5.177856207359405,172.00624860888146,171.75432767088438,6.375,3.4499999999999997
S006,11.5,4.57963153113191,172.0269964509379,171.52829226294628,7.4375,4.0249999999999995
S006,12.0,4.643542661180996,172.14433608582019,171.81452389809536,8.5,4.6
S006,12.5,4.666567229647377,172.23376139496756,171.95673570090355,8.5,5.0
S006,13.0,4.438489477708553,172.2578191557076,172.0243513304649,8.5,5.0
S006,13.5,4.3974928101868,172.33826156202912,171.93265479531865,8.5,5.0
S006,14.0,4.957521308936451,172.3477214527219,172.1293625537629,8.5,5.0
S006,14.5,4.474892472907574,172.4433009068248,172.24303145160349,8.5,5.0
S006,15.0,3.9720962259604042,172.47790806133742,172.27251762525563,8.5,5.0
S006,15.5,4.504846030130673,172.59170057801904,172.15813839348917,8.5,5.0
S006,16.0,4.327148396111932,172.55393387075566,172.25341160264873,8.5,5.0
S006,16.5,4.006156866476048,172.62170438418156,172.3908984237099,8.5,5.0
S006,17.0,4.399713273559753,172.59155300986612,172.43793417256447,8.5,5.0
S006,17.5,4.125547181642724,172.5697269084356,172.3936452783137,8.5,5.0
S006,18.0,4.381252719370349,172.72441310417122,172.39799136238562,8.5,5.0
S006,18.5,4.448945654809175,172.71465079636596,172.4380336401043,8.5,5.0
S006,19.0,4.613152007531787,172.8654221939888,172.41234052924574,8.5,5.0
S006,19.5,4.472610625763741,172.67640649309823,172.53970521949248,8.5,5.0
S006,20.0,4.228496725423421,172.87490229444848,172.4778903280421,8.5,5.0
S006,20.5,4.20794436778096,172.76413447633266,172.56654099867913,8.5,5.0
S006,21.0,4.281882663576236,172.84184369490134,172.538887673443,8.5,5.0
S006,21.5,4.425040942970799,172.841430946962,172.64432810453758,8.5,5.0
S006,22.0,4.11378885816028,172.6628750459884,172.45725097815205,8.5,5.0
S006,22.5,4.594012964370357,172.85842609801156,172.81173763698726,8.5,5.0
S006,23.0,4.349306442813178,172.78673131763912,172.61480240211284,8.5,5.0
S006,23.5,4.562729248223407,172.73582308884625,172.54117544654716,8.5,5.0
S006,24.0,4.595919305099338,172.8306307684201,172.685150659833,8.5,5.0
S006,24.5,4.75662345606445,172.99454998431708,172.56802434075607,8.5,5.0
S006,25.0,4.2638576360509655,172.9127988377677,172.68679601666742,8.5,5.0
S006,25.5,4.451039036153541,172.8910429952456,172.5840145759691,8.5,5.0
S006,26.0,4.11611081786525,172.8918920779367,172.8504309479316,8.5,5.0
S006,26.5,4.2165906309745385,172.88667945357142,172.70286499689357,8.5,5.0
S006,27.0,4.3321079255102335,172.84052410436306,172.7802798416027,8.5,5.0
S006,27.5,4.739190555748182,172.95023764599426,172.73000706781784,8.5,5.0
S006,28.0,4.375980697416489,172.9299678849028,172.7381448689047,8.5,5.0
S006,28.5,4.3670350488552385,172.78218546056343,172.67670775383883,8.5,5.0
S006,29.0,4.434532605015131,172.96341903415558,172.717619060574,8.5,5.0
S006,29.5,4.544606092667503,172.9856981454327,172.71509437898675,8.5,5.0
S006,30.0,4.6141530532982955,172.9071663682115,172.692560920338,8.5,5.0
S007,0.0,101.621910608343,165.14043018492222,164.85805711200967,0.0,0.0
S007,0.5,77.28428576156237,165.92381300748244,165.71493985191864,0.0,0.0
S007,1.0,59.558611624198534,166.78172551783433,166.5013682926712,0.0,0.0
S007,1.5,45.65864469345119,167.4535389923926,167.03921731611646,0.0,0.0
S007,2.0,35.680801743127574,168.0517327668425,167.58938933931034,0.0,0.0
S007,2.5,27.430342021750803,168.8009798202389,168.14367283678098,0.0,0.0
S007,3.0,22.560502056119308,169.28917657440212,168.66656943965245,0.0,0.0
S007,3.5,17.43152442182743,169.83451932891828,169.03859189813562,0.0,0.0
S007,4.0,14.557146879725277,170.31434309709542,169.42810358328188,0.0,0.0
S007,4.5,12.047940097608496,170.78102699967437,169.8961892340425,0.0,0.0
S007,5.0,10.063432181733193,171.267830855003,170.23675977409803,0.0,0.0
S007,5.5,8.576368498260756,171.42796450500592,170.5230611599242,0.0,0.0
S007,6.0,7.776854154224047,171.82639068985517,170.8901136164041,0.0,0.0
S007,6.5,6.716854730319482,172.1584020715067,171.04202375623956,0.0,0.0
S007,7.0,6.562440927872951,172.41893191594633,171.28719645101302,0.0,0.0
S007,7.5,6.161333053470904,172.77823371407737,171.55126959761307,0.0,0.0
S007,8.0,5.487917806284669,172.8214319923184,171.75076046630153,0.0,0.0
S007,8.5,5.345508710826159,172.94562711152096,171.97054652523514,1.0625,0.425
S007,9.0,5.130803304954193,173.24957848884583,172.15086797107978,2.125,0.85
S007,9.5,4.994727411956072,173.40523720605384,172.2063480811767,3.1875,1.275
S007,10.0,4.867067418703679,173.61956128653523,172.50012801474108,4.25,1.7
S007,10.5,4.711613008166175,173.76696934184673,172.52941736886066,5.3125,2.125
S007,11.0,4.476113342900579,173.7758440957215,172.59170337987223,6.375,2.55
S007,11.5,4.366205247598024,173.9702648979631,172.84466177455568,7.4375,2.975
S007,12.0,4.421147699784951,173.93498531116938,172.89182393846997,8.5,3.4
S007,12.5,4.478579360455598,174.23351857840407,173.05660588521496,8.5,3.8249999999999997
S007,13.0,4.579708191236225,174.35484618677876,173.1134910742094,8.5,4.25
S007,13.5,4.405173800040772,174.41631358990733,173.25955901641981,8.5,4.675
S007,14.0,4.680505242338449,174.45056970549945,173.4070161040989,8.5,5.0
S007,14.5,4.547494263058667,174.54531718906702,173.17552731058854,8.5,5.0
S007,15.0,4.397747063446734,174.59360887340128,173.2894960370348,8.5,5.0
S007,15.5,4.778529422125378,174.74050581540703,173.31282601652808,8.5,5.0
S007,16.0,4.500494513120742,174.7417761196446,173.61646813349228,8.5,5.0
S007,16.5,4.670772511924832,174.75773720749663,173.51444436594522,8.5,5.0
S007,17.0,4.83108106962482,174.71383266058442,173.6076333295399,8.5,5.0
S007,17.5,4.718730768690045,174.7938499863763,173.759520986589,8.5,5.0
S007,18.0,4.196071361830819,174.85642083603767,173.70299324531302,8.5,5.0
S007,18.5,4.354673793893904,174.85721644033924,173.67487208728477,8.5,5.0
S007,19.0,4.561717411596664,175.00693785185777,173.6906751612257,8.5,5.0
S007,19.5,4.103353714897327,175.03807482086077,173.79542622084978,8.5,5.0
S007,20.0,4.70838993711031,175.08882418029097,173.82297878719444,8.5,5.0
S007,20.5,4.667285124118407,175.0613376644671,173.7481408890817,8.5,5.0
S007,21.0,4.542531870394206,175.00790525669217,173.85080209422094,8.5,5.0
S007,21.5,4.205238712673838,175.13246083980727,173.74057442295364,8.5,5.0
S007,22.0,4.645654597743799,175.10298217039136,173.98631959571722,8.5,5.0
S007,22.5,4.57437973338934,175.11523053535905,173.84377919244045,8.5,5.0
S007,23.0,4.090599949474643,175.1077762715073,173.99992648376434,8.5,5.0
S007,23.5,4.356077810125198,175.14308578957855,173.77431819743137,8.5,5.0
S007,24.0,4.372981492249165,175.09902812652868,173.88273019377223,8.5,5.0
S007,24.5,4.4339503571559,175.21399303126935,173.91842780825297,8.5,5.0
S007,25.0,4.459030263559743,175.16184821524044,173.9848978153509,8.5,5.0
S007,25.5,4.452980200998023,175.15404034460997,173.9412356890669,8.5,5.0
S007,26.0,4.454955519617281,175.34009352615908,174.04047753552177,8.5,5.0
S007,26.5,4.186802249171529,175.25917507692947,174.0750353569333,8.5,5.0
S007,27.0,4.363771685448527,175.28285246906665,174.0027547534434,8.5,5.0
S007,27.5,4.4423392766391165,175.12198137536652,173.94909813919796,8.5,5.0
S007,28.0,4.334974504265889,175.18519735316528,173.9453108072298,8.5,5.0
S007,28.5,4.292248242264175,175.2367980478142,173.86434776139603,8.5,5.0
S007,29.0,4.702094672748556,175.32876366498417,173.73279359629834,8.5,5.0
S007,29.5,4.447730827299031,175.31883301220978,174.02345807625923,8.5,5.0
S007,30.0,4.803596308885937,175.15094648670396,174.02122527406712,8.5,5.0
S008,0.0,101.28535277795187,165.0374114944189,165.06564117154835,0.0,0.0
S008,0.5,79.73806524687025,165.7828895039272,165.39759470890976,0.0,0.0
S008,1.0,62.4863803754361,166.34183718412334,166.19472525645952,0.0,0.0
S008,1.5,49.49108528653195,166.87302073365544,166.63963845363725,0.0,0.0
S008,2.0,39.28850196347759,167.4227275226754,167.23015446195052,0.0,0.0
S008,2.5,31.803537317111804,167.91989698563236,167.50815800208213,0.0,0.0
S008,3.0,25.44387615600269,168.33987391103707,167.91724992067842,0.0,0.0
S008,3.5,20.70994498470891,168.72801625574675,168.49370987909055,0.0,0.0
S008,4.0,17.118731926982882,169.09301510286357,168.67908695826628,0.0,0.0
S008,4.5,14.306534418688125,169.5049582538055,169.10562537673067,0.0,0.0
S008,5.0,11.822709001906869,169.76078092106678,169.3069064195692,0.0,0.0
S008,5.5,10.411153034034893,170.02891767693242,169.5803753909653,0.0,0.0
S008,6.0,9.2789891483582,170.21839473345665,169.7081756050363,0.0,0.0
S008,6.5,7.985514392100505,170.44984904879496,170.06646713748967,0.0,0.0
S008,7.0,7.182032369446568,170.6955242963833,170.1759214158151,0.0,0.0
S008,7.5,6.624348157875003,170.86173294479454,170.30959777212163,0.0,0.0
S008,8.0,6.321475317449959,171.05424736467597,170.5971492186038,0.0,0.0
S008,8.5,5.649168796333364,171.233922813851,170.68844408051078,1.0625,0.5
S008,9.0,5.444095825015545,171.39195202089337,170.99316297646158,2.125,1.0
S008,9.5,5.24866027348871,171.57919545707796,170.89739961873465,3.1875,1.5
S008,10.0,5.30210489578969,171.61134057239607,171.17813802530952,4.25,2.0
S008,10.5,4.592505312501914,171.82882946479813,171.1188900218134,5.3125,2.5
S008,11.0,4.982604990138574,171.83651505411572,171.36926870825474,6.375,3.0
S008,11.5,5.219134491195358,171.9898586833551,171.49050785110418,7.4375,3.5
S008,12.0,4.595941388724791,172.05529194868447,171.454836208851,8.5,4.0
S008,12.5,4.490755060846376,172.0924325413239,171.50946738660977,8.5,4.5
S008,13.0,4.858509163670022,172.30969046717541,171.6255722816862,8.5,5.0
S008,13.5,4.724559277249736,172.29400641836762,171.64194553603267,8.5,5.0
S008,14.0,4.7252015907523095,172.21694307905886,171.74434277379788,8.5,5.0
S008,14.5,4.50264679370987,172.42811146905748,171.6981968337639,8.5,5.0
S008,15.0,4.507577998031098,172.52660864104948,171.89807600646884,8.5,5.0
S008,15.5,4.796485735349375,172.61734546213148,171.91430737684973,8.5,5.0
S008,16.0,4.5353197702667325,172.39733948384858,172.01139464990743,8.5,5.0
S008,16.5,4.575820022339467,172.54812549425003,172.04748122565056,8.5,5.0
S008,17.0,4.69163267111,172.56244020056775,172.09865106527343,8.5,5.0
S008,17.5,4.3538870597779615,172.5749229385145,172.10572646688937,8.5,5.0
S008,18.0,4.465662076779687,172.6067555181033,172.07012421680156,8.5,5.0
S008,18.5,4.525835140616436,172.632736780609,172.12502658816663,8.5,5.0
S008,19.0,4.3537624703709845,172.69928366941357,172.0412308347686,8.5,5.0
S008,19.5,4.560811904302935,172.72900042607225,172.16971320762173,8.5,5.0
S008,20.0,4.780599915946314,172.65744855755807,172.12362851788453,8.5,5.0
S008,20.5,4.570696397353521,172.76587436010948,172.2057013856912,8.5,5.0
S008,21.0,4.8478025730631,172.72068843767707,172.14474180909863,8.5,5.0
S008,21.5,4.566271065383597,172.7687240417134,172.15008852279476,8.5,5.0
S008,22.0,4.367496638080936,172.73725722103697,172.30860008249812,8.5,5.0
S008,22.5,4.586605533658171,172.8106897676522,172.35243019001547,8.5,5.0
S008,23.0,4.482788404177967,172.85107907687578,172.29382637993942,8.5,5.0
S008,23.5,4.271144078738187,172.8965124506654,172.31488169813107,8.5,5.0
S008,24.0,4.24516621009208,172.82182045933604,172.29845347451501,8.5,5.0
S008,24.5,4.7065254723867405,172.74983598904794,172.2656819261806,8.5,5.0
S008,25.0,4.453456067255217,172.75689470993643,172.34181972446837,8.5,5.0
S008,25.5,4.469377096605317,172.8948882265213,172.4712341498162,8.5,5.0
S008,26.0,4.542186396394201,172.80075305507933,172.2448969389605,8.5,5.0
S008,26.5,4.537889988135571,172.97120427459288,172.40047855733053,8.5,5.0
S008,27.0,4.58561236316355,172.95410667571235,172.35831086425242,8.5,5.0
S008,27.5,4.645698585845813,172.8315162344572,172.38849416350317,8.5,5.0
S008,28.0,4.582961960558241,172.9663331308021,172.22047357611427,8.5,5.0
S008,28.5,4.7846651588423015,173.0087204074879,172.3168799600991,8.5,5.0
S008,29.0,4.658123065982807,172.88218561622475,172.3975628064263,8.5,5.0
S008,29.5,4.213813599906598,172.9633930170176,172.50544250919066,8.5,5.0
S008,30.0,4.604852043304731,173.09957965210003,172.39675766412756,8.5,5.0
S009,0.0,101.2589751977507,164.93100443697344,164.90952080506756,0.0,0.0
S009,0.5,77.99990175692162,165.8047670766123,165.68143975921691,0.0,0.0
S009,1.0,60.228160625192785,166.3541914402333,166.160861503356,0.0,0.0
S009,1.5,46.98602954033723,166.93659043539716,166.95452243410514,0.0,0.0
S009,2.0,36.72903371566007,167.49121199890956,167.28301667757322,0.0,0.0
S009,2.5,28.614715930776796,168.00836265650986,167.77861213390665,0.0,0.0
S009,3.0,22.948580942198557,168.47644218146095,168.19637442117505,0.0,0.0
S009,3.5,18.925203513602085,168.69570185816923,168.40911587052892,0.0,0.0
S009,4.0,15.383795943744078,169.36504124973095,168.66845370648008,0.0,0.0
S009,4.5,12.836024099089476,169.51799674293292,169.1024241671135,0.0,0.0
S009,5.0,10.941309315754268,169.96164115212753,169.39366961082519,0.0,0.0
S009,5.5,9.093760358593695,170.0369080259985,169.79157159083115,0.0,0.0
S009,6.0,8.442575329613602,170.502724878652,170.03124536964023,0.0,0.0
S009,6.5,7.425333364920811,170.7510333651199,170.39273062202878,0.0,0.0
S009,7.0,6.793795255521365,170.98909539120154,170.32591460469092,0.0,0.0
S009,7.5,6.194691569132285,171.11131250961384,170.58517527899986,0.0,0.0
S009,8.0,5.954479522537726,171.32957275506914,170.78373984362878,0.0,0.0
S009,8.5,5.74849700862571,171.501846893127,170.9256816411689,1.0625,0.575
S009,9.0,5.743816702690553,171.65728038662664,171.19714832485144,2.125,1.15
S009,9.5,5.137366671132104,171.7047696100918,171.2632469430936,3.1875,1.7249999999999999
S009,10.0,5.13747915491846,171.95371455131888,171.3604584012435,4.25,2.3
S009,10.5,4.98928233350424,171.997569046116,171.33448535496248,5.3125,2.875
S009,11.0,4.878690866639559,172.1278675374184,171.50788681079146,6.375,3.4499999999999997
S009,11.5,4.7603567505095326,172.23187142572917,171.63640197512973,7.4375,4.0249999999999995
S009,12.0,5.16136932106597,172.33095915108032,171.75261938331647,8.5,4.6
S009,12.5,4.8320426700935455,172.30852157153365,171.84277813476737,8.5,5.0
S009,13.0,4.7953934973812125,172.4370103942483,171.81665105017728,8.5,5.0
S009,13.5,5.1278267413156176,172.48626131896154,171.95241046497935,8.5,5.0
S009,14.0,5.031981483484834,172.63850870239304,171.9508698858187,8.5,5.0
S009,14.5,5.12234928431237,172.6421543467195,172.09827793808049,8.5,5.0
S009,15.0,4.791861780495852,172.78367749372723,172.0336371773813,8.5,5.0
S009,15.5,4.985143821645677,172.84193978174463,172.13549891841603,8.5,5.0
S009,16.0,4.906473967900253,172.82715182882785,172.23585099262706,8.5,5.0
S009,16.5,4.493169174078752,172.93423205842493,172.20681773362338,8.5,5.0
S009,17.0,4.668898886953039,172.90162454244307,172.34031837045055,8.5,5.0
S009,17.5,4.925154110537249,172.98358054079435,172.22412919824532,8.5,5.0
S009,18.0,4.870184201517284,172.87122725664452,172.36686725247375,8.5,5.0
S009,18.5,5.073973904888712,172.9169007582409,172.43753001438236,8.5,5.0
S009,19.0,4.942169571218351,173.00279870893107,172.33258382604436,8.5,5.0
S009,19.5,4.581909205955087,172.89100004378753,172.31728697794856,8.5,5.0
S009,20.0,4.844093054185343,173.07125704052402,172.48252337665704,8.5,5.0
S009,20.5,5.207987282518729,173.13650036873224,172.50770452657554,8.5,5.0
S009,21.0,4.963303096970662,173.0438662785066,172.64638128696959,8.5,5.0
S009,21.5,4.797818417434472,173.10082605077432,172.50277882881358,8.5,5.0
S009,22.0,5.0636376103351495,173.05400602442595,172.53662543776176,8.5,5.0
S009,22.5,4.911474619088846,173.13191829391266,172.57381549157418,8.5,5.0
S009,23.0,4.887823310489678,173.04048824261645,172.58642666503366,8.5,5.0
S009,23.5,4.968305159301912,173.14612447956233,172.67265888817238,8.5,5.0
S009,24.0,4.881224024763402,173.11984906075114,172.60517349965593,8.5,5.0
S009,24.5,4.511276358760796,173.0213001815199,172.48443034657444,8.5,5.0
S009,25.0,5.034308595159926,173.19245584958537,172.55547330090042,8.5,5.0
S009,25.5,5.07109607006133,173.25390201316176,172.62248095691868,8.5,5.0
S009,26.0,4.629070002582532,173.15829525935868,172.6444424312191,8.5,5.0
S009,26.5,4.798925363172602,173.1609793860736,172.63118837033124,8.5,5.0
S009,27.0,4.903256703980435,173.05263109099423,172.68172967933128,8.5,5.0
S009,27.5,4.976092985920259,173.1994406955796,172.6436758540231,8.5,5.0
S009,28.0,4.85204032804242,173.25008330286275,172.73609746035632,8.5,5.0
S009,28.5,4.612431739293372,173.0988560105679,172.70426520121663,8.5,5.0
S009,29.0,4.842340447003371,173.16858483492916,172.72364368419113,8.5,5.0
S009,29.5,4.75422092520819,173.28571675092707,172.67760985359357,8.5,5.0
S009,30.0,5.020835179905022,173.2514871139495,172.6495277852583,8.5,5.0
S010,0.0,101.82990494770782,165.02975388616346,164.93791104520056,0.0,0.0
S010,0.5,80.07362745008089,165.93842660093307,165.62360856375247,0.0,0.0
S010,1.0,63.960808279428505,166.67410434843558,166.3831820009697,0.0,0.0
S010,1.5,50.9987609786323,167.37147956473132,166.97340416132434,0.0,0.0
S010,2.0,40.98440699059717,168.07949593824415,167.5208129862207,0.0,0.0
S010,2.5,33.18617293277424,168.71482308065805,168.1617498990178,0.0,0.0
S010,3.0,27.304164554194198,169.24447563023023,168.40508236414857,0.0,0.0
S010,3.5,21.94875526547492,169.76762618714852,168.7713571325027,0.0,0.0
S010,4.0,18.455581736653023,170.3003366823968,169.18452044043542,0.0,0.0
S010,4.5,15.896009527798897,170.64862929027558,169.66961046393098,0.0,0.0
S010,5.0,12.91238637021948,171.12700386080695,169.97248641523902,0.0,0.0
S010,5.5,11.473250891583065,171.4833449963686,170.1016211747306,0.0,0.0
S010,6.0,10.224789781834039,171.7781722764774,170.4145857143944,0.0,0.0
S010,6.5,9.348990545313091,171.92968433503307,170.71880381927667,0.0,0.0
S010,7.0,8.509683289622625,172.31386922406048,171.04051996828733,0.0,0.0
S010,7.5,7.515344805025541,172.51206330381217,171.21660258245927,0.0,0.0
S010,8.0,7.055038340007026,172.8069138503044,171.3396971856051,0.0,0.0
S010,8.5,6.528844117039287,173.0450940746477,171.40715101370736,1.0625,0.425
S010,9.0,6.30910510233591,173.0658230399158,171.81477018692487,2.125,0.85
S010,9.5,6.171475196643176,173.36374852814836,171.83357377634974,3.1875,1.275
S010,10.0,5.958969155122471,173.50021883171925,171.92183719959766,4.25,1.7
S010,10.5,5.860694261494747,173.7518290002764,172.14188650984516,5.3125,2.125
S010,11.0,5.829000376825189,173.63348728596398,172.30105405602828,6.375,2.55
S010,11.5,5.479193840320014,174.03357298731825,172.38461829368325,7.4375,2.975
S010,12.0,5.657720040164624,173.96353501904463,172.3328796910827,8.5,3.4
S010,12.5,5.3612784617672675,174.08848541435023,172.42459075868763,8.5,3.8249999999999997
S010,13.0,5.184698959146636,174.13955812194718,172.66548883501093,8.5,4.25
S010,13.5,5.458082274201041,174.22066890804896,172.74077374311233,8.5,4.675
S010,14.0,5.3235148094919635,174.4953889124629,172.66479189571479,8.5,5.0
S010,14.5,5.29187317946828,174.47933270330483,172.7405741688113,8.5,5.0
S010,15.0,5.473369519472746,174.4923310969271,172.8119013372671,8.5,5.0
S010,15.5,5.539085195442484,174.47144784089446,172.8801499605922,8.5,5.0
S010,16.0,5.391803099294914,174.62595690373763,172.95953582768232,8.5,5.0
S010,16.5,5.571898482867022,174.67259230578256,173.0156027611749,8.5,5.0
S010,17.0,4.920645593542595,174.73723741951304,173.09678866125196,8.5,5.0
S010,17.5,5.378884978491652,174.68484387059698,172.93959923189303,8.5,5.0
S010,18.0,5.0342325546346265,174.8257091535511,173.1256508525115,8.5,5.0
S010,18.5,5.2680654994652265,174.83784426226165,173.07818239007267,8.5,5.0
S010,19.0,5.244682546412939,174.86868824749925,173.114280525037,8.5,5.0
S010,19.5,5.291337662372171,174.89227690012163,173.33816614542127,8.5,5.0
S010,20.0,5.37999773991013,174.77422403965966,173.28295631815732,8.5,5.0
S010,20.5,5.192213435331063,174.96816233862006,173.219013733713,8.5,5.0
S010,21.0,5.218041171033594,174.9165550115061,173.3280735028479,8.5,5.0
S010,21.5,5.37295326226778,175.02740194605636,173.3135377811037,8.5,5.0
S010,22.0,5.455561176319887,174.94370874719195,173.2357431951849,8.5,5.0
S010,22.5,5.455417090975597,174.91401044853833,173.47588530998058,8.5,5.0
S010,23.0,5.669570941596883,175.01948426024714,173.33951443237697,8.5,5.0
S010,23.5,5.103196183116718,174.9659163358312,173.44996631479736,8.5,5.0
S010,24.0,5.4088666763300495,175.13389551942623,173.40349986836912,8.5,5.0
S010,24.5,5.3195101278549295,175.09467358615032,173.30187475932155,8.5,5.0
S010,25.0,5.096190737258932,175.0130367353328,173.35099968223358,8.5,5.0
S010,25.5,5.662633729111699,175.08980577445217,173.45799228942238,8.5,5.0
S010,26.0,5.294946410778382,174.9882897265912,173.41501683748393,8.5,5.0
S010,26.5,5.19464320510395,174.98469033940393,173.51226221425844,8.5,5.0
S010,27.0,5.550223148695777,175.215162443596,173.44031023239094,8.5,5.0
S010,27.5,5.3428615838718265,175.03798449003293,173.43175460809297,8.5,5.0
S010,28.0,5.497414846584732,175.04824123626315,173.45146435482783,8.5,5.0
S010,28.5,5.398407451496337,175.10912954245808,173.48474496604345,8.5,5.0
S010,29.0,5.3072184132395215,175.07056647308264,173.45379397800832,8.5,5.0
S010,29.5,5.3741956936133635,175.1063654893661,173.5463008414393,8.5,5.0
S010,30.0,5.344083711984279,175.1262553519322,173.4824230282536,8.5,5.0
S011,0.0,101.19801545837846,164.97849448451933,165.0340059801908,0.0,0.0
S011,0.5,78.84588801173578,165.6811961710132,165.6500283564097,0.0,0.0
S011,1.0,61.78410307055529,166.4412256141337,166.12375318920078,0.0,0.0
S011,1.5,48.35195648546102,167.1070325103483,166.71931440587161,0.0,0.0
S011,2.0,38.040299720095234,167.5840141667011,167.36273752792994,0.0,0.0
S011,2.5,30.358386815011794,168.2179560409508,167.7207218813297,0.0,0.0
S011,3.0,24.204223950368387,168.65172652620868,168.0515567726285,0.0,0.0
S011,3.5,19.754504370613855,169.0940558059964,168.44697310862014,0.0,0.0
S011,4.0,16.105577126058673,169.5633970312437,168.84255573619146,0.0,0.0
S011,4.5,13.545213774989795,169.91282621966087,169.0149922442212,0.0,0.0
S011,5.0,11.405870977507975,170.28140170887136,169.4118952122571,0.0,0.0
S011,5.5,9.7227647082115,170.47776583302016,169.68572931047964,0.0,0.0
S011,6.0,8.311291568032674,170.83021713606828,169.9012267285174,0.0,0.0
S011,6.5,7.553835717262947,171.08997952342202,170.06057052716088,0.0,0.0
S011,7.0,7.197541317311647,171.1966719742359,170.30809849080754,0.0,0.0
S011,7.5,6.549461711583207,171.48768444340647,170.35629192520705,0.0,0.0
S011,8.0,5.558703508714746,171.55253136635932,170.68011390027502,0.0,0.0
S011,8.5,5.775325799371638,171.78878744383272,170.7101408114019,1.0625,0.5
S011,9.0,5.386684238890766,171.93689042796342,170.8123821408347,2.125,1.0
S011,9.5,5.7580237708437965,172.20904951367257,171.05331857557871,3.1875,1.5
S011,10.0,5.240319774225084,172.22791517858917,171.2535060175705,4.25,2.0
S011,10.5,4.962931968655102,172.4998391418993,171.2946675677309,5.3125,2.5
S011,11.0,4.8871281564618885,172.65165939697312,171.4995180116435,6.375,3.0
S011,11.5,4.648488526231729,172.67570605014686,171.45411723233477,7.4375,3.5
S011,12.0,4.716843537975888,172.8042350174432,171.58927623858028,8.5,4.0
S011,12.5,4.878486391004481,172.9016958229988,171.77139393847298,8.5,4.5
S011,13.0,4.705247889218354,172.81608508623205,171.78883840707064,8.5,5.0
S011,13.5,4.726437050425679,172.94754986959455,171.8060798337854,8.5,5.0
S011,14.0,4.624474228188856,173.07190913488773,171.82220781669955,8.5,5.0
S011,14.5,4.718557672962187,173.15844942146282,171.9251709586616,8.5,5.0
S011,15.0,4.8239715878024825,173.13004046586238,171.95542036976497,8.5,5.0
S011,15.5,4.639035910136448,173.31595449688206,172.04674545157522,8.5,5.0
S011,16.0,4.585288195695001,173.295860895912,171.98308907899826,8.5,5.0
S011,16.5,4.493785751898887,173.26965944331045,172.1336756646489,8.5,5.0
S011,17.0,4.6915688279624135,173.40937291581574,172.17536900296656,8.5,5.0
S011,17.5,4.769143228246473,173.4096665059932,172.09661619304146,8.5,5.0
S011,18.0,4.342644823645298,173.52759239584506,172.19941363176335,8.5,5.0
S011,18.5,4.365431109915649,173.24472930379798,172.25030875629858,8.5,5.0
S011,19.0,4.4764228116833165,173.47897262520578,172.4131608962552,8.5,5.0
S011,19.5,4.7836731611491565,173.52638970484543,172.32670787335954,8.5,5.0
S011,20.0,4.668376421488079,173.56727815903847,172.4620987936596,8.5,5.0
S011,20.5,4.6801880535869245,173.57898143327208,172.2639977715982,8.5,5.0
S011,21.0,4.7755420332181595,173.63943034745546,172.29768612354061,8.5,5.0
S011,21.5,4.356517129991241,173.66052045280583,172.48703375711312,8.5,5.0
S011,22.0,4.6970788229974865,173.68012222850888,172.47860530237577,8.5,5.0
S011,22.5,4.555785466313647,173.56613031208522,172.35291523344466,8.5,5.0
S011,23.0,4.27535019509523,173.69219768565173,172.51099012962885,8.5,5.0
S011,23.5,4.561780220508859,173.59714798560123,172.5013700957961,8.5,5.0
S011,24.0,4.443332341134223,173.62340409418985,172.36956768348105,8.5,5.0
S011,24.5,4.537846851902279,173.7819689614803,172.43036757289357,8.5,5.0
S011,25.0,4.847452652798746,173.588506801573,172.38249474025764,8.5,5.0
S011,25.5,4.481991764682952,173.5611604099154,172.36750458872945,8.5,5.0
S011,26.0,4.801650584121613,173.78480798079661,172.46396093274532,8.5,5.0
S011,26.5,4.525495397089927,173.66616729553465,172.45103913626596,8.5,5.0
S011,27.0,4.891037263265374,173.6745879188619,172.62832917258422,8.5,5.0
S011,27.5,4.907538454517412,173.60209246597276,172.51711440733422,8.5,5.0
S011,28.0,4.540978360327472,173.60189849011226,172.5626348549586,8.5,5.0
S011,28.5,4.466104898736381,173.73309151043384,172.5533453416051,8.5,5.0
S011,29.0,4.541050962977432,173.71631913605677,172.57101888309464,8.5,5.0
S011,29.5,4.543991270357498,173.74979128939097,172.5270213990059,8.5,5.0
S011,30.0,4.707810782929375,173.81384673568323,172.53099866562783,8.5,5.0
S012,0.0,101.35454192216167,165.00292817058582,164.9104524232594,0.0,0.0
S012,0.5,78.57125685508079,165.87689836810935,165.5560054582809,0.0,0.0
S012,1.0,61.639422875323746,166.4944823123544,166.25012843597278,0.0,0.0
S012,1.5,48.43584120568933,167.43657734226562,166.9032506730124,0.0,0.0
S012,2.0,37.55394492481981,168.00024085200997,167.5018135801717,0.0,0.0
S012,2.5,30.023749025457583,168.5282220664506,168.05166934812976,0.0,0.0
S012,3.0,23.75146309804884,169.13194739360745,168.46687501902554,0.0,0.0
S012,3.5,19.55027859670686,169.49534081067284,168.92893686287437,0.0,0.0
S012,4.0,15.929053148318937,169.72147444607114,169.24934836391913,0.0,0.0
S012,4.5,13.088609610654766,170.4661716295994,169.5924001293263,0.0,0.0
S012,5.0,11.059968305345778,170.80125303773914,169.92289980272002,0.0,0.0
S012,5.5,9.37592532231706,171.17799285384504,170.30218285978256,0.0,0.0
S012,6.0,8.386447296510845,171.24268554720118,170.51937992720036,0.0,0.0
S012,6.5,7.425684524452864,171.7153110821874,170.79061715833888,0.0,0.0
S012,7.0,6.69986581745895,171.89113746866315,171.08062639924225,0.0,0.0
S012,7.5,6.387669175406194,172.05473054725863,171.34553951852038,0.0,0.0
S012,8.0,5.642937068248933,172.33872665867912,171.53102020629464,0.0,0.0
S012,8.5,5.661659764250966,172.54564067357282,171.5943388150192,1.0625,0.575
S012,9.0,4.983619669802423,172.69863572286124,171.78380001895852,2.125,1.15
S012,9.5,5.085536326911741,173.01969676016859,171.8903261129126,3.1875,1.7249999999999999
S012,10.0,4.682124192065858,173.0982407630418,172.10526877821508,4.25,2.3
S012,10.5,4.778440257981211,173.2290697443462,172.1958161783557,5.3125,2.875
S012,11.0,4.709140543524014,173.2627299249083,172.2494779246139,6.375,3.4499999999999997
S012,11.5,4.518104740271266,173.38220138625678,172.4307324111821,7.4375,4.0249999999999995
S012,12.0,3.9424935611898424,173.40748091759045,172.3626437258349,8.5,4.6
S012,12.5,4.719990139117048,173.59077727123392,172.74728818247007,8.5,5.0
S012,13.0,4.306656660171122,173.82855290431561,172.5362488762484,8.5,5.0
S012,13.5,4.526493776032978,173.76783039505654,172.74673765693143,8.5,5.0
S012,14.0,4.345187158024258,173.90377200815198,172.81764325893886,8.5,5.0
S012,14.5,4.244947607521992,174.02695543698186,172.81463999003617,8.5,5.0
S012,15.0,4.39050358247283,173.9802385980098,172.97680428750814,8.5,5.0
S012,15.5,4.105589735182328,174.10021851419444,172.96271267139747,8.5,5.0
S012,16.0,4.286833454831018,174.13908805013574,172.9451214332942,8.5,5.0
S012,16.5,4.607248991132839,174.09593544268745,173.05837335507132,8.5,5.0
S012,17.0,4.214337213002566,174.23281247582497,173.19791452044063,8.5,5.0
S012,17.5,4.387075784519795,174.1003305653155,173.1513720967831,8.5,5.0
S012,18.0,4.409676001360939,174.152973642772,173.2312364705412,8.5,5.0
S012,18.5,4.8064589953552455,174.25312001239183,173.16993867585512,8.5,5.0
S012,19.0,4.534278955762955,174.3813767654311,173.17063818642416,8.5,5.0
S012,19.5,4.4207720213724295,174.33198455509662,173.3901561381058,8.5,5.0
S012,20.0,4.381689577388885,174.20986497011978,173.30152189673595,8.5,5.0
S012,20.5,4.369248276541609,174.36742062591327,173.41422618914436,8.5,5.0
S012,21.0,4.287848183078996,174.4243380189909,173.34663189959585,8.5,5.0
S012,21.5,4.759441477257863,174.2789849914982,173.3619115712702,8.5,5.0
S012,22.0,4.160439142945115,174.34342386102134,173.2618597143222,8.5,5.0
S012,22.5,4.223533003001803,174.40536161769256,173.3342117866107,8.5,5.0
S012,23.0,4.204639894202286,174.3421319705295,173.40633998604568,8.5,5.0
S012,23.5,4.429278960201702,174.36553007754185,173.4170300389924,8.5,5.0
S012,24.0,4.1837236088902365,174.50553096498115,173.35779962495286,8.5,5.0
S012,24.5,4.344805678908994,174.55614123468553,173.4953213882359,8.5,5.0
S012,25.0,4.553396516479166,174.43658018098475,173.4937374552499,8.5,5.0
S012,25.5,4.400440951820216,174.41250657491898,173.39657609312994,8.5,5.0
S012,26.0,4.445287128925521,174.44341512777805,173.48539908486188,8.5,5.0
S012,26.5,4.6047510041600415,174.53776365681443,173.41475431254838,8.5,5.0
S012,27.0,4.43795897069172,174.49398413576353,173.44944075111698,8.5,5.0
S012,27.5,4.3908997336991105,174.6030674651399,173.55405750737668,8.5,5.0
S012,28.0,4.379486426591163,174.47695353299068,173.50905270907248,8.5,5.0
S012,28.5,4.31488870320941,174.57335944436275,173.3342422653228,8.5,5.0
S012,29.0,4.405462702685336,174.47637143210827,173.57504239378255,8.5,5.0
S012,29.5,4.343789744467356,174.5944573988499,173.6305127676132,8.5,5.0
S012,30.0,4.082148503026355,174.59453033466738,173.56487607623663,8.5,5.0
S013,0.0,101.1881272358015,165.0632859599827,165.03588402869576,0.0,0.0
S013,0.5,81.5097906812109,165.80983979999073,165.65986640194927,0.0,0.0
S013,1.0,66.03328518434782,166.4735747395426,166.2714081099735,0.0,0.0
S013,1.5,53.41665900120239,167.18453417376725,166.7493301957832,0.0,0.0
S013,2.0,43.554462376483464,167.670874038933,167.20154486764983,0.0,0.0
S013,2.5,35.73884426923001,168.3516607454901,167.60398871070046,0.0,0.0
S013,3.0,29.339917661646975,168.90798648213305,168.04477892888767,0.0,0.0
S013,3.5,24.41194263426551,169.29463276665186,168.24952900138427,0.0,0.0
S013,4.0,20.733238089694346,169.79841296657864,168.7631608455808,0.0,0.0
S013,4.5,17.157339665641846,170.1609174243074,168.95009352197917,0.0,0.0
S013,5.0,14.903926921984873,170.620065297718,169.21584547281986,0.0,0.0
S013,5.5,12.76213404090358,170.75967303731747,169.54411953054097,0.0,0.0
S013,6.0,11.176508452826079,171.160570771376,169.78737915285186,0.0,0.0
S013,6.5,9.855067492984576,171.4572624384067,170.0394370315465,0.0,0.0
S013,7.0,9.203398451399234,171.61099705858157,170.1204422565827,0.0,0.0
S013,7.5,8.169738867186657,171.9549630532927,170.4393268587845,0.0,0.0
S013,8.0,7.821328919488462,172.10477827116955,170.56982396160518,0.0,0.0
S013,8.5,6.95765091241959,172.36854965780122,170.66575090957278,1.0625,0.425
S013,9.0,6.962015419895837,172.3742544265652,170.8614165208029,2.125,0.85
S013,9.5,6.480918935015557,172.54168548187408,170.93209356443347,3.1875,1.275
S013,10.0,6.148576046663208,172.7831826866626,171.18196748321978,4.25,1.7
S013,10.5,5.945932862935188,172.82514681054116,171.2767686637768,5.3125,2.125
S013,11.0,5.689844271795738,172.98612612807952,171.30948402722404,6.375,2.55
S013,11.5,5.694869781178866,173.06606023669357,171.47045828260536,7.4375,2.975
S013,12.0,5.810848543035079,173.09064821688398,171.3873137998249,8.5,3.4
S013,12.5,5.318226145668096,173.24580739036563,171.41481090702067,8.5,3.8249999999999997
S013,13.0,5.376870612753954,173.3790982741241,171.52696366278107,8.5,4.25
S013,13.5,5.582752586693827,173.35966737901603,171.77271653556247,8.5,4.675
S013,14.0,5.205625977255991,173.582683084641,171.80487462134874,8.5,5.0
S013,14.5,5.229821154903896,173.58975904761388,171.78491565490066,8.5,5.0
S013,15.0,5.2372581140794585,173.61493980867542,171.89769320200313,8.5,5.0
S013,15.5,4.959575881469341,173.70674391723472,171.97510230728767,8.5,5.0
S013,16.0,5.1673903975615225,173.741914248145,171.89461917732268,8.5,5.0
S013,16.5,5.264477911799903,173.78463451829964,171.94529445271374,8.5,5.0
S013,17.0,5.1165064745442015,173.8861176650167,172.0148963204394,8.5,5.0
S013,17.5,4.909830858202499,173.84271512362238,172.0660018346825,8.5,5.0
S013,18.0,4.9290688035768415,173.93299309782404,172.16703593970254,8.5,5.0
S013,18.5,5.093517348805871,173.99590048872315,172.24167456397512,8.5,5.0
S013,19.0,5.328752520799382,173.89619666164376,172.14537706443153,8.5,5.0
S013,19.5,5.2459415917901655,173.82424302606688,172.0918180317547,8.5,5.0
S013,20.0,5.299055384839131,173.98901023082433,172.2223695859209,8.5,5.0
S013,20.5,4.889874944617616,173.98225767541396,172.1922862388519,8.5,5.0
S013,21.0,4.786102248564593,174.05143198407583,172.20969989025113,8.5,5.0
S013,21.5,5.261184766164224,173.99631823084067,172.3065439678738,8.5,5.0
S013,22.0,5.0771456765338225,174.10248935636378,172.3567620149828,8.5,5.0
S013,22.5,5.137703822681538,174.07287065130788,172.23213442445893,8.5,5.0
S013,23.0,5.149940765517272,174.11732390575608,172.37149761238885,8.5,5.0
S013,23.5,5.0786721787096045,174.1820368754035,172.36212604507847,8.5,5.0
S013,24.0,4.813226746000103,174.10872166738557,172.35053155741156,8.5,5.0
S013,24.5,4.937797471269612,174.1961311025037,172.33634328807003,8.5,5.0
S013,25.0,5.268537870228673,174.22800876640324,172.24013379207832,8.5,5.0
S013,25.5,5.124008013685381,174.18125565130478,172.4143693618342,8.5,5.0
S013,26.0,4.987545761624744,174.22187156788777,172.38185953334332,8.5,5.0
S013,26.5,4.898940886193411,174.18852860977185,172.3555764020983,8.5,5.0
S013,27.0,5.301730538964635,174.276059913615,172.3956722005756,8.5,5.0
S013,27.5,5.095469481247673,174.16154664076566,172.36352154773508,8.5,5.0
S013,28.0,4.993135553304163,174.21911789404592,172.34511506962002,8.5,5.0
S013,28.5,5.290745262476766,174.15653101017602,172.32646641822228,8.5,5.0
S013,29.0,5.131695692925712,174.215497005134,172.49261556106674,8.5,5.0
S013,29.5,5.0786297658142985,174.2065588742987,172.4222151473116,8.5,5.0
S013,30.0,5.160425243943217,174.11660130811305,172.4155166476701,8.5,5.0
S014,0.0,101.32535301261274,164.85441690092034,165.0279880014997,0.0,0.0
S014,0.5,77.28477439842675,165.6624176732508,165.763618806677,0.0,0.0
S014,1.0,59.26200241434782,166.7243542097747,166.2841673180952,0.0,0.0
S014,1.5,45.4092046754681,167.2137435626439,166.93869699114666,0.0,0.0
S014,2.0,35.49562371522226,167.9673451153652,167.47244935723856,0.0,0.0
S014,2.5,27.52232633455942,168.46148318689876,168.06262071031173,0.0,0.0
S014,3.0,22.130277181058556,169.03880873448247,168.31765834920662,0.0,0.0
S014,3.5,17.54686043825915,169.46829259827888,168.7940445843103,0.0,0.0
S014,4.0,14.355297226520682,169.992320321388,169.1375458780166,0.0,0.0
S014,4.5,12.007242167167258,170.3475854683041,169.6148885873374,0.0,0.0
S014,5.0,9.924765290764807,170.65730376951544,169.6704140006984,0.0,0.0
S014,5.5,8.591133909073413,171.16407033080154,170.31310379970157,0.0,0.0
S014,6.0,7.971508195889438,171.3822017074195,170.42017702884934,0.0,0.0
S014,6.5,7.009268267200769,171.66647436546336,170.5554003307247,0.0,0.0
S014,7.0,6.126308488833485,171.82335858764088,170.91415724799356,0.0,0.0
S014,7.5,5.8874903426318586,172.13479705329317,171.04450971536923,0.0,0.0
S014,8.0,5.406497911008371,172.3874728831838,171.32766255430607,0.0,0.0
S014,8.5,5.398832811601163,172.50186632914185,171.41205826380065,1.0625,0.5
S014,9.0,5.051411704011071,172.63497846455383,171.6587458841599,2.125,1.0
S014,9.5,4.999576381676347,172.88576753164602,171.77565342989675,3.1875,1.5
S014,10.0,4.802683609868531,173.0993453055154,171.91970313378272,4.25,2.0
S014,10.5,4.743153917285423,173.15997046354167,172.04772317184535,5.3125,2.5
S014,11.0,4.86539733261373,173.2226445811601,172.11235141867797,6.375,3.0
S014,11.5,4.545137634847255,173.32175875753947,172.30395494118838,7.4375,3.5
S014,12.0,5.140540551902215,173.53153284774666,172.41145787831528,8.5,4.0
S014,12.5,4.8985735349030275,173.54729380440938,172.36682211808917,8.5,4.5
S014,13.0,4.6297111107189615,173.75307495868398,172.52697687646136,8.5,5.0
S014,13.5,4.70361735342948,173.6573335427026,172.480718007275,8.5,5.0
S014,14.0,4.6810348294073565,174.00200873401786,172.5701400857519,8.5,5.0
S014,14.5,4.54932152410973,173.90438720209207,172.65152414102744,8.5,5.0
S014,15.0,4.5303429160643125,174.06911371858826,172.78040667902275,8.5,5.0
S014,15.5,4.192443292161675,173.9903021934541,172.73676803733343,8.5,5.0
S014,16.0,4.48241165143883,173.99189589916892,172.95886349025363,8.5,5.0
S014,16.5,4.661193926147833,174.1284740596781,172.80191898764704,8.5,5.0
S014,17.0,4.857780770566881,174.25622332385802,172.98162713958575,8.5,5.0
S014,17.5,4.4709466865084435,174.20965297457377,172.94565188547466,8.5,5.0
S014,18.0,4.536821755427878,174.2437438290388,173.049180216722,8.5,5.0
S014,18.5,4.755709888052913,174.22432820284402,173.07841459465072,8.5,5.0
S014,19.0,5.0606211973658555,174.29331983877339,172.95482783216863,8.5,5.0
S014,19.5,4.44053034811435,174.25757238604183,173.13511838843166,8.5,5.0
S014,20.0,4.342251959430617,174.31654019083916,173.24973020838675,8.5,5.0
S014,20.5,4.462754072434603,174.25066668395556,173.12403963657925,8.5,5.0
S014,21.0,4.613546264971655,174.32264759986384,173.23383106955427,8.5,5.0
S014,21.5,4.53759421588958,174.51153347290554,173.31230266668663,8.5,5.0
S014,22.0,4.414657351152419,174.50636505976746,173.20232832234262,8.5,5.0
S014,22.5,4.579417565143623,174.27360012063966,173.23411726476616,8.5,5.0
S014,23.0,4.5267110955354815,174.49185166527815,173.19479490786472,8.5,5.0
S014,23.5,4.504669661628898,174.50222572300953,173.2967500752436,8.5,5.0
S014,24.0,4.646404716659339,174.50806660789377,173.2753003102695,8.5,5.0
S014,24.5,4.390962427218148,174.59385580708053,173.3072731561241,8.5,5.0
S014,25.0,4.775680571307741,174.43286795793105,173.37460924989284,8.5,5.0
S014,25.5,4.4004836295307745,174.4207960656602,173.3366780711119,8.5,5.0
S014,26.0,4.67858698332615,174.45224125620763,173.21884415784132,8.5,5.0
S014,26.5,4.296531136874505,174.48385821674512,173.27950715209244,8.5,5.0
S014,27.0,4.5585676329780975,174.53335660460795,173.2497846210559,8.5,5.0
S014,27.5,4.509348139717019,174.44494736574947,173.3636155973642,8.5,5.0
S014,28.0,4.639329507633221,174.4143326391204,173.2674527792309,8.5,5.0
S014,28.5,4.520749495847667,174.46862146228278,173.26952598720365,8.5,5.0
S014,29.0,4.522006133095166,174.62499938437253,173.34167008632082,8.5,5.0
S014,29.5,4.701838499919503,174.39502505290403,173.53476360503,8.5,5.0
S014,30.0,4.4551691528877075,174.5277442446646,173.41624693251262,8.5,5.0
S015,0.0,101.21352290003462,164.918916551929,165.0322043401348,0.0,0.0
S015,0.5,79.30327566715104,165.72787142239642,165.736097954855,0.0,0.0
S015,1.0,62.44219243923487,166.38677616914745,166.16703450683443,0.0,0.0
S015,1.5,49.50377806472401,167.05297282992447,166.79762138111417,0.0,0.0
S015,2.0,39.55103670736237,167.54474211614658,167.23158708218364,0.0,0.0
S015,2.5,31.654153171699054,168.0569251861255,167.77283632236558,0.0,0.0
S015,3.0,25.531714792790307,168.7753609910761,168.19610495152367,0.0,0.0
S015,3.5,20.962209688003952,169.03007251841552,168.50888258289316,0.0,0.0
S015,4.0,17.18825921025863,169.25826649921785,168.98589224281116,0.0,0.0
S015,4.5,14.956075404709981,169.70910374104392,169.27223877047857,0.0,0.0
S015,5.0,12.415279924529385,170.1584159793851,169.32036606086822,0.0,0.0
S015,5.5,10.652304704782033,170.28377323973805,169.84345189901686,0.0,0.0
S015,6.0,9.780599015154166,170.57083648048075,170.08289717247925,0.0,0.0
S015,6.5,8.49154137816273,170.82815951097652,170.2584720658369,0.0,0.0
S015,7.0,7.513461273958482,171.07746282001858,170.59769658390405,0.0,0.0
S015,7.5,7.071844061810396,171.32132086706645,170.7308641472725,0.0,0.0
S015,8.0,6.950654419194265,171.48462835680505,170.92922205769824,0.0,0.0
S015,8.5,6.401270789921997,171.66206528639512,171.080099211908,1.0625,0.575
S015,9.0,5.875201179284162,171.79760156656644,171.3236683527472,2.125,1.15
S015,9.5,5.759570583611871,171.92657317265767,171.37336617131143,3.1875,1.7249999999999999
S015,10.0,5.6842905492028715,172.10388969466163,171.54163028839784,4.25,2.3
S015,10.5,5.7839310273677444,172.2447927812145,171.50927872594738,5.3125,2.875
S015,11.0,5.463791765660276,172.19820673100975,171.6500604074508,6.375,3.4499999999999997
S015,11.5,5.53200835585925,172.26553218899252,171.8005373051441,7.4375,4.0249999999999995
S015,12.0,5.242816900169741,172.5099607453066,171.84294818231626,8.5,4.6
S015,12.5,5.0264221660500334,172.54619912895978,171.92484760473118,8.5,5.0
S015,13.0,5.195843745872831,172.60835491269054,172.05596255552496,8.5,5.0
S015,13.5,5.0474885281168085,172.6531290432355,172.1399295793427,8.5,5.0
S015,14.0,5.581968120932835,172.80575722477843,172.15484451355712,8.5,5.0
S015,14.5,5.087988516830449,173.02670645427617,172.20831837587363,8.5,5.0
S015,15.0,5.07541539379767,172.91795248122654,172.2612359474539,8.5,5.0
S015,15.5,5.0597469395423165,172.9831503248128,172.34551833868608,8.5,5.0
S015,16.0,5.215739107768359,173.01624518182507,172.33591454994203,8.5,5.0
S015,16.5,5.105929525380747,173.07491347371777,172.45274348174934,8.5,5.0
S015,17.0,5.252769139696655,173.05742209255678,172.44162301055076,8.5,5.0
S015,17.5,5.142852277411267,173.1083490808186,172.40199504281364,8.5,5.0
S015,18.0,5.03506659144525,173.0530224202805,172.44011084950665,8.5,5.0
S015,18.5,5.128083124664632,173.1096190616392,172.5519245727449,8.5,5.0
S015,19.0,5.075077316320128,173.1242150067883,172.59723188539724,8.5,5.0
S015,19.5,5.481832190357993,173.18896715359222,172.59973754841207,8.5,5.0
S015,20.0,5.28417836989063,173.0893912366426,172.59776073617726,8.5,5.0
S015,20.5,5.3723433148594335,173.23965313001693,172.64588329218518,8.5,5.0
S015,21.0,5.076679839887941,173.27549760572248,172.6098730986671,8.5,5.0
S015,21.5,5.549538180696979,173.24976436176564,172.60756645449084,8.5,5.0
S015,22.0,5.0331296473605915,173.4826454031558,172.76794140120884,8.5,5.0
S015,22.5,5.292506429195843,173.1595093804581,172.6367888474808,8.5,5.0
S015,23.0,5.403093661161411,173.2619502392683,172.73611317510395,8.5,5.0
S015,23.5,5.565611959024134,173.23791696189545,172.6676178276097,8.5,5.0
S015,24.0,5.312096562480068,173.33525465525028,172.7573774404086,8.5,5.0
S015,24.5,5.167135014526575,173.3672258856369,172.68269897973752,8.5,5.0
S015,25.0,5.179318551991075,173.1851414526435,172.67999024394908,8.5,5.0
S015,25.5,5.0845823868626585,173.27292554361435,172.79771448939255,8.5,5.0
S015,26.0,5.4614325274410715,173.32542009678346,172.80175010791507,8.5,5.0
S015,26.5,5.266838886955442,173.41559604881994,172.8722392451637,8.5,5.0
S015,27.0,5.393060692351638,173.43903039336612,172.80996998012859,8.5,5.0
S015,27.5,5.098653303051591,173.32597163443927,172.78782299017487,8.5,5.0
S015,28.0,4.908085907066578,173.27312151815156,172.98373628586617,8.5,5.0
S015,28.5,5.306388505396714,173.28047889366601,172.8063853083893,8.5,5.0
S015,29.0,4.953588728131987,173.48397439481272,172.77174437212935,8.5,5.0
S015,29.5,5.157167929659736,173.34456926226616,172.81356125212872,8.5,5.0
S015,30.0,4.990299845772658,173.4685977525295,172.74335498500804,8.5,5.0
S016,0.0,100.96473707289677,165.07686321893954,165.00920099537777,0.0,0.0
S016,0.5,77.69415410246339,165.8576734106199,165.78838926339319,0.0,0.0
S016,1.0,59.685631933928086,166.41130537131826,166.38993772588861,0.0,0.0
S016,1.5,46.4498446593081,167.11903198698008,166.9746777586889,0.0,0.0
S016,2.0,36.23649909214912,167.72664645143598,167.34384235860017,0.0,0.0
S016,2.5,28.264906277416376,168.24150478151188,167.88174175434037,0.0,0.0
S016,3.0,22.807816529253056,168.6815620556666,168.2615114038388,0.0,0.0
S016,3.5,18.141522151216133,169.16169901434208,168.7941633735279,0.0,0.0
S016,4.0,14.683488326321097,169.6030479636919,169.00146881591462,0.0,0.0
S016,4.5,12.243442319821462,169.89864105879045,169.3096375749607,0.0,0.0
S016,5.0,10.739203671851163,170.30172673635462,169.65680744198426,0.0,0.0
S016,5.5,8.773566082710255,170.63793144308258,170.02563745374334,0.0,0.0
S016,6.0,7.68326933386256,170.79059591356153,170.22939657758445,0.0,0.0
S016,6.5,7.24157708759912,171.07432961008766,170.5346813658924,0.0,0.0
S016,7.0,6.433468186257205,171.43886631068824,170.89048038410613,0.0,0.0
S016,7.5,6.345516807254058,171.46926332651728,171.0056989264959,0.0,0.0
S016,8.0,5.56127274691058,171.5970809788923,171.17836488922242,0.0,0.0
S016,8.5,5.284642514884235,171.9774536473056,171.30823333562898,1.0625,0.425
S016,9.0,4.936430122651535,172.1181840929484,171.50827169311512,2.125,0.85
S016,9.5,4.964427874569813,172.17934133490445,171.53368857174007,3.1875,1.275
S016,10.0,4.9667211683708095,172.3322772218968,171.70106968818087,4.25,1.7
S016,10.5,4.572656166667153,172.4773153769583,171.85437163157238,5.3125,2.125
S016,11.0,4.827665820390145,172.6264106684663,172.0060438570331,6.375,2.55
S016,11.5,4.527851395935971,172.67001404006953,172.15148850564594,7.4375,2.975
S016,12.0,4.685522235698532,172.86159027385187,172.16137545676577,8.5,3.4
S016,12.5,4.641549739400351,172.88049845179785,172.25512138411491,8.5,3.8249999999999997
S016,13.0,4.479022839271975,173.016661225719,172.37355157787835,8.5,4.25
S016,13.5,4.603886637624184,173.05154746488407,172.4158211038967,8.5,4.675
S016,14.0,4.558221264158832,173.11922045415395,172.6880588626298,8.5,5.0
S016,14.5,4.5131702219491805,173.26900489859398,172.528775343429,8.5,5.0
S016,15.0,4.446746739420137,173.17909108996582,172.71120977894455,8.5,5.0
S016,15.5,4.46344867944936,173.37755007889004,172.6284094491084,8.5,5.0
S016,16.0,4.7304563704591445,173.51416086014981,172.83383473711228,8.5,5.0
S016,16.5,4.643877128678432,173.39127246181638,172.7699293079128,8.5,5.0
S016,17.0,4.508582644105889,173.36778641516167,172.80779347251328,8.5,5.0
S016,17.5,4.499460845043204,173.4521845073191,172.89399687460926,8.5,5.0
S016,18.0,4.044590316761861,173.49641250470927,172.86402465585607,8.5,5.0
S016,18.5,4.344496935814495,173.35798421698772,172.9057465167981,8.5,5.0
S016,19.0,4.571313493684695,173.57931133919152,172.82594949683866,8.5,5.0
S016,19.5,4.498660644672998,173.6453447797548,172.86654992127316,8.5,5.0
S016,20.0,4.383438442691413,173.54997297946588,172.9763199538872,8.5,5.0
S016,20.5,4.590837538802872,173.57057407961832,173.0816612595984,8.5,5.0
S016,21.0,4.472509542107972,173.6002980324039,173.14224555997743,8.5,5.0
S016,21.5,4.231246784775628,173.63347858806776,173.02535647300616,8.5,5.0
S016,22.0,4.475381605262087,173.7079928802336,172.98730811817296,8.5,5.0
S016,22.5,4.368379858913512,173.77162997812079,173.14603075936287,8.5,5.0
S016,23.0,4.4590362331370885,173.83661102176305,173.10085422094681,8.5,5.0
S016,23.5,4.377518927450371,173.6890630800362,173.10219928236657,8.5,5.0
S016,24.0,4.38165834009515,173.74351553564532,173.2176262035335,8.5,5.0
S016,24.5,4.6424429807786325,173.7048584465779,173.14740840431546,8.5,5.0
S016,25.0,4.376138574888621,173.73487040615123,173.3021269325261,8.5,5.0
S016,25.5,4.9964321825732725,173.71525405946397,173.09031691750926,8.5,5.0
S016,26.0,4.537778192783149,173.70404352146474,173.12341787771493,8.5,5.0
S016,26.5,4.8262868847123315,173.79962019418772,173.17700380689703,8.5,5.0
S016,27.0,4.645220402331012,173.73633577033374,173.21759051688397,8.5,5.0
S016,27.5,4.448857823950911,173.73628081990185,173.12348681334726,8.5,5.0
S016,28.0,4.461408521030221,173.80534663502925,173.09237331834862,8.5,5.0
S016,28.5,4.683499153204919,173.7891179555385,173.1793114020545,8.5,5.0
S016,29.0,4.290665240690574,173.83821755002225,173.0436048818074,8.5,5.0
S016,29.5,4.5217460977886805,173.81803528459977,173.13279635292895,8.5,5.0
S016,30.0,4.3676337387827475,173.78263527653237,173.0432803321534,8.5,5.0
S017,0.0,101.27383483830063,164.90044985719823,165.03735428922192,0.0,0.0
S017,0.5,81.51878756789691,165.71763427453905,165.6170877738571,0.0,0.0
S017,1.0,65.94019913429756,166.40821952097278,166.2947966619324,0.0,0.0
S017,1.5,53.11610740577828,167.0538569068905,166.8170176273121,0.0,0.0
S017,2.0,43.38434552580164,167.6350675570464,167.28303544698346,0.0,0.0
S017,2.5,35.697526169408825,168.05631516343647,167.6332087062929,0.0,0.0
S017,3.0,29.424371943279663,168.4108901052625,168.09945043460948,0.0,0.0
S017,3.5,24.29832389621561,169.0666090276022,168.5090079677808,0.0,0.0
S017,4.0,20.765750295140016,169.5437030817844,168.8630030686279,0.0,0.0
S017,4.5,17.431724599258807,169.67510075913532,169.11628654334808,0.0,0.0
S017,5.0,15.121851768639386,170.0092618752288,169.49816289579556,0.0,0.0
S017,5.5,13.146005560117608,170.3046671574394,169.87882215085583,0.0,0.0
S017,6.0,11.42412018307271,170.59339267231414,169.99771917417982,0.0,0.0
S017,6.5,10.622524448659961,171.0415545653039,170.2593462120199,0.0,0.0
S017,7.0,9.378708570371654,171.18874537127496,170.45917880543988,0.0,0.0
S017,7.5,8.589534413652059,171.236209113532,170.64783702175,0.0,0.0
S017,8.0,8.316994414535882,171.42596909525844,170.90717750513238,0.0,0.0
S017,8.5,7.31465292774064,171.72553668517062,171.10854613597127,1.0625,0.5
S017,9.0,7.171523130874415,171.8758001087498,171.1155108604024,2.125,1.0
S017,9.5,6.779027686103337,172.13397132575332,171.42706112696717,3.1875,1.5
S017,10.0,6.580308880732227,172.07209282236994,171.3458932865445,4.25,2.0
S017,10.5,6.346197333018602,172.32050488087503,171.51428935756863,5.3125,2.5
S017,11.0,6.383105764916219,172.39221133396464,171.68802188201144,6.375,3.0
S017,11.5,6.03507206919309,172.44187573259842,171.80582701375957,7.4375,3.5
S017,12.0,6.174084142546325,172.53900254898332,171.6502667805357,8.5,4.0
S017,12.5,5.810420449436692,172.52463439182412,172.0186435475504,8.5,4.5
S017,13.0,6.076900209662427,172.69308011271883,171.95872755539688,8.5,5.0
S017,13.5,5.60664717479854,172.76910783741792,172.0644297430293,8.5,5.0
S017,14.0,5.98476430410364,172.8198371043593,172.0275753488332,8.5,5.0
S017,14.5,5.421421424460316,173.00164901383252,172.18436057020338,8.5,5.0
S017,15.0,5.961749840525233,173.00531878403635,172.22748485486025,8.5,5.0
S017,15.5,5.569357923987429,173.15547662761037,172.26443987738696,8.5,5.0
S017,16.0,5.7871741234558955,173.0801791124122,172.36530604303036,8.5,5.0
S017,16.5,5.457238135518618,173.0756039991722,172.37989374940173,8.5,5.0
S017,17.0,5.640190695996901,173.12172138499642,172.4982081825208,8.5,5.0
S017,17.5,5.677169807822896,173.25866289030023,172.45548319272763,8.5,5.0
S017,18.0,5.656526770170624,173.12784520969277,172.39206278566152,8.5,5.0
S017,18.5,5.5630991819620235,173.30261177579504,172.53478921628394,8.5,5.0
S017,19.0,5.299739286263254,173.21284631871998,172.4372309640859,8.5,5.0
S017,19.5,5.863065003168019,173.25734441320662,172.48037789023797,8.5,5.0
S017,20.0,5.9939897775563615,173.3101524096024,172.56674804292868,8.5,5.0
S017,20.5,5.377547110654651,173.3642533474251,172.67205049922282,8.5,5.0
S017,21.0,5.590783590664481,173.3508248498223,172.55001118612796,8.5,5.0
S017,21.5,5.903369649052069,173.2899179880926,172.56385423569037,8.5,5.0
S017,22.0,5.414876441143803,173.25440305187934,172.75442836993798,8.5,5.0
S017,22.5,5.605958120690309,173.61957225950317,172.70167201138503,8.5,5.0
S017,23.0,5.63349608126217,173.45623155708063,172.78149458677888,8.5,5.0
S017,23.5,5.58527231077958,173.31350890681205,172.72139318845976,8.5,5.0
S017,24.0,5.5793569381235555,173.3416073176897,172.66738982507232,8.5,5.0
S017,24.5,5.54823115425706,173.42536986298416,172.69929439914577,8.5,5.0
S017,25.0,5.1694837803573614,173.3795765788464,172.76872859828313,8.5,5.0
S017,25.5,5.423688955163125,173.5181353162746,172.73038344746777,8.5,5.0
S017,26.0,5.6823255735700045,173.31822389994926,172.72421905220313,8.5,5.0
S017,26.5,5.22608068215874,173.3897821481746,172.6693235468272,8.5,5.0
S017,27.0,5.554922396310327,173.44678323877542,172.67127771629987,8.5,5.0
S017,27.5,5.7823577439187615,173.4662466186985,172.62943440458253,8.5,5.0
S017,28.0,5.544135910735624,173.5359428879195,172.72180588378646,8.5,5.0
S017,28.5,5.622946945223348,173.505913264464,172.7204153556531,8.5,5.0
S017,29.0,5.53147982709651,173.4324581813047,172.6871729437661,8.5,5.0
S017,29.5,5.517679071659542,173.53185252452434,172.76928340664162,8.5,5.0
S017,30.0,5.710934152077462,173.63697846848373,172.76368579028644,8.5,5.0
S018,0.0,101.47055656373162,165.093640479501,165.06069915295296,0.0,0.0
S018,0.5,79.110677237726,165.77710295148052,165.6913164411165,0.0,0.0
S018,1.0,62.36669149373612,166.64418480530662,166.41870500638376,0.0,0.0
S018,1.5,49.05292227217793,167.21952705969855,167.08282788911654,0.0,0.0
S018,2.0,39.02620699220017,167.93922867928504,167.46192231815817,0.0,0.0
S018,2.5,31.276852016942613,168.5004094804552,168.0098444592534,0.0,0.0
S018,3.0,25.013779640835484,169.02425852660505,168.52597869219755,0.0,0.0
S018,3.5,20.435556235837876,169.4977983074632,168.9118483858204,0.0,0.0
S018,4.0,16.842042597212444,170.1092024494424,169.27901992305027,0.0,0.0
S018,4.5,14.042240626253406,170.33106631065863,169.7470258462988,0.0,0.0
S018,5.0,12.092329227609833,170.75050044909125,169.94870074005823,0.0,0.0
S018,5.5,10.253892545574933,171.2074701001352,170.3011084749209,0.0,0.0
S018,6.0,9.154666637687637,171.38594144927117,170.64415714777815,0.0,0.0
S018,6.5,7.8136429588813545,171.72531049919806,170.92341408554753,0.0,0.0
S018,7.0,7.386053921218125,172.03073850517802,171.2082777763143,0.0,0.0
S018,7.5,6.569523859434104,172.2986279953103,171.1777168836727,0.0,0.0
S018,8.0,6.392947905188812,172.36952354604608,171.65510679007602,0.0,0.0
S018,8.5,6.155516595203637,172.54666639599893,171.62638951331894,1.0625,0.575
S018,9.0,5.6804108073732795,172.75956059636533,171.76210186382747,2.125,1.15
S018,9.5,5.240895813663286,172.9967491183918,171.95537682085103,3.1875,1.7249999999999999
S018,10.0,5.182295741084432,173.0897696531713,172.02728667802896,4.25,2.3
S018,10.5,5.319501951491589,173.25469077010874,172.27701700916919,5.3125,2.875
S018,11.0,5.008218093805562,173.38667809160995,172.54893113329294,6.375,3.4499999999999997
S018,11.5,4.78288339274173,173.43956114250054,172.52875999731194,7.4375,4.0249999999999995
S018,12.0,4.695053589441399,173.67511253169667,172.55110964814313,8.5,4.6
S018,12.5,4.62403966938689,173.67808361021187,172.69979347053626,8.5,5.0
S018,13.0,4.651863284576288,173.74822335314593,172.8003940868974,8.5,5.0
S018,13.5,4.8120080129992875,173.83850780188178,172.81713527834484,8.5,5.0
S018,14.0,4.457415805687588,174.08018181468637,173.05087751925453,8.5,5.0
S018,14.5,4.86509675413175,174.05181502627676,172.9349509619459,8.5,5.0
S018,15.0,4.869983128253265,174.1509064816025,173.10684592312168,8.5,5.0
S018,15.5,4.87412102935226,174.12996660691522,173.04951685558285,8.5,5.0
S018,16.0,5.14988908695694,174.05514352005576,173.24494813486695,8.5,5.0
S018,16.5,4.726441535698696,174.07540899917876,173.11285674465373,8.5,5.0
S018,17.0,4.621165419234119,174.22929866607555,173.06827191716997,8.5,5.0
S018,17.5,4.7773593428721695,174.22281689352565,173.38097080921068,8.5,5.0
S018,18.0,4.746598283673063,174.29769555145387,173.17281399692305,8.5,5.0
S018,18.5,4.448757601627259,174.37141094907608,173.3253441275819,8.5,5.0
S018,19.0,4.766877067450768,174.2804768205849,173.36029970436238,8.5,5.0
S018,19.5,5.0501842378756665,174.19585087326107,173.33637007009267,8.5,5.0
S018,20.0,4.610377634910013,174.37748184765795,173.39928738526754,8.5,5.0
S018,20.5,4.592970525927524,174.3504958059577,173.31300660688544,8.5,5.0
S018,21.0,4.656709750558473,174.52280771148992,173.48430992252585,8.5,5.0
S018,21.5,4.704087028144987,174.37626013428581,173.46431216243204,8.5,5.0
S018,22.0,4.610503923490186,174.46441626686732,173.5167255104792,8.5,5.0
S018,22.5,4.3952339982489255,174.42611904756953,173.5329741442951,8.5,5.0
S018,23.0,4.540799631241134,174.55737641123753,173.406978460966,8.5,5.0
S018,23.5,4.545223341824435,174.52171981849983,173.51377621378072,8.5,5.0
S018,24.0,4.535962851857518,174.54835680017837,173.42129095846946,8.5,5.0
S018,24.5,4.516084664471442,174.5472617742896,173.45763381566235,8.5,5.0
S018,25.0,4.703794691646494,174.71132765924645,173.5817646731736,8.5,5.0
S018,25.5,4.493762665347563,174.60137457474116,173.59339178603102,8.5,5.0
S018,26.0,4.476506116818188,174.66793590526586,173.49794929099335,8.5,5.0
S018,26.5,4.549471559455938,174.63428620897213,173.629089681847,8.5,5.0
S018,27.0,4.6947633728483,174.65356356344066,173.56351105915493,8.5,5.0
S018,27.5,4.654942386466911,174.59448280514172,173.58054348041787,8.5,5.0
S018,28.0,4.567242549889427,174.59403572592544,173.73009519576897,8.5,5.0
S018,28.5,4.727714984004367,174.62953722386703,173.7280956096583,8.5,5.0
S018,29.0,4.784714010778354,174.64137334475467,173.628891454172,8.5,5.0
S018,29.5,4.728443150809117,174.64413926451155,173.62844463995162,8.5,5.0
S018,30.0,4.6518061364644945,174.68145024231487,173.60741339093138,8.5,5.0
S019,0.0,101.41604774018177,165.03205233513395,165.07671995437062,0.0,0.0
S019,0.5,78.04476999799311,165.71750218210408,165.647837344692,0.0,0.0
S019,1.0,60.24559002752297,166.4806459957797,166.28170017524818,0.0,0.0
S019,1.5,46.813137532296366,167.07816395732036,166.87601947589224,0.0,0.0
S019,2.0,36.97627790165293,167.71204907895134,167.5289515314296,0.0,0.0
S019,2.5,29.03020904469557,168.32372381261078,167.8093486980466,0.0,0.0
S019,3.0,23.099205767011338,168.71467659933333,168.2381201842052,0.0,0.0
S019,3.5,18.551882248734707,169.3212244241644,168.78892163423026,0.0,0.0
S019,4.0,15.044310109714758,169.74265318460613,169.25998216576014,0.0,0.0
S019,4.5,12.690106359551777,170.01227788249182,169.43055626687627,0.0,0.0
S019,5.0,10.662570790959048,170.31420136038798,169.8492057727659,0.0,0.0
S019,5.5,9.48759189968247,170.55930370160385,169.95593556736046,0.0,0.0
S019,6.0,8.120351862703641,170.81645781650224,170.4189035415843,0.0,0.0
S019,6.5,7.466440328813456,171.1789102884355,170.52112365086936,0.0,0.0
S019,7.0,6.984079757287398,171.4309013639644,170.74976699595675,0.0,0.0
S019,7.5,6.459121941296811,171.61670225248497,170.95484701657506,0.0,0.0
S019,8.0,5.730250853791918,171.8527079809684,171.06036460237007,0.0,0.0
S019,8.5,5.32885989391632,172.01987180173793,171.44864936512684,1.0625,0.425
S019,9.0,5.422893132822844,172.17527132325972,171.5005308208916,2.125,0.85
S019,9.5,5.185232993505587,172.32824778074607,171.5845572718609,3.1875,1.275
S019,10.0,5.313308593033318,172.4718736964686,171.92341774994392,4.25,1.7
S019,10.5,4.972798339930341,172.65107704580757,171.96048033395115,5.3125,2.125
S019,11.0,4.997270842211419,172.6844853340488,171.989412237422,6.375,2.55
S019,11.5,4.808811576317488,172.80828987471378,172.06193057865127,7.4375,2.975
S019,12.0,4.958867502234754,172.9109695669015,172.14997795019121,8.5,3.4
S019,12.5,4.4451640947372,172.93709524066838,172.33283645991426,8.5,3.8249999999999997
S019,13.0,4.689925309223883,173.1630922669006,172.37899044454397,8.5,4.25
S019,13.5,4.646480968383431,173.0262404566922,172.46630629314078,8.5,4.675
S019,14.0,4.956770320010566,173.3241822645116,172.52545702526777,8.5,5.0
S019,14.5,4.777095786140666,173.2381139498235,172.59568416776239,8.5,5.0
S019,15.0,4.277014176734049,173.29193598222784,172.55382327751855,8.5,5.0
S019,15.5,4.493330507121447,173.39391187308652,172.64488838660517,8.5,5.0
S019,16.0,4.489874066854585,173.35163006906583,172.75975474028746,8.5,5.0
S019,16.5,4.790696930618605,173.432324772566,172.78819351810677,8.5,5.0
S019,17.0,5.052735764907222,173.4057555838883,172.72337290965206,8.5,5.0
S019,17.5,4.864084918492592,173.4545264472493,172.81993059741296,8.5,5.0
S019,18.0,4.978500345943617,173.57581416659474,172.87251019081558,8.5,5.0
S019,18.5,4.863613581900358,173.6208052597062,172.82834340017624,8.5,5.0
S019,19.0,4.770677161204933,173.62144225367976,173.02481170155076,8.5,5.0
S019,19.5,4.6118207511675555,173.61055769202994,172.9508479584457,8.5,5.0
S019,20.0,4.673613286733173,173.73062519657336,173.0047756073883,8.5,5.0
S019,20.5,4.783266105300526,173.61961852624108,172.99621373974367,8.5,5.0
S019,21.0,4.999475339558848,173.7383306851344,173.09262372450573,8.5,5.0
S019,21.5,4.671289734648531,173.62615189391596,173.10424483949595,8.5,5.0
S019,22.0,4.629238582615229,173.75210327491268,173.10591360765326,8.5,5.0
S019,22.5,4.745285339768512,173.81063085917216,173.01779931671274,8.5,5.0
S019,23.0,4.7306714969007375,173.81985201973455,173.23059683298462,8.5,5.0
S019,23.5,4.551073866245775,173.77062226205237,173.1065831509521,8.5,5.0
S019,24.0,4.546144864606659,173.70943868647095,173.189491765447,8.5,5.0
S019,24.5,4.904160233572519,173.86541913351104,173.23270604366706,8.5,5.0
S019,25.0,4.9262523577751764,173.7481310316426,173.16030428140272,8.5,5.0
S019,25.5,4.467398686921633,173.78508679209494,173.34550160657244,8.5,5.0
S019,26.0,5.016623723181835,173.7416968471223,173.1845477362238,8.5,5.0
S019,26.5,4.580883148153172,173.9548313124914,173.21111000664206,8.5,5.0
S019,27.0,4.8649379029884035,173.79119914991466,173.09987361560465,8.5,5.0
S019,27.5,4.7916350946255335,173.80310168388826,173.27609378992068,8.5,5.0
S019,28.0,4.745921978178334,173.84358045867725,173.1843610363176,8.5,5.0
S019,28.5,4.757780964009094,173.74817727232647,173.18756887444297,8.5,5.0
S019,29.0,4.793738582307499,173.94675841919837,173.20780706500761,8.5,5.0
S019,29.5,4.808840648077411,173.8043159439572,173.08946530762262,8.5,5.0
S019,30.0,4.836984084061386,173.95139845765064,173.2177485509519,8.5,5.0
S020,0.0,101.25462066044274,165.14153088230566,164.93818162045915,0.0,0.0
S020,0.5,82.26322755122817,165.80120206463386,165.66745046510553,0.0,0.0
S020,1.0,67.10924842333019,166.64771477854572,166.32054738527597,0.0,0.0
S020,1.5,54.65792502483076,167.18071405581196,166.76123521344175,0.0,0.0
S020,2.0,44.93958094762723,167.9547593748378,167.39591842814878,0.0,0.0
S020,2.5,36.94797505484219,168.4843014852221,167.82584683056854,0.0,0.0
S020,3.0,30.867735564145875,169.11145744588208,168.23359406433426,0.0,0.0
S020,3.5,25.521196959115162,169.45590169159624,168.7076699963738,0.0,0.0
S020,4.0,21.28055592923436,169.846643547367,169.01111389481613,0.0,0.0
S020,4.5,18.347815937059796,170.25812467164633,169.28543058661657,0.0,0.0
S020,5.0,15.782698824556428,170.8481021207592,169.6393553076983,0.0,0.0
S020,5.5,13.82310961178485,171.10329947295668,169.75981597221343,0.0,0.0
S020,6.0,11.879647294008581,171.27648795716175,170.12447526737583,0.0,0.0
S020,6.5,10.877772248781625,171.68487695221287,170.17458604596783,0.0,0.0
S020,7.0,9.66051731122739,171.95819564578713,170.50828835809816,0.0,0.0
S020,7.5,8.957235127908953,172.21610961814403,170.8733575408785,0.0,0.0
S020,8.0,8.146567780702306,172.31191287897786,170.91506296923848,0.0,0.0
S020,8.5,7.8128654756186044,172.4958585456376,171.08810805109698,1.0625,0.5
S020,9.0,6.920284976449139,172.71834068617574,171.40491103450384,2.125,1.0
S020,9.5,6.882851025753835,172.92170350118613,171.5206565891377,3.1875,1.5
S020,10.0,6.433337928396582,173.11681681021915,171.5956309745341,4.25,2.0
S020,10.5,6.223130437070077,173.1635287080466,171.90991278707335,5.3125,2.5
S020,11.0,6.136160725891038,173.12515600155365,171.7234744328213,6.375,3.0
S020,11.5,5.559257500077059,173.39323220529047,171.89626526441782,7.4375,3.5
S020,12.0,5.762954706976182,173.541020740176,171.93618416549438,8.5,4.0
S020,12.5,5.882469276809474,173.483365959441,172.04159128795837,8.5,4.5
S020,13.0,5.643371995219397,173.58717198261968,172.15758830107598,8.5,5.0
S020,13.5,5.406811099998361,173.75232306234543,172.24617252640357,8.5,5.0
S020,14.0,5.463577169872293,173.8593017178247,172.3179907235783,8.5,5.0
S020,14.5,5.326212235391293,173.90539963413926,172.30280943113027,8.5,5.0
S020,15.0,5.363794880463586,173.99405318993357,172.38570736270438,8.5,5.0
S020,15.5,5.31534676087458,173.9168203174196,172.40038506239284,8.5,5.0
S020,16.0,5.497439161514563,174.0784487115888,172.5205275808053,8.5,5.0
S020,16.5,5.32653391973305,174.0224306152044,172.4357843556396,8.5,5.0
S020,17.0,5.1325767292933815,174.06309720682953,172.4943713344991,8.5,5.0
S020,17.5,5.616068904532878,174.11098540257584,172.5644091486826,8.5,5.0
S020,18.0,5.198199205613879,174.31575337491137,172.75432783463148,8.5,5.0
S020,18.5,5.142310215503443,174.11290156917724,172.70582196703427,8.5,5.0
S020,19.0,5.485849711071154,174.15423127146636,172.78780993566758,8.5,5.0
S020,19.5,5.121466908796581,174.33631992969387,172.64930270160343,8.5,5.0
S020,20.0,5.271183390399998,174.32166548585946,172.65718031549238,8.5,5.0
S020,20.5,5.699375010773302,174.22922061400797,172.79056569819556,8.5,5.0
S020,21.0,5.300770415390842,174.20754436638794,172.78474979604607,8.5,5.0
S020,21.5,4.998657142937619,174.19937190050493,172.62116272293426,8.5,5.0
S020,22.0,5.019127186854834,174.32673189665277,172.811067750003,8.5,5.0
S020,22.5,5.522536107493127,174.49479697435095,172.8327116806618,8.5,5.0
S020,23.0,5.282619243389417,174.3279690488806,172.88230675289228,8.5,5.0
S020,23.5,5.166346102744766,174.2649666286982,172.8446604576916,8.5,5.0
S020,24.0,5.124883070145377,174.44037468632447,172.89458691281277,8.5,5.0
S020,24.5,5.4843094018118785,174.3619453551068,172.99193422074995,8.5,5.0
S020,25.0,5.220743069326566,174.40390926746613,172.85702817806126,8.5,5.0
S020,25.5,5.245014270825935,174.38623576531458,172.91789198572334,8.5,5.0
S020,26.0,5.071693995116665,174.51443949773895,172.83313619611525,8.5,5.0
S020,26.5,5.440222232691981,174.47921142511893,172.91603352554964,8.5,5.0
S020,27.0,5.152347508295317,174.5494881623841,172.9298263712365,8.5,5.0
S020,27.5,5.202437381125208,174.47103725652053,172.9555867921447,8.5,5.0
S020,28.0,5.3699234017742,174.49750488503912,172.96301617683238,8.5,5.0
S020,28.5,5.483785519956772,174.3831020637127,172.97807160374992,8.5,5.0
S020,29.0,5.416312170090403,174.37390445919033,172.91664841793508,8.5,5.0
S020,29.5,5.603338534320515,174.40796300662814,173.01788269719066,8.5,5.0
S020,30.0,5.537838767284055,174.2719059212332,173.0311470998646,8.5,5.0
S021,0.0,101.26368901236444,165.05918701362035,165.01707048756398,0.0,0.0
S021,0.5,78.60328116774818,165.81823752289995,165.62901748441004,0.0,0.0
S021,1.0,61.11065381284108,166.6243150089621,166.37799166145888,0.0,0.0
S021,1.5,47.449252266469706,167.31218089665882,167.00333958502932,0.0,0.0
S021,2.0,37.498530229493596,167.95543666639242,167.54431575989094,0.0,0.0
S021,2.5,29.364446456561964,168.54851982386887,168.02148108925408,0.0,0.0
S021,3.0,23.679886852010092,169.11430420052284,168.41528239768843,0.0,0.0
S021,3.5,19.390142528657858,169.53194569511518,169.07425211664895,0.0,0.0
S021,4.0,15.900108569500386,170.09928832726663,169.30006885851532,0.0,0.0
S021,4.5,12.918131965465617,170.39496798085528,169.70078365179495,0.0,0.0
S021,5.0,11.394683221182273,170.76036635352102,170.02161161908296,0.0,0.0
S021,5.5,9.623536923168034,171.24137176113004,170.33271949971495,0.0,0.0
S021,6.0,8.9467276251547,171.41435778930554,170.6262867231683,0.0,0.0
S021,6.5,7.2564579755189955,171.85633679707388,170.96053703670162,0.0,0.0
S021,7.0,7.019735224698428,172.00391454872926,171.05496958098382,0.0,0.0
S021,7.5,6.538416764413474,172.18370768025883,171.35077020980407,0.0,0.0
S021,8.0,6.1948236745377425,172.45870874884932,171.3753716044819,0.0,0.0
S021,8.5,5.442542704938417,172.69569125070308,171.5278913699049,1.0625,0.575
S021,9.0,5.575086232636879,172.81711764710673,171.88657784666762,2.125,1.15
S021,9.5,5.442670552344712,172.9813022127613,172.04834880495886,3.1875,1.7249999999999999
S021,10.0,5.1794992608479085,173.0998927158928,172.07003464118947,4.25,2.3
S021,10.5,4.917999715031007,173.36079198404872,172.2677705618991,5.3125,2.875
S021,11.0,4.9813064764557025,173.33274767316863,172.3579152665605,6.375,3.4499999999999997
S021,11.5,5.075555378685454,173.5745677583106,172.4847779559149,7.4375,4.0249999999999995
S021,12.0,5.070514400546325,173.6784772139735,172.5449792492339,8.5,4.6
S021,12.5,4.9882041573119755,173.73378048237404,172.56263327247072,8.5,5.0
S021,13.0,5.151160234996112,173.79879702821,172.79381726002754,8.5,5.0
S021,13.5,4.817424311883498,173.79698387220654,172.87144535935172,8.5,5.0
S021,14.0,4.779074367156858,173.93205016695393,172.84695137753135,8.5,5.0
S021,14.5,4.897349646172119,174.26595822586526,173.09107280334743,8.5,5.0
S021,15.0,4.857211585205265,174.19547385044305,173.0656246671512,8.5,5.0
S021,15.5,4.803279208908354,174.13080261351928,173.06041895886216,8.5,5.0
S021,16.0,4.966374870426714,174.16474231651497,173.1058310212012,8.5,5.0
S021,16.5,4.78339465522434,174.23771423354222,173.1330870056258,8.5,5.0
S021,17.0,5.031483125010449,174.36587619142452,173.21370593101898,8.5,5.0
S021,17.5,4.7116755585032895,174.2955011556184,173.30830917333924,8.5,5.0
S021,18.0,4.550122116037948,174.36326298411026,173.25032243608828,8.5,5.0
S021,18.5,4.8188444575834035,174.32876445752098,173.43969945607628,8.5,5.0
S021,19.0,4.628831769006142,174.44614644053783,173.27868258685365,8.5,5.0
S021,19.5,4.407831774225911,174.37896905681498,173.43919895864263,8.5,5.0
S021,20.0,4.556764409501058,174.38749610919118,173.42153557400465,8.5,5.0
S021,20.5,4.553480834101681,174.48007104776084,173.41401139445182,8.5,5.0
S021,21.0,4.759044242892673,174.48129178322733,173.4165442894587,8.5,5.0
S021,21.5,5.152068105428011,174.59333692505857,173.55058035948053,8.5,5.0
S021,22.0,4.803982263408581,174.58707895073064,173.518209042188,8.5,5.0
S021,22.5,4.926066653433772,174.6103025118467,173.47954468046802,8.5,5.0
S021,23.0,4.590064890945376,174.6767481772124,173.50299516332325,8.5,5.0
S021,23.5,4.962875175333276,174.59429607399574,173.56858788720825,8.5,5.0
S021,24.0,4.509910768390492,174.54797551714125,173.49850258344767,8.5,5.0
S021,24.5,4.776002084213276,174.6809595784541,173.58457422328647,8.5,5.0
S021,25.0,4.664205190840992,174.56520837096377,173.67089358864195,8.5,5.0
S021,25.5,4.836410354936615,174.53212565793237,173.45563257149672,8.5,5.0
S021,26.0,4.599892494134644,174.64376201624376,173.67476050741482,8.5,5.0
S021,26.5,4.913568334814545,174.5916988239046,173.70844729658364,8.5,5.0
S021,27.0,4.700094147751658,174.6430058493989,173.5436632914909,8.5,5.0
S021,27.5,4.650132388623545,174.56629203531745,173.5764088847369,8.5,5.0
S021,28.0,4.491110093276946,174.73776441752324,173.51756904594666,8.5,5.0
S021,28.5,4.6397921826009325,174.53867739411785,173.62473848278128,8.5,5.0
S021,29.0,4.822845405526807,174.64748711340172,173.7786694663427,8.5,5.0
S021,29.5,4.595909503265634,174.62070677259547,173.53038621571045,8.5,5.0
S021,30.0,4.457928112515102,174.7180465873156,173.5932818323662,8.5,5.0
S022,0.0,101.17432143967574,164.98728957257026,164.9877517404091,0.0,0.0
S022,0.5,79.94336828394574,165.78036631850804,165.834203062218,0.0,0.0
S022,1.0,63.388564577336965,166.4585878393234,166.22539475318743,0.0,0.0
S022,1.5,50.38064336525871,167.08349993632058,166.70986374099868,0.0,0.0
S022,2.0,40.177009123270466,167.51405500751972,167.31013834292818,0.0,0.0
S022,2.5,32.40865970590507,168.20805002040095,167.78105899282806,0.0,0.0
S022,3.0,26.232779113882273,168.5683007508383,168.16424649401557,0.0,0.0
S022,3.5,21.56825006481403,169.16462136521005,168.66746681040385,0.0,0.0
S022,4.0,17.80252019209481,169.60430659571418,168.99970823556023,0.0,0.0
S022,4.5,14.600286742175431,169.9625751672091,169.35730553628343,0.0,0.0
S022,5.0,12.550923184779178,170.23223884821726,169.59491048287018,0.0,0.0
S022,5.5,10.650430785443582,170.46847342594097,169.89257985289984,0.0,0.0
S022,6.0,9.3124099767154,170.72155629952937,170.14188373013687,0.0,0.0
S022,6.5,8.091631762205749,171.09961941058629,170.29453824482832,0.0,0.0
S022,7.0,7.609259403900013,171.3884846577808,170.5261843402612,0.0,0.0
S022,7.5,6.80678232488184,171.48282052415965,170.7726812650544,0.0,0.0
S022,8.0,6.3527589602758585,171.66458958968198,170.95802483284308,0.0,0.0
S022,8.5,6.280634763715305,171.85796873004222,171.10016862733522,1.0625,0.425
S022,9.0,5.710915992200185,172.0303643787914,171.30119666492016,2.125,0.85
S022,9.5,5.455488573494821,172.08987066044415,171.47184778830464,3.1875,1.275
S022,10.0,5.111596818101909,172.34663135383656,171.44963296009465,4.25,1.7
S022,10.5,5.383917300545448,172.50777221484373,171.72923634846117,5.3125,2.125
S022,11.0,5.205622299359579,172.54544224698571,171.77033049745597,6.375,2.55
S022,11.5,5.111450715912367,172.67202193702195,171.91318871658544,7.4375,2.975
S022,12.0,4.612965332874649,172.79341741350453,171.91550228885464,8.5,3.4
S022,12.5,4.916851029314897,172.82836949084304,172.10631497046003,8.5,3.8249999999999997
S022,13.0,4.859339012326769,173.02982509995616,172.13525033528597,8.5,4.25
S022,13.5,4.75923082483974,173.01706388077517,172.1866624462133,8.5,4.675
S022,14.0,4.73037466620307,173.17670594441802,172.07904239279398,8.5,5.0
S022,14.5,5.16470122282747,173.16800036939048,172.36563154130315,8.5,5.0
S022,15.0,4.581337619409192,173.13043463364875,172.37648461026566,8.5,5.0
S022,15.5,4.653420828174851,173.21845839770833,172.28266196568148,8.5,5.0
S022,16.0,4.662554053685093,173.30338284901194,172.53511656067948,8.5,5.0
S022,16.5,4.389201797076625,173.37011803314314,172.54725987303408,8.5,5.0
S022,17.0,4.62841035592323,173.39787749446734,172.42032304184772,8.5,5.0
S022,17.5,4.618982380332015,173.3124863777067,172.57833122340017,8.5,5.0
S022,18.0,4.639183274659504,173.3620452368068,172.5498876788643,8.5,5.0
S022,18.5,5.040468200379549,173.4075278819978,172.64130643046863,8.5,5.0
S022,19.0,4.7619095032885514,173.4562432452016,172.6637283808528,8.5,5.0
S022,19.5,4.297547869017831,173.52582235273093,172.68848164311964,8.5,5.0
S022,20.0,4.553807375483068,173.45984763611298,172.7581619610323,8.5,5.0
S022,20.5,4.843367098167313,173.52947329550202,172.73204920819853,8.5,5.0
S022,21.0,4.947762606430008,173.6583298346118,172.74557557552046,8.5,5.0
S022,21.5,4.536887423258719,173.5037492358215,172.75880157652006,8.5,5.0
S022,22.0,4.793334640682305,173.53706872036423,172.7184446436272,8.5,5.0
S022,22.5,4.609525755258822,173.63814316807282,172.8495169344039,8.5,5.0
S022,23.0,4.33414166270872,173.62928627476487,172.80430743260243,8.5,5.0
S022,23.5,4.745572837913345,173.51950993170527,172.9151701365484,8.5,5.0
S022,24.0,4.7680079704110225,173.53312607215915,172.93356727313292,8.5,5.0
S022,24.5,4.698576751110724,173.78020236055605,172.88234000848087,8.5,5.0
S022,25.0,4.821324810154072,173.57822902094105,172.90356451731964,8.5,5.0
S022,25.5,4.745322939553312,173.68313746248566,172.9003608233771,8.5,5.0
S022,26.0,4.6890644478376915,173.61833251329963,172.97366008355,8.5,5.0
S022,26.5,4.8521611766775665,173.73887066327111,172.8864867213708,8.5,5.0
S022,27.0,4.503992087731405,173.70266107979327,172.73228816669584,8.5,5.0
S022,27.5,5.1045509098759085,173.59546701420862,172.8165037056144,8.5,5.0
S022,28.0,4.764476895598644,173.63167192566024,172.9120110084172,8.5,5.0
S022,28.5,4.625244353371075,173.60438536085147,172.80397960083118,8.5,5.0
S022,29.0,4.430291949222367,173.7589022631437,172.9076952324602,8.5,5.0
S022,29.5,4.660466816087543,173.69259769653024,172.97574849139576,8.5,5.0
S022,30.0,4.4813958364637525,173.66196259894696,172.9908405990992,8.5,5.0
S023,0.0,101.08381443218266,164.9441356857004,164.84750879676537,0.0,0.0
S023,0.5,79.84932905294629,165.79183137120114,165.63420687706721,0.0,0.0
S023,1.0,63.32101998751635,166.36288107750133,166.11940439464718,0.0,0.0
S023,1.5,50.3374576490153,166.980393499041,166.70956131199594,0.0,0.0
S023,2.0,40.527202866634276,167.3934803176591,167.21785572335867,0.0,0.0
S023,2.5,32.773171135765246,168.0284709358468,167.53953748201727,0.0,0.0
S023,3.0,26.571504921172263,168.51565126717296,167.96087498413445,0.0,0.0
S023,3.5,21.211282935139625,168.86357027683434,168.26830161080616,0.0,0.0
S023,4.0,18.0515977762923,169.2764420566627,168.5106428060864,0.0,0.0
S023,4.5,15.119305921622784,169.55261964907953,168.84071095912242,0.0,0.0
S023,5.0,13.138594718847127,169.96698755987134,169.00519449216355,0.0,0.0
S023,5.5,11.10209373557006,170.22639262900734,169.44628947968286,0.0,0.0
S023,6.0,9.599966870991102,170.43761760504518,169.58290940993817,0.0,0.0
S023,6.5,9.11495226483832,170.6729406782463,170.01428823101122,0.0,0.0
S023,7.0,8.121158583208457,170.82428797925596,170.03114801967052,0.0,0.0
S023,7.5,7.170924300969481,171.11320763652984,170.25290847126422,0.0,0.0
S023,8.0,7.112564733159227,171.29214108408019,170.44585511226902,0.0,0.0
S023,8.5,6.459669892183906,171.50751367948737,170.57671055488873,1.0625,0.5
S023,9.0,6.09673667434706,171.73035657261303,170.70283925947294,2.125,1.0
S023,9.5,5.7257155679405605,171.84684700454275,170.8357558170532,3.1875,1.5
S023,10.0,5.71594432249953,171.99893188405943,170.94800002419476,4.25,2.0
S023,10.5,5.705895543985863,172.06823239226813,171.10979456752906,5.3125,2.5
S023,11.0,5.31559536716402,172.14811425102744,171.1683301906734,6.375,3.0
S023,11.5,5.332652324174581,172.30331152307437,171.3777852220188,7.4375,3.5
S023,12.0,5.3094947337431355,172.30832820491133,171.3941410338271,8.5,4.0
S023,12.5,5.437724169953864,172.3126068108173,171.43191648345098,8.5,4.5
S023,13.0,5.167620460403447,172.6503303161728,171.2883078650529,8.5,5.0
S023,13.5,5.067639965489479,172.53212743553345,171.46185052991726,8.5,5.0
S023,14.0,5.05496653826175,172.57243763936123,171.55904289611794,8.5,5.0
S023,14.5,5.034739251281054,172.49709282339782,171.6314261719878,8.5,5.0
S023,15.0,5.297776277204669,172.7117996425067,171.75828231450058,8.5,5.0
S023,15.5,5.156986163809311,172.93469020135103,171.71421153410378,8.5,5.0
S023,16.0,5.0491443951076445,172.67919747928096,171.83063291576855,8.5,5.0
S023,16.5,5.325296574292235,172.85964000815008,171.8498731500509,8.5,5.0
S023,17.0,5.315748264362896,172.75207745703656,171.91531864023077,8.5,5.0
S023,17.5,4.781394592992733,172.84046638193726,171.82183541234218,8.5,5.0
S023,18.0,5.086375230658229,172.85606899488843,171.9200698371983,8.5,5.0
S023,18.5,4.996735590999237,173.02975687031062,171.98159263975086,8.5,5.0
S023,19.0,5.063464076053682,173.00693321791533,172.08634297380644,8.5,5.0
S023,19.5,4.6889035277102495,173.16282692843583,171.99622229209103,8.5,5.0
S023,20.0,4.669813643238397,173.08552783975884,172.07505178161048,8.5,5.0
S023,20.5,5.064791476281162,173.11398642791016,171.95491530150596,8.5,5.0
S023,21.0,5.291296652568073,172.97334398185004,172.15226202374484,8.5,5.0
S023,21.5,5.353798750342224,173.0047787234823,172.01171662795508,8.5,5.0
S023,22.0,5.088819613391191,173.1474861265267,172.18916009924115,8.5,5.0
S023,22.5,5.146838514156763,173.06003372302993,172.14686235810905,8.5,5.0
S023,23.0,5.233159844574672,173.21840140405874,172.11284607121917,8.5,5.0
S023,23.5,4.803449171970133,173.198153855753,172.07700506606898,8.5,5.0
S023,24.0,5.212378152194029,173.1043796525309,172.2957604622353,8.5,5.0
S023,24.5,5.079347333827707,173.1669353801133,171.9912331098329,8.5,5.0
S023,25.0,5.117342985728177,173.18851508706692,172.19966340978783,8.5,5.0
S023,25.5,4.962254566753422,173.13336503101377,172.017919880511,8.5,5.0
S023,26.0,5.251578787355568,173.12403690007906,172.1943205284953,8.5,5.0
S023,26.5,5.2337318825446415,173.16287964657974,172.2354208058712,8.5,5.0
S023,27.0,5.047414343633563,173.19518677901667,172.1328022775728,8.5,5.0
S023,27.5,5.294563637557091,173.20691366426365,172.20944092714967,8.5,5.0
S023,28.0,5.0699480668667025,173.0895905532106,172.17967261308098,8.5,5.0
S023,28.5,5.340742074572164,173.1457875247952,172.18786868108177,8.5,5.0
S023,29.0,4.7745568907685945,173.27124627771772,172.13639147702412,8.5,5.0
S023,29.5,5.484458894332979,173.08132679129906,172.298641408796,8.5,5.0
S023,30.0,5.243446213295719,173.20314547849156,172.3244768067597,8.5,5.0
S024,0.0,101.0898441003301,165.09222390984345,165.04912531432453,0.0,0.0
S024,0.5,82.14425885091097,165.80274423535877,165.65243249409434,0.0,0.0
S024,1.0,66.10066184928874,166.71276617061312,166.4876673484999,0.0,0.0
S024,1.5,54.01160992421038,167.32999364722502,166.9729347432955,0.0,0.0
S024,2.0,43.80083733387932,168.0251607642494,167.3401323305803,0.0,0.0
S024,2.5,36.30590178713969,168.54525342468028,168.05519680742444,0.0,0.0
S024,3.0,30.09768130840169,169.20231632581414,168.42982033142343,0.0,0.0
S024,3.5,25.133840535998882,169.66327763702867,168.72133227261426,0.0,0.0
S024,4.0,20.954563854225107,170.1626645159986,169.1661436846408,0.0,0.0
S024,4.5,18.115074431546198,170.54704052874308,169.5458956683715,0.0,0.0
S024,5.0,15.2484336102051,170.93774622791423,169.85702211945025,0.0,0.0
S024,5.5,13.479381288410087,171.23791311175222,170.19645824020947,0.0,0.0
S024,6.0,11.805007470250516,171.5940186654954,170.44700058811782,0.0,0.0
S024,6.5,10.136437768772032,171.79891820385973,170.7810047256085,0.0,0.0
S024,7.0,9.404856017663686,172.05732416965606,170.9325551874753,0.0,0.0
S024,7.5,8.907329249260286,172.27620041883247,171.073132547775,0.0,0.0
S024,8.0,7.988671769528006,172.63040884562145,171.49044478865073,0.0,0.0
S024,8.5,7.777656351384438,172.84384338446142,171.4918597920488,1.0625,0.575
S024,9.0,7.3543749605233675,173.1207357734394,171.68789635041648,2.125,1.15
S024,9.5,6.838501213584528,173.22531322927566,171.86463540414957,3.1875,1.7249999999999999
S024,10.0,6.775671102298291,173.30739447345672,171.97326526932306,4.25,2.3
S024,10.5,6.442871630541582,173.435743828033,172.09614215778154,5.3125,2.875
S024,11.0,6.280086163287154,173.67555119259302,172.18001564637342,6.375,3.4499999999999997
S024,11.5,5.96889214802613,173.62599302340476,172.29329183963748,7.4375,4.0249999999999995
S024,12.0,5.79313126605542,173.77386260807847,172.3903167319634,8.5,4.6
S024,12.5,5.916906886309967,173.88829134987512,172.4281253668084,8.5,5.0
S024,13.0,5.755449953202967,174.02273293704266,172.61086990516353,8.5,5.0
S024,13.5,5.94883387792009,174.02153767835665,172.55506168389795,8.5,5.0
S024,14.0,5.4621945535621865,174.13420989905347,172.73661427327548,8.5,5.0
S024,14.5,5.603986894345356,174.14949613642491,172.7830520301686,8.5,5.0
S024,15.0,5.692936817755538,174.24383540206352,172.82076219728546,8.5,5.0
S024,15.5,5.52729068428885,174.21372799227782,172.92308007269673,8.5,5.0
S024,16.0,5.910337264000041,174.40902550161255,172.84476763313782,8.5,5.0
S024,16.5,5.755183316984763,174.31269305504605,172.95800188687704,8.5,5.0
S024,17.0,5.5391206208045585,174.3786484020882,173.01547590252156,8.5,5.0
S024,17.5,5.49277183503678,174.61834620087458,173.09339184402023,8.5,5.0
S024,18.0,5.840207974348765,174.5473117090118,172.92773412191255,8.5,5.0
S024,18.5,5.664138960683864,174.63063281301316,173.17617013857725,8.5,5.0
S024,19.0,5.712900245965425,174.6324215754288,173.1597039448517,8.5,5.0
S024,19.5,5.436405370379461,174.61155634262312,173.0969804599217,8.5,5.0
S024,20.0,5.738461907265047,174.56279835509747,173.2574228128545,8.5,5.0
S024,20.5,5.302896383871201,174.656984711361,173.07630403866185,8.5,5.0
S024,21.0,5.611232696012568,174.6534019146905,173.17240817881768,8.5,5.0
S024,21.5,5.5899763851827595,174.72338184677778,173.29836546103806,8.5,5.0
S024,22.0,5.727873484418766,174.78957397693276,173.4348929860455,8.5,5.0
S024,22.5,5.787850179512435,174.74227103732792,173.31136048477228,8.5,5.0
S024,23.0,5.706965100989849,174.70254651775485,173.37451649225903,8.5,5.0
S024,23.5,5.835265087388051,174.74586213998424,173.34379321077978,8.5,5.0
S024,24.0,5.760340930627727,174.74539386041727,173.36841314602222,8.5,5.0
S024,24.5,5.489760644032181,174.82376666804367,173.2946895759837,8.5,5.0
S024,25.0,5.769753818169457,174.7187277581887,173.49132969377104,8.5,5.0
S024,25.5,5.679796556856502,174.96220509987216,173.3844746950622,8.5,5.0
S024,26.0,5.59726876204275,174.73642775912668,173.4106667845848,8.5,5.0
S024,26.5,5.457916454382218,174.9332035044328,173.37265792622424,8.5,5.0
S024,27.0,5.383567596189132,174.9178596604342,173.4212971714316,8.5,5.0
S024,27.5,5.82351619379452,174.79834150127365,173.44019915604994,8.5,5.0
S024,28.0,5.524360062381092,174.8388118911,173.39411370943435,8.5,5.0
S024,28.5,5.952884778199946,174.95025534362145,173.36138148509778,8.5,5.0
S024,29.0,5.630831085879878,174.83178495333212,173.57115105158564,8.5,5.0
S024,29.5,5.596991460072745,174.87074872652076,173.3828586038356,8.5,5.0
S024,30.0,5.8804384210610685,174.77749524649587,173.36513942388854,8.5,5.0
S025,0.0,101.4682903478875,164.97134668479976,165.04129128971235,0.0,0.0
S025,0.5,80.17452234652885,166.0009508656846,165.6022967765683,0.0,0.0
S025,1.0,63.66054611240437,166.48636057256766,166.366458946386,0.0,0.0
S025,1.5,51.03509483225696,167.18567752366874,166.8566084129892,0.0,0.0
S025,2.0,40.73860988627755,167.77671467666556,167.33285713210913,0.0,0.0
S025,2.5,33.41162492793057,168.28853702069065,167.81968018838157,0.0,0.0
S025,3.0,26.624830731816328,169.0720955158474,168.22349136616282,0.0,0.0
S025,3.5,22.33316471613478,169.3729349726962,168.57317372945326,0.0,0.0
S025,4.0,18.043660986022296,169.78578179591008,168.96816150989258,0.0,0.0
S025,4.5,15.582569746682287,170.15877001781166,169.2941307534493,0.0,0.0
S025,5.0,13.432018347507057,170.53945871568882,169.54237293950845,0.0,0.0
S025,5.5,11.26419317894196,170.85321817369507,169.92793979519644,0.0,0.0
S025,6.0,10.295445514499619,171.2103640811615,170.1894093922799,0.0,0.0
S025,6.5,8.944126422890472,171.4608942309878,170.52799542267448,0.0,0.0
S025,7.0,7.899166688497286,171.7074127084129,170.5385692929722,0.0,0.0
S025,7.5,7.453477160828288,171.90771904566557,170.8004060348639,0.0,0.0
S025,8.0,6.7431146085326565,172.12271252114303,170.97602673387445,0.0,0.0
S025,8.5,6.400063178640964,172.4189224348097,171.20765814234147,1.0625,0.425
S025,9.0,6.329119039548978,172.4477943789407,171.3027731828082,2.125,0.85
S025,9.5,6.005775872718909,172.68334502162443,171.46120096571605,3.1875,1.275
S025,10.0,5.646746930531421,172.8556426812014,171.47245637273892,4.25,1.7
S025,10.5,5.376256431270851,172.74186208737683,171.6661054964115,5.3125,2.125
S025,11.0,5.606471639060555,172.9839539309112,171.7822094874333,6.375,2.55
S025,11.5,5.165504481836909,173.13148195530053,171.9213133461697,7.4375,2.975
S025,12.0,5.117305762860317,173.25294673158535,171.94238311497384,8.5,3.4
S025,12.5,5.344091476801813,173.33005224958848,171.94930755169764,8.5,3.8249999999999997
S025,13.0,5.158244460290044,173.38210854421453,172.082254505653,8.5,4.25
S025,13.5,5.122310781837867,173.39710760100374,172.1157021504052,8.5,4.675
S025,14.0,5.091089551537368,173.63294403177247,172.16525727931403,8.5,5.0
S025,14.5,5.180131442179748,173.52364176167802,172.41122521430978,8.5,5.0
S025,15.0,4.8434945000577585,173.5162099201465,172.4109472726991,8.5,5.0
S025,15.5,5.0850224575663,173.73727367047277,172.45540721977886,8.5,5.0
S025,16.0,5.106671937934531,173.90182372004975,172.47746633568048,8.5,5.0
S025,16.5,5.2053313474420495,173.7528862723907,172.46789497570558,8.5,5.0
S025,17.0,4.926941892665799,173.80316515940703,172.4721267583524,8.5,5.0
S025,17.5,4.907224846516462,173.89458890496127,172.66878908697555,8.5,5.0
S025,18.0,5.052393105377582,173.98795996638276,172.53516628264836,8.5,5.0
S025,18.5,5.105698710064482,174.07137516775074,172.5830875518806,8.5,5.0
S025,19.0,4.894783081632371,174.07691039212048,172.73296797930996,8.5,5.0
S025,19.5,4.925284694739689,173.97879097726656,172.76977600961513,8.5,5.0
S025,20.0,5.181349971684899,174.052667667626,172.67632749381085,8.5,5.0
S025,20.5,5.095118076499641,174.0274046335598,172.6948930009449,8.5,5.0
S025,21.0,4.88935843190086,174.12202782544787,172.6654930188421,8.5,5.0
S025,21.5,4.791136453690614,174.0263740032275,172.81787592460708,8.5,5.0
S025,22.0,4.723577436749018,174.15347369934094,172.80324523517962,8.5,5.0
S025,22.5,4.744541242243958,174.0946015571712,172.8397811857106,8.5,5.0
S025,23.0,4.9050776975946135,174.17374140625688,172.86737549190244,8.5,5.0
S025,23.5,4.770592775568791,174.13669577672135,172.84866506253772,8.5,5.0
S025,24.0,4.6646630854470335,174.18342619422626,172.89521395155973,8.5,5.0
S025,24.5,5.177445142126244,174.10205771973403,172.92765281624094,8.5,5.0
S025,25.0,5.12629797726762,174.24441793302103,172.72893609980065,8.5,5.0
S025,25.5,5.138645971740677,174.15488124385294,172.71169578718144,8.5,5.0
S025,26.0,4.948341991785338,174.12067440716524,172.79904712910877,8.5,5.0
S025,26.5,5.130161111329547,174.24568109701042,172.9961464592423,8.5,5.0
S025,27.0,5.301744591095341,174.38150005826841,172.9036241758372,8.5,5.0
S025,27.5,4.838814577871336,174.1098585156313,173.00009334136868,8.5,5.0
S025,28.0,5.032656363074606,174.1994108880325,172.9192051605238,8.5,5.0
S025,28.5,5.007362278441262,174.20675073571078,172.76027699004877,8.5,5.0
S025,29.0,4.750161841252499,174.2024361508888,173.0108065767687,8.5,5.0
S025,29.5,5.017005365641908,174.20259532742463,172.88719019656295,8.5,5.0
S025,30.0,5.1499770454973195,174.34078176613755,172.95119052511242,8.5,5.0
S026,0.0,101.17858914107494,165.04440484999233,164.94769172818334,0.0,0.0
S026,0.5,78.81126205885693,165.92466712424837,165.7185038955451,0.0,0.0
S026,1.0,61.90792592577903,166.63058975150688,166.45134987396338,0.0,0.0
S026,1.5,48.25955260520119,167.5255199368703,167.07502674771249,0.0,0.0
S026,2.0,38.25683183450853,168.19046162608072,167.69494766321324,0.0,0.0
S026,2.5,30.25434359158077,168.86394272757948,168.24718454610758,0.0,0.0
S026,3.0,24.433865615476517,169.450092631315,168.80608851200193,0.0,0.0
S026,3.5,19.857000134325055,169.82068711283063,169.22694775658988,0.0,0.0
S026,4.0,16.511941910923703,170.51405443441152,169.47914871597203,0.0,0.0
S026,4.5,13.657137448672863,170.91504132811704,170.05656668468677,0.0,0.0
S026,5.0,12.052813256300004,171.2758555560058,170.39268911953724,0.0,0.0
S026,5.5,10.463699261772524,171.66999761995487,170.68933551460458,0.0,0.0
S026,6.0,8.808769087738735,171.97674006616725,170.93714668179393,0.0,0.0
S026,6.5,8.222439877304822,172.2403606678133,171.104773476933,0.0,0.0
S026,7.0,7.906731629829049,172.49497529284912,171.60619234626495,0.0,0.0
S026,7.5,6.71011087302538,172.87288298700673,171.67825873176312,0.0,0.0
S026,8.0,6.542457975706055,172.9991889670045,172.00470591986837,0.0,0.0
S026,8.5,6.406350725170565,173.22213702150245,172.12476041304652,1.0625,0.5
S026,9.0,6.146276302067944,173.34971997779311,172.26113666801854,2.125,1.0
S026,9.5,5.838060393301678,173.61166286820156,172.50966308245296,3.1875,1.5
S026,10.0,5.462129430630199,173.72216491186538,172.57168038621472,4.25,2.0
S026,10.5,5.434009588411311,173.9105761192702,172.7685729048617,5.3125,2.5
S026,11.0,5.459887906405684,174.12302261100524,172.91606298522947,6.375,3.0
S026,11.5,5.152702215552461,174.17586723694626,172.89745914768991,7.4375,3.5
S026,12.0,5.063408520982724,174.35692862445524,172.9894704588457,8.5,4.0
S026,12.5,5.003665922560665,174.46652740619407,173.37232288262175,8.5,4.5
S026,13.0,5.29632398854297,174.5041921802827,173.2643107596499,8.5,5.0
S026,13.5,5.253743461723103,174.52190279599975,173.25427998941055,8.5,5.0
S026,14.0,5.259246399910562,174.70473882544673,173.4720057820781,8.5,5.0
S026,14.5,5.214963371890496,174.6510799392047,173.5855885888945,8.5,5.0
S026,15.0,5.40916240038556,174.79705502014505,173.54717541750063,8.5,5.0
S026,15.5,5.114585412844443,174.80453317669154,173.54753988495003,8.5,5.0
S026,16.0,4.844069782020287,174.9408900983234,173.55592225525626,8.5,5.0
S026,16.5,5.022125264155148,174.96388769696262,173.92947787600866,8.5,5.0
S026,17.0,5.431916609892721,175.05592096638685,173.8873637972029,8.5,5.0
S026,17.5,4.890707256859715,175.00431165418317,173.83149121656166,8.5,5.0
S026,18.0,5.18749295599249,175.11701743619022,173.87728345823916,8.5,5.0
S026,18.5,5.049606007824513,175.212831784482,173.88115156497776,8.5,5.0
S026,19.0,4.903819452330438,175.21842418444268,173.87943963356338,8.5,5.0
S026,19.5,5.088980509171581,175.32461076387867,174.02108249592374,8.5,5.0
S026,20.0,5.009840963111692,175.18991244945556,173.80809104797228,8.5,5.0
S026,20.5,5.078413211792106,175.15565137251454,174.13871671538507,8.5,5.0
S026,21.0,5.143735311031532,175.26253178924392,173.9505060611003,8.5,5.0
S026,21.5,4.913862540360027,175.04429904972622,173.95391440629086,8.5,5.0
S026,22.0,4.781860378507609,175.31794961101656,173.99859303045912,8.5,5.0
S026,22.5,5.102892168794473,175.31368142432436,174.06253962249906,8.5,5.0
S026,23.0,4.952694857266925,175.25545626946655,174.02910713268645,8.5,5.0
S026,23.5,5.190688266822395,175.2372862355156,174.03519445210074,8.5,5.0
S026,24.0,4.923025115960652,175.3762573231971,174.12919980384893,8.5,5.0
S026,24.5,4.991589632420434,175.35261251669579,174.19673186395764,8.5,5.0
S026,25.0,5.015239052373333,175.30170945333086,174.25080491989183,8.5,5.0
S026,25.5,5.379118135189953,175.35761601420558,174.15040823643142,8.5,5.0
S026,26.0,5.479294959557576,175.38626911241047,174.19821505076044,8.5,5.0
S026,26.5,4.918732336722792,175.30015481892013,174.09630856138207,8.5,5.0
S026,27.0,5.020239918649153,175.31494122634132,174.13793023470276,8.5,5.0
S026,27.5,4.919604443333675,175.39258811687674,174.08569850557225,8.5,5.0
S026,28.0,5.027197494395266,175.2755780795235,174.17207740631935,8.5,5.0
S026,28.5,5.139434204968574,175.3523221993131,174.21663368308856,8.5,5.0
S026,29.0,5.116635247680685,175.46285889916243,174.21013205406834,8.5,5.0
S026,29.5,5.096990092491891,175.39983845478335,174.2365713928396,8.5,5.0
S026,30.0,4.962693710785985,175.43292313922285,174.1340347264357,8.5,5.0
S027,0.0,101.38966593611491,164.93366789271357,165.0099916189332,0.0,0.0
S027,0.5,81.49435190484463,165.7931499620888,165.64290675808414,0.0,0.0
S027,1.0,65.3274672367985,166.58968013413218,166.2603595614944,0.0,0.0
S027,1.5,52.40657518712448,167.2147634967236,166.6909299415063,0.0,0.0
S027,2.0,42.69933745359839,167.79038540965252,167.1790442901059,0.0,0.0
S027,2.5,34.843757400357745,168.36692074092326,167.7636235943548,0.0,0.0
S027,3.0,29.001101600489108,168.87784160574603,168.14165378095254,0.0,0.0
S027,3.5,24.064723659559956,169.39602380869576,168.6057236232637,0.0,0.0
S027,4.0,19.76701035801386,169.87171935258257,168.8191822677354,0.0,0.0
S027,4.5,16.681915632014793,170.21063912149765,169.07168566042307,0.0,0.0
S027,5.0,14.74870810037486,170.62701800315256,169.50978533021203,0.0,0.0
S027,5.5,12.637138290280305,170.9742961383096,169.64318715091008,0.0,0.0
S027,6.0,11.278738421481936,171.29519913801877,170.08799184002197,0.0,0.0
S027,6.5,10.439336688582912,171.49680056091512,170.11775684938803,0.0,0.0
S027,7.0,9.3301882957657,171.69858322655654,170.2442055058987,0.0,0.0
S027,7.5,8.191356510841851,172.0987354311742,170.67349308531124,0.0,0.0
S027,8.0,7.737931582766528,172.39883268547987,170.85985858773182,0.0,0.0
S027,8.5,7.817520262885549,172.27448464269352,170.90403195009344,1.0625,0.575
S027,9.0,7.144384837366726,172.5896109411942,171.10691078593408,2.125,1.15
S027,9.5,6.872617530971498,172.76387901432625,171.30232447773597,3.1875,1.7249999999999999
S027,10.0,6.71046599558098,172.95149180374733,171.23198913803677,4.25,2.3
S027,10.5,6.247426947254475,172.9305884928338,171.5252304473877,5.3125,2.875
S027,11.0,5.971615312963688,173.1619794023721,171.5416581732279,6.375,3.4499999999999997
S027,11.5,5.815122014235129,173.36181806393805,171.6349792461238,7.4375,4.0249999999999995
S027,12.0,5.901369928217822,173.3580661518537,171.67737864433835,8.5,4.6
S027,12.5,6.029250482296975,173.392452210677,171.80276239493523,8.5,5.0
S027,13.0,6.0062551324238775,173.5540623257632,171.841297584171,8.5,5.0
S027,13.5,5.595206145663092,173.62341800460499,171.98754053276951,8.5,5.0
S027,14.0,5.934139737096332,173.73276341715643,171.92457375001771,8.5,5.0
S027,14.5,5.5597087850623845,173.80914533291272,172.06721995637324,8.5,5.0
S027,15.0,5.726607543280741,173.85473589954674,172.15045792086454,8.5,5.0
S027,15.5,6.014422756684097,173.96530690850105,172.177991140354,8.5,5.0
S027,16.0,5.92338886552057,173.8143741419249,172.12361599248288,8.5,5.0
S027,16.5,5.969705277806777,173.96977571606115,172.34051600097706,8.5,5.0
S027,17.0,5.770894388189681,174.09256514892317,172.24115568128036,8.5,5.0
S027,17.5,5.7451549502067545,173.89199639877796,172.37436671763436,8.5,5.0
S027,18.0,5.752191600017905,174.14410439646065,172.38785053324824,8.5,5.0
S027,18.5,5.702466853303774,174.0773471766686,172.39870405548845,8.5,5.0
S027,19.0,5.4421094097397145,174.1627769576265,172.3724215187302,8.5,5.0
S027,19.5,5.846803305973025,174.08965660360292,172.47021194872332,8.5,5.0
S027,20.0,5.521646216859296,174.2058483249291,172.59009587674635,8.5,5.0
S027,20.5,5.516829395145505,174.11370770977996,172.4038013253167,8.5,5.0
S027,21.0,5.904870979648991,174.14888247069194,172.54324066336716,8.5,5.0
S027,21.5,5.426352251857371,174.2545900183306,172.60378139533586,8.5,5.0
S027,22.0,5.615431456632947,174.25736427903482,172.46108101089612,8.5,5.0
S027,22.5,5.733420909033077,174.2980962954771,172.4782761085933,8.5,5.0
S027,23.0,5.7234130113725925,174.20558392914376,172.49499239112308,8.5,5.0
S027,23.5,5.976930825996618,174.24244210501323,172.5334595424933,8.5,5.0
S027,24.0,5.492582905328315,174.29617836025207,172.6446249436336,8.5,5.0
S027,24.5,5.528353038675599,174.23813778062805,172.5334785949613,8.5,5.0
S027,25.0,5.599038114553347,174.33684128410124,172.6082837147802,8.5,5.0
S027,25.5,5.738626266767165,174.32725907629515,172.57391256728602,8.5,5.0
S027,26.0,5.360354587496723,174.37394432274695,172.52414182716097,8.5,5.0
S027,26.5,5.417414125215825,174.16833934897778,172.6667069228837,8.5,5.0
S027,27.0,5.626432945871949,174.3694003907381,172.6202940289476,8.5,5.0
S027,27.5,5.4921743137498105,174.3148783721274,172.54705347993848,8.5,5.0
S027,28.0,5.63412011281327,174.25883663743173,172.55931391722459,8.5,5.0
S027,28.5,5.616641182318419,174.3517338457217,172.70475232582874,8.5,5.0
S027,29.0,5.842332400481713,174.35604900407432,172.64437548388165,8.5,5.0
S027,29.5,5.683399223607606,174.44229705632415,172.64019682216062,8.5,5.0
S027,30.0,5.5946487366125295,174.25456696403,172.6289999423152,8.5,5.0
S028,0.0,101.41810850113033,164.97646004153543,164.76934515905631,0.0,0.0
S028,0.5,79.23822727949667,165.7248266796365,165.57575611537118,0.0,0.0
S028,1.0,62.231066843006694,166.5207268228034,166.33588290852853,0.0,0.0
S028,1.5,48.74868280721135,166.83399172524759,166.67472166854384,0.0,0.0
S028,2.0,38.56854584485283,167.6551832021914,167.18318237424577,0.0,0.0
S028,2.5,30.979687193343153,168.2146556304534,167.6797822857652,0.0,0.0
S028,3.0,25.391380593317383,168.52045200879533,168.07298784233816,0.0,0.0
S028,3.5,20.503240240571746,169.0581887204754,168.41092171450111,0.0,0.0
S028,4.0,16.594069884425313,169.37280768589528,168.8952745749764,0.0,0.0
S028,4.5,13.92005206666761,169.75847827189645,169.14610249028445,0.0,0.0
S028,5.0,11.780939241349644,169.96182642927164,169.50951474035685,0.0,0.0
S028,5.5,10.11958491406755,170.46347612833543,169.70021635249194,0.0,0.0
S028,6.0,9.144570135786637,170.65994877566953,169.97302138319347,0.0,0.0
S028,6.5,7.970580824250895,170.93008744482154,170.19658849005398,0.0,0.0
S028,7.0,7.337633412301734,171.13022941384517,170.47137721482,0.0,0.0
S028,7.5,6.5928924798639255,171.4344816708522,170.66898087673908,0.0,0.0
S028,8.0,6.245977192791933,171.561913527004,170.7741428557737,0.0,0.0
S028,8.5,6.169118848950816,171.65583447463214,171.06106075046125,1.0625,0.425
S028,9.0,5.48005156249741,171.8485581337375,171.12811735246942,2.125,0.85
S028,9.5,5.245004583935389,171.95761292460048,171.21628140267856,3.1875,1.275
S028,10.0,5.486406225183275,172.20728114081038,171.34479678122975,4.25,1.7
S028,10.5,5.32524420863887,172.3259215412754,171.5316147037801,5.3125,2.125
S028,11.0,5.075005158141645,172.46926561860937,171.51824161846753,6.375,2.55
S028,11.5,5.058179076498874,172.38692566857912,171.70586783679138,7.4375,2.975
S028,12.0,5.3258805153223845,172.58769776200882,171.78545056561757,8.5,3.4
S028,12.5,5.104045660849693,172.63852534650704,171.7922296355582,8.5,3.8249999999999997
S028,13.0,4.898386034647377,172.84597189657148,171.93948337765673,8.5,4.25
S028,13.5,4.490371022670813,172.8232451433512,172.10335703706022,8.5,4.675
S028,14.0,4.649759193179553,172.80320312443177,171.89354471577167,8.5,5.0
S028,14.5,5.19665199313287,172.96504273952397,172.11759012081293,8.5,5.0
S028,15.0,4.964990434878558,172.97460004438474,172.25609292395643,8.5,5.0
S028,15.5,4.815188982896282,173.10916873675225,172.29597842362998,8.5,5.0
S028,16.0,4.83024272669708,173.12701915963274,172.21313068530435,8.5,5.0
S028,16.5,4.977046103655031,173.10658188588909,172.2991127235836,8.5,5.0
S028,17.0,4.63292665178496,173.15366982468026,172.41926676974558,8.5,5.0
S028,17.5,5.000300890507985,173.28082658134772,172.2687120400882,8.5,5.0
S028,18.0,4.891305609797162,173.2871173249554,172.35929418685964,8.5,5.0
S028,18.5,4.6856517168814635,173.1915532829031,172.47703542070835,8.5,5.0
S028,19.0,5.145055078422151,173.19918766674527,172.4065950927874,8.5,5.0
S028,19.5,4.701549684958648,173.34016380331,172.51053170199665,8.5,5.0
S028,20.0,5.163486802939623,173.18523220141086,172.45401678839585,8.5,5.0
S028,20.5,5.092079904564628,173.34393748908977,172.40813943441262,8.5,5.0
S028,21.0,4.736125810408345,173.41457877762005,172.51282851548171,8.5,5.0
S028,21.5,4.663073225086295,173.44152196919592,172.6977192506825,8.5,5.0
S028,22.0,4.567848670755805,173.50506600893232,172.62726283560232,8.5,5.0
S028,22.5,4.561419023555574,173.35155703030287,172.5096785970698,8.5,5.0
S028,23.0,5.1286643719821265,173.45854519689271,172.6473035701288,8.5,5.0
S028,23.5,4.81286498010364,173.40424257298696,172.58164850548462,8.5,5.0
S028,24.0,4.730434041391879,173.4099640776108,172.49062719673606,8.5,5.0
S028,24.5,4.9157499491715475,173.51300052167886,172.62773265159996,8.5,5.0
S028,25.0,4.592518285812041,173.53433055846335,172.59808875383834,8.5,5.0
S028,25.5,4.845370146054439,173.49579172578828,172.6600398547954,8.5,5.0
S028,26.0,5.03262870674894,173.41916512825676,172.5739355252429,8.5,5.0
S028,26.5,5.1253263344696505,173.4828820066238,172.67122578669404,8.5,5.0
S028,27.0,4.804693901121752,173.4415860929044,172.60566526970038,8.5,5.0
S028,27.5,4.932642550938582,173.49274607352416,172.74453466789868,8.5,5.0
S028,28.0,4.796937405060717,173.45821613200036,172.6422246920234,8.5,5.0
S028,28.5,4.560705901189465,173.49694522334667,172.6905915622042,8.5,5.0
S028,29.0,5.138764772450624,173.50474532613435,172.63331899531678,8.5,5.0
S028,29.5,4.4508886374539145,173.57504409628802,172.72239950991326,8.5,5.0
S028,30.0,5.076894977726628,173.66184874782581,172.64778969954068,8.5,5.0
S029,0.0,101.53493885469747,165.0461330258006,164.89056895098935,0.0,0.0
S029,0.5,81.09024222662823,165.62337477172744,165.55616278778416,0.0,0.0
S029,1.0,65.39987397963827,166.23684683554893,166.1082451918895,0.0,0.0
S029,1.5,52.86165070484342,166.6731477781509,166.44669490942172,0.0,0.0
S029,2.0,42.5496199331802,167.42540544232446,167.20440352244805,0.0,0.0
S029,2.5,34.946581499850666,167.69939467618042,167.49936814279684,0.0,0.0
S029,3.0,28.93080418486587,168.1500168551762,167.87375405408642,0.0,0.0
S029,3.5,24.152867769087827,168.75792475225632,168.26379040162618,0.0,0.0
S029,4.0,19.73546207368419,169.03337057381708,168.73912589551634,0.0,0.0
S029,4.5,17.10398991503234,169.2943212603623,168.87867202359038,0.0,0.0
S029,5.0,14.276022668806078,169.59714875603035,169.15701167470868,0.0,0.0
S029,5.5,12.289551788834228,169.74540624205727,169.3743555314703,0.0,0.0
S029,6.0,11.083743975227488,170.10769697121884,169.55430230491515,0.0,0.0
S029,6.5,9.520452981731601,170.2232160331183,169.73665556380928,0.0,0.0
S029,7.0,8.666444044730623,170.45191370749126,170.0315300077216,0.0,0.0
S029,7.5,7.907580248703652,170.74129514274273,170.190736395788,0.0,0.0
S029,8.0,7.386641131570241,170.8774914298652,170.3783644119954,0.0,0.0
S029,8.5,6.953266366468184,171.135204784307,170.42943708459117,1.0625,0.5
S029,9.0,6.93471856969076,171.23293342234027,170.68953267887326,2.125,1.0
S029,9.5,6.617012387055033,171.37334485985053,170.86906776086357,3.1875,1.5
S029,10.0,6.187154652983554,171.4709605299096,170.94994375615283,4.25,2.0
S029,10.5,6.026869223147822,171.56607559753792,171.04335631076853,5.3125,2.5
S029,11.0,5.616909299204051,171.624404111971,171.02232213517496,6.375,3.0
S029,11.5,5.845030438205184,171.63454914878253,171.22841460321197,7.4375,3.5
S029,12.0,5.613023553927819,171.83031104449793,171.227485475998,8.5,4.0
S029,12.5,5.361897486013804,171.8774289101973,171.39069303885427,8.5,4.5
S029,13.0,5.688622714397317,171.88359755118745,171.31181517535305,8.5,5.0
S029,13.5,5.476188787700642,172.10921371852223,171.42613721795982,8.5,5.0
S029,14.0,5.34408366604783,172.06842258947722,171.55912879097744,8.5,5.0
S029,14.5,5.23321102598151,172.1081032200017,171.63158497667746,8.5,5.0
S029,15.0,5.149205971445334,172.20162318038018,171.68164685832699,8.5,5.0
S029,15.5,5.499646846006848,172.26298238260767,171.71513493685052,8.5,5.0
S029,16.0,5.168808047038143,172.20247619072805,171.73358303519194,8.5,5.0
S029,16.5,5.381640739619334,172.23065753715125,171.7649030039955,8.5,5.0
S029,17.0,5.383935902213315,172.54420245980106,171.79358427181316,8.5,5.0
S029,17.5,5.167087163390762,172.17824102489897,171.83276252172246,8.5,5.0
S029,18.0,5.305567163506747,172.30284984462625,171.87158856745862,8.5,5.0
S029,18.5,5.521788182144111,172.36445281204698,171.80295828880162,8.5,5.0
S029,19.0,5.104704247053923,172.4342280815076,171.9020690250213,8.5,5.0
S029,19.5,5.317862235551879,172.40234157762836,171.95972639530837,8.5,5.0
S029,20.0,5.34495338563059,172.52987533807257,171.84228061702584,8.5,5.0
S029,20.5,5.273749929951852,172.5579811537208,171.95804903879383,8.5,5.0
S029,21.0,5.369747325272996,172.42673873231462,172.0978016042231,8.5,5.0
S029,21.5,5.284808245463707,172.54681227043582,172.01090210289726,8.5,5.0
S029,22.0,5.159056382305396,172.56908291513886,172.05521378730583,8.5,5.0
S029,22.5,5.140285333015906,172.56700190545504,172.02894095457387,8.5,5.0
S029,23.0,5.160917212929922,172.55986275264112,172.0059003949519,8.5,5.0
S029,23.5,5.476395553028716,172.56755925408768,172.14125851433653,8.5,5.0
S029,24.0,5.375979237025161,172.56553488355797,171.9925418112702,8.5,5.0
S029,24.5,5.706967932379995,172.53729393173168,172.08548133449582,8.5,5.0
S029,25.0,5.386971680233791,172.5783664410491,172.00387402710302,8.5,5.0
S029,25.5,5.1719277553648055,172.6535676764066,172.16508320605658,8.5,5.0
S029,26.0,5.426480295349052,172.62350790321668,172.0451704590639,8.5,5.0
S029,26.5,5.395959583399764,172.72629242855493,172.03349782082782,8.5,5.0
S029,27.0,5.298529687298004,172.68085991637915,172.17155249588185,8.5,5.0
S029,27.5,5.126131793679055,172.69361618033645,172.28503301273696,8.5,5.0
S029,28.0,5.396859255679189,172.6836558926632,172.05029483930278,8.5,5.0
S029,28.5,4.841908584778041,172.62895179665313,172.0835506670623,8.5,5.0
S029,29.0,5.394813330661186,172.70905293823105,172.07331729330258,8.5,5.0
S029,29.5,5.277285133876659,172.63912808058006,172.08154617679463,8.5,5.0
S029,30.0,5.276637016887336,172.69716325065755,172.11065942042543,8.5,5.0
S030,0.0,101.20936002340572,165.0350615402934,165.002243461037,0.0,0.0
S030,0.5,79.88924415750772,165.80688671876203,165.8163433046196,0.0,0.0
S030,1.0,63.12296879834048,166.44478224972968,166.19992682305462,0.0,0.0
S030,1.5,49.85957970759791,167.3171880965655,166.87260307820816,0.0,0.0
S030,2.0,40.227824629610026,167.8201831981085,167.27561746540363,0.0,0.0
S030,2.5,32.34010533659608,168.3583581007341,167.9163392780212,0.0,0.0
S030,3.0,25.97353269475965,168.78674795411683,168.23273586595624,0.0,0.0
S030,3.5,21.391019026431362,169.5289312269036,168.81801616974732,0.0,0.0
S030,4.0,17.910482955359825,169.77266428198348,169.11648449401898,0.0,0.0
S030,4.5,14.975412429288804,170.27466215169196,169.42655594688068,0.0,0.0
S030,5.0,12.959634882505911,170.51543185521837,169.7021572517277,0.0,0.0
S030,5.5,10.569033113199483,170.85017060705954,169.9841988656024,0.0,0.0
S030,6.0,9.784497517475254,171.16268134910555,170.21167769667753,0.0,0.0
S030,6.5,8.764845599618422,171.56782962731992,170.5725221119373,0.0,0.0
S030,7.0,7.675612165141993,171.68886952979952,170.74651292200898,0.0,0.0
S030,7.5,7.438286467558933,171.9042590454078,170.99440288364727,0.0,0.0
S030,8.0,6.864607250096515,172.09917882673366,171.14242181726226,0.0,0.0
S030,8.5,6.546423214735628,172.26529572780382,171.309950171093,1.0625,0.575
S030,9.0,5.9060902763788485,172.55064328600974,171.50541760830907,2.125,1.15
S030,9.5,5.83912802646828,172.57117614851225,171.65704218168693,3.1875,1.7249999999999999
S030,10.0,5.5639667009483205,172.69772974532407,171.7813971272181,4.25,2.3
S030,10.5,5.8237015932205916,172.92535340684952,171.8035138789947,5.3125,2.875
S030,11.0,5.206884432686369,173.06193060635988,171.93589579082632,6.375,3.4499999999999997
S030,11.5,5.629155975952444,173.12931487932278,172.2119578489992,7.4375,4.0249999999999995
S030,12.0,5.6199958346591705,173.2345428798226,172.2295964393504,8.5,4.6
S030,12.5,5.155187920886688,173.32871663224077,172.350376417126,8.5,5.0
S030,13.0,5.496637947502167,173.54044358464066,172.36935174076172,8.5,5.0
S030,13.5,5.380627348671041,173.55291396795965,172.4902208191544,8.5,5.0
S030,14.0,5.245520223317751,173.50461421053566,172.4304617521093,8.5,5.0
S030,14.5,5.30334939393982,173.63262953781918,172.5513553860879,8.5,5.0
S030,15.0,5.389382600086785,173.62928683442385,172.62079101845552,8.5,5.0
S030,15.5,5.366374663215861,173.69265819449518,172.68400218831076,8.5,5.0
S030,16.0,5.038884804020778,173.85031126931432,172.65971662922755,8.5,5.0
S030,16.5,5.2380856830703735,173.93463880652908,172.82500600911376,8.5,5.0
S030,17.0,5.390272695214717,174.00091318044403,172.77089029640942,8.5,5.0
S030,17.5,5.162972589931398,173.92939809507612,172.66800823348487,8.5,5.0
S030,18.0,4.998267174406377,173.9661113318637,172.80965693851778,8.5,5.0
S030,18.5,5.311622875039401,173.9481696827505,172.86142168920503,8.5,5.0
S030,19.0,5.409222867020907,173.98071886556087,172.91965696770842,8.5,5.0
S030,19.5,5.412797012242894,174.09434222199638,172.7979998782171,8.5,5.0
S030,20.0,5.366210942719761,174.16433160760295,172.9961182523745,8.5,5.0
S030,20.5,5.386137271497775,174.12268674192393,173.0241708219441,8.5,5.0
S030,21.0,4.971853195986904,174.06266939690533,173.01184851724403,8.5,5.0
S030,21.5,5.000258426015181,174.1918402122913,173.03124010369757,8.5,5.0
S030,22.0,5.329755947144428,174.07332796409057,173.09183179740083,8.5,5.0
S030,22.5,5.191108806213268,174.17434393324183,172.91607365089956,8.5,5.0
S030,23.0,5.435210865173204,174.2347044660407,173.0833429983563,8.5,5.0
S030,23.5,5.059239907217566,174.26716975262596,173.07489014649167,8.5,5.0
S030,24.0,4.744673414312978,174.19613549307968,173.06240701838365,8.5,5.0
S030,24.5,5.024972371385278,174.2522154602461,173.0513816026313,8.5,5.0
S030,25.0,5.287665450203057,174.1363462415037,173.15514971001463,8.5,5.0
S030,25.5,5.0620548651038035,174.18404387411826,173.2093221578042,8.5,5.0
S030,26.0,5.032996867339222,174.35709691584213,173.15750999013832,8.5,5.0
S030,26.5,5.156220716825012,174.18170030092526,173.19127322424453,8.5,5.0
S030,27.0,5.282865990343579,174.22914923911347,173.09309282083487,8.5,5.0
S030,27.5,5.171485013840569,174.1871951219177,173.14638945393065,8.5,5.0
S030,28.0,5.218090992498131,174.12642011979747,173.0736296895259,8.5,5.0
S030,28.5,4.930298999071858,174.28225975090325,172.97131180365298,8.5,5.0
S030,29.0,5.496375108553374,174.1727660940613,173.1552470025506,8.5,5.0
S030,29.5,5.2802084625717285,174.17233536441609,173.22707486035864,8.5,5.0
S030,30.0,5.211187801019181,174.09820843232245,173.23168967401583,8.5,5.0
S031,0.0,101.46542687447408,164.9663257007064,165.11014438188107,0.0,0.0
S031,0.5,79.26009502619664,165.85302839010367,165.67983038396025,0.0,0.0
S031,1.0,62.52049739686403,166.48289031952282,166.19111600718136,0.0,0.0
S031,1.5,49.46282658437596,167.19807029903535,166.77219007895033,0.0,0.0
S031,2.0,39.16733393512097,167.78717151013126,167.35634501322397,0.0,0.0
S031,2.5,31.347387844452317,168.26969738155643,167.76418911830996,0.0,0.0
S031,3.0,25.605894532187286,168.83324212201012,168.11442017228575,0.0,0.0
S031,3.5,20.760175313800815,169.31629854713316,168.53018289228146,0.0,0.0
S031,4.0,17.291730796858577,169.64009634654184,168.9263158329903,0.0,0.0
S031,4.5,14.592867553564146,170.1389541037802,169.150338552633,0.0,0.0
S031,5.0,12.283170370092037,170.26545297005816,169.44962313796844,0.0,0.0
S031,5.5,10.353129276936928,170.6297312304059,169.76444579742582,0.0,0.0
S031,6.0,9.175781671912613,170.97957809684485,170.09833459135,0.0,0.0
S031,6.5,8.447829221407316,171.29373574350976,170.21454068334796,0.0,0.0
S031,7.0,7.688070998321069,171.48974353813006,170.4828241273883,0.0,0.0
S031,7.5,6.847159667738223,171.86596374452247,170.57165614632203,0.0,0.0
S031,8.0,6.660376233377821,171.88284258700213,170.91652430223436,0.0,0.0
S031,8.5,5.970647460590386,172.21460281574855,171.01236575714506,1.0625,0.425
S031,9.0,5.69329078799693,172.3333901612412,171.29956678999264,2.125,0.85
S031,9.5,5.841578480173232,172.3043789475562,171.28949110382902,3.1875,1.275
S031,10.0,5.575636156102434,172.4942457901796,171.41457180387383,4.25,1.7
S031,10.5,5.660106526542256,172.7394507732606,171.533858395731,5.3125,2.125
S031,11.0,5.116611616654281,172.81438491887826,171.80339885317625,6.375,2.55
S031,11.5,5.098017649246041,172.90902003798328,171.80176964372063,7.4375,2.975
S031,12.0,5.280917410190691,173.06189086144448,171.8601970601553,8.5,3.4
S031,12.5,5.2196470328654465,173.15767617928873,171.91806211700094,8.5,3.8249999999999997
S031,13.0,4.870887471958881,173.09608812225736,172.07854975981715,8.5,4.25
S031,13.5,5.081567311294625,173.21568862188397,172.0412619360087,8.5,4.675
S031,14.0,5.294865834624567,173.3836581976652,172.12221423256875,8.5,5.0
S031,14.5,4.9158264374807565,173.2019004943729,172.2293674665764,8.5,5.0
S031,15.0,5.069548508781444,173.49860035982263,172.15899023433482,8.5,5.0
S031,15.5,4.827677323969996,173.52508231694748,172.24672654926917,8.5,5.0
S031,16.0,4.80021959614242,173.4911029692542,172.34264880021786,8.5,5.0
S031,16.5,5.017066999305705,173.60333933260935,172.3947807384551,8.5,5.0
S031,17.0,4.898188915514805,173.66911662650477,172.53416343834976,8.5,5.0
S031,17.5,4.6214141565353115,173.66949015374703,172.33404693045233,8.5,5.0
S031,18.0,4.939852013261086,173.74478768121622,172.382023716141,8.5,5.0
S031,18.5,4.917573159097648,173.733132521379,172.6153345832327,8.5,5.0
S031,19.0,4.836321281041436,173.67180880540312,172.59408281401923,8.5,5.0
S031,19.5,4.888931551937807,173.81786209784497,172.57182371400037,8.5,5.0
S031,20.0,4.99149298497617,173.8585465331564,172.58533208728366,8.5,5.0
S031,20.5,5.114843611690706,173.9129255390853,172.62330252068259,8.5,5.0
S031,21.0,4.9567222169962175,173.8206968883146,172.6088578516982,8.5,5.0
S031,21.5,4.908442964588869,173.8968170376855,172.8125140531843,8.5,5.0
S031,22.0,5.19080887062991,173.96102928342555,172.51967073455486,8.5,5.0
S031,22.5,5.154279896069234,174.0630413110278,172.79034497473913,8.5,5.0
S031,23.0,5.13575194888554,173.9348702670165,172.5801545112577,8.5,5.0
S031,23.5,5.014926402941479,173.86636493934023,172.55954781933752,8.5,5.0
S031,24.0,5.316392833567601,173.9153869308075,172.78743248062676,8.5,5.0
S031,24.5,4.7459763222234175,173.9008395398245,172.75044184717726,8.5,5.0
S031,25.0,5.058024491219924,173.94597342768608,172.67354322847862,8.5,5.0
S031,25.5,5.1201763363494575,173.98897550153606,172.73194267379571,8.5,5.0
S031,26.0,4.724584617200302,173.98636149064825,172.8095109809253,8.5,5.0
S031,26.5,5.018632488959136,174.00427130827848,172.69601363539894,8.5,5.0
S031,27.0,5.223812878876597,174.04090907646074,172.9119856799759,8.5,5.0
S031,27.5,4.905952134991757,174.0495757651689,172.88603273931855,8.5,5.0
S031,28.0,4.829267649383791,174.0469706395284,172.72576025938196,8.5,5.0
S031,28.5,5.206158769263749,174.08391224491942,172.8437118450045,8.5,5.0
S031,29.0,4.9872878564151515,173.8929328573734,172.80970914601235,8.5,5.0
S031,29.5,4.93734847833829,173.9953049661677,172.74711511795195,8.5,5.0
S031,30.0,4.927131842695274,173.94296848607817,172.83053350155308,8.5,5.0
S032,0.0,101.25046537187106,165.03430072468956,165.00761570385183,0.0,0.0
S032,0.5,81.30692339718493,165.81744201656917,165.55513885309216,0.0,0.0
S032,1.0,65.50860222267703,166.4374546836705,166.14956978867022,0.0,0.0
S032,1.5,52.54340651260526,167.07538194045577,166.73792756149322,0.0,0.0
S032,2.0,42.78238203435659,167.568319701493,167.20524415752942,0.0,0.0
S032,2.5,34.836701078967934,168.01577490643405,167.58855226565151,0.0,0.0
S032,3.0,28.725470492339188,168.52536064917547,168.01223413230747,0.0,0.0
S032,3.5,23.891056211525846,168.98858894571,168.50313410503688,0.0,0.0
S032,4.0,19.894930669874363,169.3844207351331,168.7542111071885,0.0,0.0
S032,4.5,17.072343918085696,169.71108711772283,168.97174563525084,0.0,0.0
S032,5.0,14.101224363889582,170.1180060630076,169.47468678027494,0.0,0.0
S032,5.5,12.201886426025732,170.39059523740556,169.54523219333686,0.0,0.0
S032,6.0,10.588959130299303,170.8387230573374,169.8187462808806,0.0,0.0
S032,6.5,9.379873069127076,170.94308355495014,170.07986098171563,0.0,0.0
S032,7.0,8.54984626948587,171.0753548058396,170.38154925096077,0.0,0.0
S032,7.5,7.80863566268666,171.5085336222293,170.42637142246735,0.0,0.0
S032,8.0,6.901239448296209,171.53008552554184,170.52667799244747,0.0,0.0
S032,8.5,6.466672788186851,171.76866256462773,170.6927418492885,1.0625,0.5
S032,9.0,6.684204938959785,171.82796135025768,170.9901115997068,2.125,1.0
S032,9.5,6.21970861304409,171.9645029951259,171.0642975073821,3.1875,1.5
S032,10.0,5.772821992088817,172.16237911697397,171.274685975513,4.25,2.0
S032,10.5,5.730667703002011,172.20451309595578,171.20526634449698,5.3125,2.5
S032,11.0,5.643264406375731,172.4553039506249,171.34930205234966,6.375,3.0
S032,11.5,5.553129855948375,172.43484828482994,171.5591306259637,7.4375,3.5
S032,12.0,5.0919434429657935,172.55752656199104,171.7310506295768,8.5,4.0
S032,12.5,5.0610954131066,172.64062090832877,171.66675998625598,8.5,4.5
S032,13.0,5.136405503326646,172.74733129119062,171.8677102666952,8.5,5.0
S032,13.5,5.438917114433098,172.67804599637475,171.7633349340292,8.5,5.0
S032,14.0,5.3178893997136045,172.88836862314514,171.82904018188793,8.5,5.0
S032,14.5,4.928375697075371,172.9632705960868,171.84729706659797,8.5,5.0
S032,15.0,5.194787003551875,173.08886085056534,171.88038226186623,8.5,5.0
S032,15.5,5.025543512139169,173.13589214083592,172.06891640182482,8.5,5.0
S032,16.0,5.034260779018331,173.07406187181058,172.0607487749334,8.5,5.0
S032,16.5,5.209499348153832,173.11557054206375,172.11002928820542,8.5,5.0
S032,17.0,5.0501451390385315,173.28178865100423,172.1021603818372,8.5,5.0
S032,17.5,5.200910178226845,173.30914668631286,172.07156381965902,8.5,5.0
S032,18.0,5.048848065705903,173.1914674596239,172.16402159534323,8.5,5.0
S032,18.5,4.987625242949138,173.36989563938997,172.2216413439543,8.5,5.0
S032,19.0,4.894355582636216,173.2656201570719,172.2078282351193,8.5,5.0
S032,19.5,5.042649191095449,173.25271530122345,172.23539363643738,8.5,5.0
S032,20.0,4.861816666630314,173.22760724081482,172.28439533751583,8.5,5.0
S032,20.5,5.047113148158611,173.34003224008487,172.35846446716727,8.5,5.0
S032,21.0,4.790080134321768,173.46402020088843,172.30379504028295,8.5,5.0
S032,21.5,4.91345090913193,173.4429936404845,172.30591979331567,8.5,5.0
S032,22.0,4.812059589678615,173.41852759634628,172.43467083381086,8.5,5.0
S032,22.5,4.9678740787307465,173.4519766863011,172.46231159743047,8.5,5.0
S032,23.0,4.827702248860663,173.4721906177626,172.35934170956813,8.5,5.0
S032,23.5,4.849910995109822,173.4678692090622,172.32995136495916,8.5,5.0
S032,24.0,5.083424799357631,173.36984242531136,172.3527142271879,8.5,5.0
S032,24.5,4.865023071384601,173.53489116372043,172.37112539052967,8.5,5.0
S032,25.0,5.042028354026974,173.52753303727363,172.49374045217672,8.5,5.0
S032,25.5,4.735170706856967,173.3681888248032,172.40251339828666,8.5,5.0
S032,26.0,4.940540092305424,173.43496168777938,172.49064232008033,8.5,5.0
S032,26.5,4.950565804696685,173.52860102352733,172.43796534431976,8.5,5.0
S032,27.0,5.02735989961958,173.56891700235957,172.4331684397694,8.5,5.0
S032,27.5,5.004847447296982,173.5183934189276,172.44920272425838,8.5,5.0
S032,28.0,4.739496113295456,173.46473496715345,172.5144344381763,8.5,5.0
S032,28.5,4.9494823708163675,173.46021290412378,172.46625285226023,8.5,5.0
S032,29.0,4.933626203385784,173.47006346812685,172.49644533266886,8.5,5.0
S032,29.5,4.765123524551595,173.69778400947777,172.37911358362467,8.5,5.0
S032,30.0,4.878978735708287,173.49533720402556,172.481122394132,8.5,5.0
S033,0.0,101.45981929744096,164.9890227159203,164.97076003729686,0.0,0.0
S033,0.5,80.9161403829025,165.7621503557234,165.67326192330984,0.0,0.0
S033,1.0,64.58933536907747,166.48817314236805,166.25864945304014,0.0,0.0
S033,1.5,51.89182138676554,167.09747487340726,166.72153367552087,0.0,0.0
S033,2.0,42.02528851529984,167.76574721846967,167.2232787275667,0.0,0.0
S033,2.5,34.26915618388195,168.22459554170425,167.82124681032641,0.0,0.0
S033,3.0,27.93674972616495,168.78027622672258,168.10446855389634,0.0,0.0
S033,3.5,23.120729476503787,169.1289262920015,168.40841717420358,0.0,0.0
S033,4.0,19.28340291441527,169.5774567811407,168.87513989241742,0.0,0.0
S033,4.5,16.386679952226306,169.95892801053344,169.17564547742032,0.0,0.0
S033,5.0,13.919980129356405,170.28289880869508,169.41338765830102,0.0,0.0
S033,5.5,12.457374168219294,170.60001531339,169.77789703979852,0.0,0.0
S033,6.0,10.919006680159688,170.97908000579247,169.93187430374545,0.0,0.0
S033,6.5,9.776272266164014,171.19714284952315,170.2204430493214,0.0,0.0
S033,7.0,8.928389575282997,171.46945246600418,170.15406596836675,0.0,0.0
S033,7.5,8.17926194896892,171.7500987262021,170.58123378635534,0.0,0.0
S033,8.0,7.459431919460061,171.8116594023139,170.7371368173688,0.0,0.0
S033,8.5,7.079259869681012,172.0574341043648,170.89691415101586,1.0625,0.575
S033,9.0,6.608579912817689,172.15590185141684,171.07199022678262,2.125,1.15
S033,9.5,6.60795915468637,172.28366662863533,171.10887754191785,3.1875,1.7249999999999999
S033,10.0,6.339019262495578,172.41398294893733,171.2909419574283,4.25,2.3
S033,10.5,6.35156350521427,172.67653495144972,171.44304616100794,5.3125,2.875
S033,11.0,6.017359330744479,172.71147992937864,171.5534096478707,6.375,3.4499999999999997
S033,11.5,6.007470607816381,172.7237822878853,171.69264552775408,7.4375,4.0249999999999995
S033,12.0,5.888237080165519,172.91625032800644,171.66991845668946,8.5,4.6
S033,12.5,5.656544376190937,172.9004908763192,171.81141454201943,8.5,5.0
S033,13.0,5.577052457465619,173.09469930613307,171.80161096529855,8.5,5.0
S033,13.5,5.880662205192951,173.23265725008253,171.87031395239666,8.5,5.0
S033,14.0,5.665906277025106,173.08936321647954,172.04422372973497,8.5,5.0
S033,14.5,5.508504821935402,173.33977628082386,171.89820951342256,8.5,5.0
S033,15.0,5.344441803917503,173.32892864560964,172.05788140961724,8.5,5.0
S033,15.5,5.5869976680356555,173.3464061882276,172.14398042381737,8.5,5.0
S033,16.0,5.459085528782423,173.29002007750222,172.34612096257055,8.5,5.0
S033,16.5,5.5057500228560645,173.4713753420117,172.25465483225798,8.5,5.0
S033,17.0,5.424038852362613,173.55195734622137,172.2887117631559,8.5,5.0
S033,17.5,5.616799903045769,173.49185337802277,172.22277268854418,8.5,5.0
S033,18.0,5.446192018182873,173.56836849422453,172.30358933961057,8.5,5.0
S033,18.5,5.433231353105806,173.60316304981848,172.36534966758586,8.5,5.0
S033,19.0,5.676345063360021,173.5950028499316,172.29938014584366,8.5,5.0
S033,19.5,5.647205998268658,173.76841406915486,172.42976043368853,8.5,5.0
S033,20.0,5.458961897847194,173.72479866692657,172.21394563813467,8.5,5.0
S033,20.5,5.33990274991622,173.79794995170528,172.5031226522316,8.5,5.0
S033,21.0,5.519875921723733,173.6450853524622,172.40317960451227,8.5,5.0
S033,21.5,5.508241408745677,173.74490111315257,172.43800955910206,8.5,5.0
S033,22.0,5.553342452476386,173.72577577309235,172.40414185160378,8.5,5.0
S033,22.5,5.998875741754755,173.8678655769923,172.5150298117859,8.5,5.0
S033,23.0,5.462423845209722,173.63338070602708,172.46239400214975,8.5,5.0
S033,23.5,5.447115900326449,173.79044806421217,172.512518349856,8.5,5.0
S033,24.0,5.4533220887298315,173.88179377674103,172.4825186592336,8.5,5.0
S033,24.5,5.52115713285278,173.76905542235974,172.59751783053667,8.5,5.0
S033,25.0,5.400519353628711,173.7268221783219,172.57236511287536,8.5,5.0
S033,25.5,5.4403120478418,173.998209244392,172.68985204658821,8.5,5.0
S033,26.0,5.422970346217324,173.91645183663056,172.53795480060967,8.5,5.0
S033,26.5,5.828944517971491,173.87391216484076,172.7169573397822,8.5,5.0
S033,27.0,5.523172823211267,173.79477843304178,172.54006413509293,8.5,5.0
S033,27.5,5.507296921434918,173.8595527041695,172.6796856239639,8.5,5.0
S033,28.0,5.472046231293399,173.88049059461517,172.54797197038295,8.5,5.0
S033,28.5,5.460648057504458,173.85145069153438,172.65258978221826,8.5,5.0
S033,29.0,5.5543717519244,173.97037358626767,172.6182964960562,8.5,5.0
S033,29.5,5.488353601576753,173.90261527965467,172.59475017773653,8.5,5.0
S033,30.0,5.588574142972873,173.92807034876915,172.60013815133016,8.5,5.0
S034,0.0,101.41913670029815,164.88415402003304,164.930396927814,0.0,0.0
S034,0.5,81.82185491394979,165.97505621230263,165.7468716833183,0.0,0.0
S034,1.0,66.73729257271638,166.60629988431845,166.19385551701802,0.0,0.0
S034,1.5,54.248642629385245,167.2977139299038,166.83309927238145,0.0,0.0
S034,2.0,44.571261479759336,167.85522653466336,167.27472513240383,0.0,0.0
S034,2.5,36.550473536626114,168.48638201059424,167.75642950580217,0.0,0.0
S034,3.0,30.78650319350361,168.80116385319667,168.11839912062814,0.0,0.0
S034,3.5,25.44497288724242,169.43973515787962,168.49889618242455,0.0,0.0
S034,4.0,21.28735988646979,170.00678243222006,168.97895401549476,0.0,0.0
S034,4.5,18.605639328942566,170.52403051678348,169.28676822575704,0.0,0.0
S034,5.0,16.198165995272372,170.61687546060202,169.4969354738387,0.0,0.0
S034,5.5,13.817428011206538,171.09722342404206,169.99387140918103,0.0,0.0
S034,6.0,12.075206130299662,171.36146651779134,170.05285891181924,0.0,0.0
S034,6.5,10.574533916128752,171.64487339288468,170.3072019791673,0.0,0.0
S034,7.0,9.788118024556846,171.92108585182007,170.65427584361632,0.0,0.0
S034,7.5,9.269839399220105,172.04713282082477,170.8258518281898,0.0,0.0
S034,8.0,8.443749227548182,172.3835059562359,170.90662992791474,0.0,0.0
S034,8.5,8.112120321322392,172.41282350652395,171.1462511074274,1.0625,0.425
S034,9.0,7.48351997236065,172.70546297177157,171.09890033388538,2.125,0.85
S034,9.5,7.149352519516516,172.7148894708193,171.36497966720137,3.1875,1.275
S034,10.0,6.790330746826546,172.99557084576824,171.5781179257265,4.25,1.7
S034,10.5,6.58590694264877,173.04848856094895,171.63867055159702,5.3125,2.125
S034,11.0,6.910185593090167,173.23982539505394,171.85939625568665,6.375,2.55
S034,11.5,6.637923813265026,173.3182115629732,171.99586492435284,7.4375,2.975
S034,12.0,6.257359734735448,173.56334839435956,171.94984051666262,8.5,3.4
S034,12.5,6.290808775859415,173.44285864690227,172.05007442118898,8.5,3.8249999999999997
S034,13.0,6.308583367438706,173.600060301599,172.0489889474839,8.5,4.25
S034,13.5,5.701472521002373,173.6944797988211,172.2813114985814,8.5,4.675
S034,14.0,5.984555503315441,173.6763826195824,172.2713233561938,8.5,5.0
S034,14.5,5.992813813288348,173.7371289705751,172.1820903092144,8.5,5.0
S034,15.0,6.195856329153017,173.84896459882484,172.3178630083521,8.5,5.0
S034,15.5,5.916688419056828,173.99293229016521,172.30600703441084,8.5,5.0
S034,16.0,6.043268089647518,173.93291376087208,172.48508688300473,8.5,5.0
S034,16.5,6.192745516559378,174.13244144239468,172.4094076066834,8.5,5.0
S034,17.0,5.870649516170053,174.05323950389283,172.6595125108125,8.5,5.0
S034,17.5,6.04632434786882,174.22363685785416,172.37980840066422,8.5,5.0
S034,18.0,6.045572480012788,174.04008571445425,172.63703751310678,8.5,5.0
S034,18.5,6.2239450969115575,174.28531656639797,172.62079547361756,8.5,5.0
S034,19.0,6.112716318717265,174.37282366525793,172.6573176644573,8.5,5.0
S034,19.5,5.944687470308566,174.2790894002149,172.6341833340696,8.5,5.0
S034,20.0,5.739360773997646,174.31965218142923,172.64525756234403,8.5,5.0
S034,20.5,6.070353067455365,174.26573152569514,172.6926213383276,8.5,5.0
S034,21.0,5.779033515908227,174.215925072424,172.7701096392096,8.5,5.0
S034,21.5,5.567658871073195,174.31184491849604,172.77386114698126,8.5,5.0
S034,22.0,6.287500752969406,174.38572269508305,172.72620430593153,8.5,5.0
S034,22.5,6.0533623166139305,174.40422885388307,172.76545864201742,8.5,5.0
S034,23.0,6.003206536033125,174.35694231338985,172.71107626620088,8.5,5.0
S034,23.5,5.974928005444432,174.4736046469508,172.7258898497461,8.5,5.0
S034,24.0,5.773416643167311,174.4582689503314,172.85088019843252,8.5,5.0
S034,24.5,6.005910008026435,174.4335268388032,172.82726655834523,8.5,5.0
S034,25.0,5.514353742354107,174.47350595238132,172.93284053035603,8.5,5.0
S034,25.5,5.91347691498228,174.57256152673773,172.8898662626809,8.5,5.0
S034,26.0,5.6373649147892415,174.55653664189768,172.8794418192071,8.5,5.0
S034,26.5,5.87709821824757,174.45516753596362,172.7914273349933,8.5,5.0
S034,27.0,6.103003276503244,174.55964738433917,172.79556652308366,8.5,5.0
S034,27.5,6.0784716541758295,174.37107000161478,172.8540091260719,8.5,5.0
S034,28.0,5.818211949570739,174.47504111192492,172.77299282325896,8.5,5.0
S034,28.5,5.802954813848807,174.5465181498061,172.9670493782749,8.5,5.0
S034,29.0,6.219700922510061,174.53641052177375,172.88100689181678,8.5,5.0
S034,29.5,6.0508219234592575,174.50468873145002,173.01141647011693,8.5,5.0
S034,30.0,6.1314356404849715,174.468260980096,172.97576849360476,8.5,5.0
S035,0.0,101.04552546211747,165.0017161340436,165.05160176861062,0.0,0.0
S035,0.5,79.87703829786213,165.7251766944031,165.5317818244706,0.0,0.0
S035,1.0,62.8586804469295,166.46616473736086,166.22000563471894,0.0,0.0
S035,1.5,50.29911737832528,166.99203728963215,166.82052007616602,0.0,0.0
S035,2.0,39.83578734919206,167.6671823687112,167.18949738912687,0.0,0.0
S035,2.5,32.419994229734804,168.14777668739666,167.797680925213,0.0,0.0
S035,3.0,26.310598917599446,168.70777710563678,168.1509898303792,0.0,0.0
S035,3.5,21.680947604919574,169.14526795515056,168.57030791226566,0.0,0.0
S035,4.0,17.9473708722272,169.52959282356622,168.80533331568662,0.0,0.0
S035,4.5,15.19138145045288,169.67051524175193,169.14319430517108,0.0,0.0
S035,5.0,12.943830205385131,170.10701064112766,169.5591410552542,0.0,0.0
S035,5.5,11.384982265143908,170.4628359177378,169.8889515791905,0.0,0.0
S035,6.0,9.721737204545201,170.778003269854,169.94646721622854,0.0,0.0
S035,6.5,8.720394331633004,171.081613640765,170.24824596873418,0.0,0.0
S035,7.0,7.816306619746498,171.179686562676,170.5706426374474,0.0,0.0
S035,7.5,7.26343587837546,171.48356788203515,170.72725750116655,0.0,0.0
S035,8.0,6.973986039751949,171.6856504805561,170.8563610125716,0.0,0.0
S035,8.5,6.603694199559425,171.80504796294042,171.00164776353014,1.0625,0.5
S035,9.0,6.360007036921543,171.94280551517343,171.0165981511521,2.125,1.0
S035,9.5,6.20664774566084,172.19013118089381,171.31343644201553,3.1875,1.5
S035,10.0,5.775061593117906,172.35127664985416,171.44493676359042,4.25,2.0
S035,10.5,5.520113171071132,172.14913725880132,171.54412186881189,5.3125,2.5
S035,11.0,5.639237478094274,172.56789351456766,171.61444456766515,6.375,3.0
S035,11.5,5.22893097630232,172.57737213527585,171.66631615534567,7.4375,3.5
S035,12.0,5.4309835920089045,172.63702810148845,171.83890542828246,8.5,4.0
S035,12.5,5.5916931107737184,172.78606818375243,171.96420332745683,8.5,4.5
S035,13.0,5.34955484828504,172.75580097619542,172.05419477175107,8.5,5.0
S035,13.5,5.67001672019196,172.9127846981264,172.03455270082594,8.5,5.0
S035,14.0,5.4168249525856105,173.02858586229803,172.10945923155663,8.5,5.0
S035,14.5,5.089568059260715,173.13311325192782,172.14488103205602,8.5,5.0
S035,15.0,5.313134938821072,173.10690668626918,172.14897863629017,8.5,5.0
S035,15.5,5.1875781142344835,173.15545252864177,172.36379767378824,8.5,5.0
S035,16.0,5.013450631679414,173.1380573334592,172.24789657098356,8.5,5.0
S035,16.5,5.285468798763976,173.15852298832348,172.3774709918177,8.5,5.0
S035,17.0,5.132970368271422,173.15376879181642,172.3106153363367,8.5,5.0
S035,17.5,5.256240012570648,173.33955129106812,172.38538872470417,8.5,5.0
S035,18.0,5.244700427512444,173.3191147527038,172.54711022955934,8.5,5.0
S035,18.5,5.3233852315350525,173.38072888283781,172.4789738915278,8.5,5.0
S035,19.0,5.120530320365559,173.31953280578298,172.5720951818008,8.5,5.0
S035,19.5,5.4320964603196975,173.3630511438812,172.54989330814405,8.5,5.0
S035,20.0,4.8742641310133,173.44680436960223,172.5662331908919,8.5,5.0
S035,20.5,4.879423479500801,173.44136871035792,172.57426015505158,8.5,5.0
S035,21.0,5.185373016955726,173.52194294756367,172.59291014176452,8.5,5.0
S035,21.5,4.9701510411359315,173.4557803875523,172.61380134235648,8.5,5.0
S035,22.0,5.3152693282934,173.38343579425242,172.62774784656744,8.5,5.0
S035,22.5,5.206174480071673,173.59868856003717,172.7167170340866,8.5,5.0
S035,23.0,5.3539868600118385,173.48076313427066,172.64991516693453,8.5,5.0
S035,23.5,5.372877116994273,173.47196362532776,172.59012549465618,8.5,5.0
S035,24.0,5.360243380029379,173.44230944684276,172.7066670639965,8.5,5.0
S035,24.5,5.051114592209358,173.51254519110987,172.6695704725883,8.5,5.0
S035,25.0,5.064802526229275,173.59510160426703,172.7452927114818,8.5,5.0
S035,25.5,5.158250080224591,173.49238108118115,172.7918974665507,8.5,5.0
S035,26.0,5.560830929597319,173.57605056159414,172.6615511042005,8.5,5.0
S035,26.5,5.4603924860830215,173.55178485865986,172.7125537031252,8.5,5.0
S035,27.0,5.194502593871961,173.44808450617037,172.66352937413802,8.5,5.0
S035,27.5,5.417952735460604,173.70810614939205,172.55990005665993,8.5,5.0
S035,28.0,5.1481866793862885,173.65453200029805,172.7021097767223,8.5,5.0
S035,28.5,5.0383787698364255,173.67887187832739,172.72509609894706,8.5,5.0
S035,29.0,5.100212400807598,173.68204243163402,172.7434721394333,8.5,5.0
S035,29.5,4.919121243871029,173.48470636043186,172.619518215363,8.5,5.0
S035,30.0,5.267170199131948,173.7008350315527,172.81238577452436,8.5,5.0
S036,0.0,101.16836267374529,165.07224905190773,165.00195216073905,0.0,0.0
S036,0.5,80.94307056579424,165.88663909306717,165.65014461941146,0.0,0.0
S036,1.0,64.73267463614502,166.71688581094386,166.22727313383274,0.0,0.0
S036,1.5,51.87506000189508,167.22247410214726,166.85748920488905,0.0,0.0
S036,2.0,41.784761768101404,167.91966889308284,167.46440833489416,0.0,0.0
S036,2.5,34.06208447038106,168.53845995145767,167.7759303249704,0.0,0.0
S036,3.0,28.090009942288756,168.9991831227231,168.33062824075358,0.0,0.0
S036,3.5,22.963068279501808,169.41082298074545,168.7932921390491,0.0,0.0
S036,4.0,19.284776606115337,169.98233251044238,168.9686481308016,0.0,0.0
S036,4.5,16.350923275202835,170.42594003677013,169.47446724470845,0.0,0.0
S036,5.0,14.172975692788972,170.7002604272276,169.72981544370532,0.0,0.0
S036,5.5,11.882840648503493,171.08164232746836,170.05297489366012,0.0,0.0
S036,6.0,10.412438747703353,171.40600886945288,170.38865498364132,0.0,0.0
S036,6.5,8.996503375488635,171.63202506646348,170.52052959592956,0.0,0.0
S036,7.0,7.987998289256046,171.98147218617478,170.7886708150352,0.0,0.0
S036,7.5,7.749227893541668,172.12265166845998,170.97598820177052,0.0,0.0
S036,8.0,6.9905128144395166,172.35069160032256,171.08951809102393,0.0,0.0
S036,8.5,6.664356703567936,172.4618656711903,171.44896672960638,1.0625,0.575
S036,9.0,6.064667367160142,172.70893691469416,171.60526974452114,2.125,1.15
S036,9.5,5.982128995964319,172.89885666208576,171.55627425221013,3.1875,1.7249999999999999
S036,10.0,5.492234308558435,172.984086390989,171.72549420902658,4.25,2.3
S036,10.5,5.495461900013844,173.1280854065091,171.95220196977428,5.3125,2.875
S036,11.0,5.493922803877629,173.29240495041628,171.98791294177946,6.375,3.4499999999999997
S036,11.5,5.483407033473535,173.40937925373845,172.0778905488141,7.4375,4.0249999999999995
S036,12.0,5.128720540179565,173.43562319385543,172.23998246342973,8.5,4.6
S036,12.5,5.107225312296329,173.5452290280098,172.2124073704596,8.5,5.0
S036,13.0,5.321461656960063,173.6824175629948,172.4503394699885,8.5,5.0
S036,13.5,4.94368533754678,173.68655902292753,172.43598302323701,8.5,5.0
S036,14.0,4.775967585230026,173.72936513021224,172.49672377311822,8.5,5.0
S036,14.5,4.93975679867993,173.94883926338895,172.50869510070046,8.5,5.0
S036,15.0,4.760475600597794,173.99910433162083,172.61450583810552,8.5,5.0
S036,15.5,5.159623710864902,173.99070639903957,172.68756817926473,8.5,5.0
S036,16.0,4.838351968675626,173.99300068760363,172.74154982287524,8.5,5.0
S036,16.5,4.699422328383452,174.0717773977853,172.95299729168428,8.5,5.0
S036,17.0,4.8217837625795585,174.13435018412036,172.86998114648586,8.5,5.0
S036,17.5,4.932017837891588,174.05889470283617,172.74980914561957,8.5,5.0
S036,18.0,4.766398126820827,174.15769912405813,172.88950687759436,8.5,5.0
S036,18.5,4.88444193155338,174.2739243635741,172.94133736524594,8.5,5.0
S036,19.0,4.538135588604387,174.3123718108622,172.96428239343334,8.5,5.0
S036,19.5,4.849132652591208,174.33014874018252,173.06275316977784,8.5,5.0
S036,20.0,4.733007638146652,174.362881133647,173.00675392208564,8.5,5.0
S036,20.5,4.814712416460862,174.20625892124824,172.9837719610491,8.5,5.0
S036,21.0,4.993411534584362,174.34898743856613,173.00207038142878,8.5,5.0
S036,21.5,4.982432725931467,174.40470982511064,173.02783116555463,8.5,5.0
S036,22.0,4.800944199781242,174.44302912609893,172.98257484785591,8.5,5.0
S036,22.5,5.486839631464226,174.3572111723685,173.04890282850914,8.5,5.0
S036,23.0,4.96602420042271,174.44645063321067,173.07124411030853,8.5,5.0
S036,23.5,4.927008177480681,174.44397143250612,173.015837210351,8.5,5.0
S036,24.0,4.893543091998979,174.44164701006648,173.08389231344586,8.5,5.0
S036,24.5,4.935704544007385,174.43545803604817,173.11420929555024,8.5,5.0
S036,25.0,4.943595959439852,174.51718047267786,173.1335965095401,8.5,5.0
S036,25.5,4.804925140594362,174.38516850223107,173.06036487849752,8.5,5.0
S036,26.0,4.787683204909888,174.4545489523153,173.12136017893084,8.5,5.0
S036,26.5,4.984670087059525,174.49781216054689,173.08339591233502,8.5,5.0
S036,27.0,4.88802645089156,174.4339820160099,173.16944290367644,8.5,5.0
S036,27.5,4.618548878361837,174.4009021454124,173.10119144206215,8.5,5.0
S036,28.0,5.200932500526891,174.4679019797156,173.24674747118368,8.5,5.0
S036,28.5,5.152510726339565,174.53121774170637,173.07674960376536,8.5,5.0
S036,29.0,4.883490022255945,174.5399911438333,173.20318402208633,8.5,5.0
S036,29.5,4.968407419658076,174.36229251463112,173.22617549424686,8.5,5.0
S036,30.0,4.94603593543027,174.4248340649877,173.2886542870308,8.5,5.0
S037,0.0,101.33667705303257,164.94704858375596,165.02797182062974,0.0,0.0
S037,0.5,83.14667088347375,165.84728948220024,165.71442895394304,0.0,0.0
S037,1.0,68.66196450237268,166.5907998510167,166.24558423146598,0.0,0.0
S037,1.5,56.8118289479092,167.29471449150165,166.8383053169776,0.0,0.0
S037,2.0,47.06501529486987,167.85247788203853,167.32389990821585,0.0,0.0
S037,2.5,39.26816989781121,168.4916416545569,167.87795168508902,0.0,0.0
S037,3.0,32.67525403520545,169.0759967928362,168.33459181834047,0.0,0.0
S037,3.5,27.509137178133322,169.61375866711475,168.63589668062616,0.0,0.0
S037,4.0,23.688274130259362,169.8572353682656,169.11357560696197,0.0,0.0
S037,4.5,20.337970784985007,170.31428658403107,169.41155884180063,0.0,0.0
S037,5.0,17.618016929573574,170.66130542193264,169.70269277879626,0.0,0.0
S037,5.5,15.46042994891195,171.079056913662,169.95682807751604,0.0,0.0
S037,6.0,13.513364681111609,171.4028077456624,170.13653382799131,0.0,0.0
S037,6.5,11.888566670655383,171.53754472293232,170.5376321900939,0.0,0.0
S037,7.0,10.747495957744272,171.8944410418321,170.72166105317916,0.0,0.0
S037,7.5,9.908003499158132,172.31056268781677,171.0141376944973,0.0,0.0
S037,8.0,9.090420665301137,172.33138498203783,171.1327009077891,0.0,0.0
S037,8.5,8.631798242463795,172.62588043782472,171.19725797941442,1.0625,0.425
S037,9.0,8.223811238110695,172.70178046541162,171.4749392279308,2.125,0.85
S037,9.5,7.565242883788385,172.86375996351623,171.60773932965066,3.1875,1.275
S037,10.0,7.008810444528496,173.00478880651505,171.70905509220756,4.25,1.7
S037,10.5,6.9170785732962985,173.19629209241089,171.7228336008187,5.3125,2.125
S037,11.0,6.987348142298082,173.2294748880441,171.9363165205875,6.375,2.55
S037,11.5,6.882203985034947,173.43072285568792,171.97893013947163,7.4375,2.975
S037,12.0,6.635587768872402,173.5522902272496,172.13670531900274,8.5,3.4
S037,12.5,6.229927283574551,173.53133788929557,172.3031950622532,8.5,3.8249999999999997
S037,13.0,6.027236616303868,173.6652195741608,172.21983010734746,8.5,4.25
S037,13.5,6.061369430221124,173.83796066727282,172.3990969560474,8.5,4.675
S037,14.0,6.240632656056084,173.81728832359462,172.42089444793234,8.5,5.0
S037,14.5,5.97787888535169,173.94959016809577,172.54893589831866,8.5,5.0
S037,15.0,6.152751488863545,173.92998688077387,172.549980670158,8.5,5.0
S037,15.5,6.128586611070474,173.95118314331074,172.53668083204303,8.5,5.0
S037,16.0,6.435219272901156,174.00481603237665,172.47105073837042,8.5,5.0
S037,16.5,5.639898953895699,174.03206010060902,172.66200314433436,8.5,5.0
S037,17.0,5.825531883825493,174.1540225972441,172.67012669882502,8.5,5.0
S037,17.5,5.959023608524016,174.1896023830714,172.8025041801914,8.5,5.0
S037,18.0,5.86709595320871,174.15227921315602,172.90238689354848,8.5,5.0
S037,18.5,6.118796546575439,174.2776229043959,172.88584330592695,8.5,5.0
S037,19.0,5.963973403391973,174.2171197265725,172.82205056499026,8.5,5.0
S037,19.5,5.86088569733121,174.43053934255477,172.80585000489427,8.5,5.0
S037,20.0,5.99249173275544,174.31774822079063,172.89640741422477,8.5,5.0
S037,20.5,5.845949059467109,174.3446209123043,172.88030240372572,8.5,5.0
S037,21.0,6.1804010541312975,174.27396742994193,172.95727345577671,8.5,5.0
S037,21.5,5.66909889869163,174.32950327307688,172.86391974257765,8.5,5.0
S037,22.0,5.947879212504611,174.4260501093325,172.9482394835968,8.5,5.0
S037,22.5,5.7926984248417535,174.48107318389563,172.97807723208624,8.5,5.0
S037,23.0,5.808644053917056,174.43653758609733,172.95057142166522,8.5,5.0
S037,23.5,5.617322396405472,174.42793521269473,173.04925327055543,8.5,5.0
S037,24.0,5.603818928592554,174.3628937494392,173.12715274645112,8.5,5.0
S037,24.5,5.991746486129925,174.35668002823564,172.96858891943842,8.5,5.0
S037,25.0,5.8898126731901295,174.3596700656193,173.0246262700263,8.5,5.0
S037,25.5,5.825168681859248,174.4544472906797,172.92001478030198,8.5,5.0
S037,26.0,5.826019666988822,174.41793236057597,173.00793355054782,8.5,5.0
S037,26.5,5.548730432662362,174.6459663493253,173.0224341868302,8.5,5.0
S037,27.0,5.795952433242023,174.51591479881873,173.0476386833707,8.5,5.0
S037,27.5,5.885895143433947,174.51172939399362,173.08027026808108,8.5,5.0
S037,28.0,5.839218305461832,174.5695842741239,173.18869512717572,8.5,5.0
S037,28.5,5.931443155001093,174.47915366447265,173.1226369770371,8.5,5.0
S037,29.0,5.777731871928779,174.42540170179166,173.05493664922147,8.5,5.0
S037,29.5,5.773532654236915,174.56735768220437,173.11420370241478,8.5,5.0
S037,30.0,6.122230069834515,174.51532593099748,173.0759313565599,8.5,5.0
S038,0.0,101.12380242240188,165.046432023373,164.94611496857684,0.0,0.0
S038,0.5,80.14962081620085,165.84347830290162,165.60343537382553,0.0,0.0
S038,1.0,63.4527618496452,166.59086312043019,166.37928702426387,0.0,0.0
S038,1.5,50.54194934953756,167.34414716566354,166.78569360992887,0.0,0.0
S038,2.0,40.691498803780334,168.0900090257578,167.4623865237089,0.0,0.0
S038,2.5,32.41348045357475,168.52180102328643,167.81813469717056,0.0,0.0
S038,3.0,26.764187600411034,169.07909549065226,168.5206535689067,0.0,0.0
S038,3.5,22.004362454213652,169.40066616798455,168.76609731183817,0.0,0.0
S038,4.0,18.19527291403724,169.98406465457143,169.13322896656538,0.0,0.0
S038,4.5,15.614255367804272,170.3548454248431,169.4801668827868,0.0,0.0
S038,5.0,13.371656030801626,170.74165879404526,169.81647733528436,0.0,0.0
S038,5.5,11.341493951510888,170.9714318907211,170.0770324595105,0.0,0.0
S038,6.0,10.165121134188476,171.2903065249931,170.36128812613757,0.0,0.0
S038,6.5,9.244267020219338,171.51878071507872,170.68244990473693,0.0,0.0
S038,7.0,8.464356704400743,171.81202942244306,170.93915309440516,0.0,0.0
S038,7.5,7.470172030799354,171.9524539513172,171.08552538823875,0.0,0.0
S038,8.0,6.848062788858136,172.37853298096212,171.25635829925108,0.0,0.0
S038,8.5,6.991144466391767,172.52285275232995,171.4848478444737,1.0625,0.5
S038,9.0,6.593084928483911,172.78637485738938,171.57906449844845,2.125,1.0
S038,9.5,6.0106238939703145,172.86708874598293,171.7075905558758,3.1875,1.5
S038,10.0,5.918839185225757,172.83743713502935,171.944703187982,4.25,2.0
S038,10.5,5.8057063635804385,173.10285490319632,171.9446553928935,5.3125,2.5
S038,11.0,5.310639444436691,173.04735997793335,172.07155869789318,6.375,3.0
S038,11.5,5.734390780313428,173.3316133346691,172.11571120590253,7.4375,3.5
S038,12.0,5.195740000682534,173.24972953737606,172.24561359627472,8.5,4.0
S038,12.5,5.7459402831870765,173.45422084621111,172.49074234991443,8.5,4.5
S038,13.0,5.388737329450091,173.5792614903323,172.42878840345946,8.5,5.0
S038,13.5,5.403754929650459,173.69641619176699,172.43210044040393,8.5,5.0
S038,14.0,5.8931117569846965,173.75373898844833,172.59705544183726,8.5,5.0
S038,14.5,5.250390821616606,173.86965663677648,172.62373809163836,8.5,5.0
S038,15.0,5.234719581968022,173.84267463563836,172.74413418447506,8.5,5.0
S038,15.5,5.312795295009574,173.9123495118357,172.76547086987304,8.5,5.0
S038,16.0,5.742497330497234,173.98719128924668,172.73381670359612,8.5,5.0
S038,16.5,5.343380299153789,174.042962461225,172.82972103867525,8.5,5.0
S038,17.0,5.197843518461164,174.18420594023445,172.9687428538198,8.5,5.0
S038,17.5,5.329837584724879,174.10205839622915,172.92775226157434,8.5,5.0
S038,18.0,5.5241566532192,174.12259166217274,172.93692355621107,8.5,5.0
S038,18.5,5.444139989510463,174.27229463161083,173.00885161770458,8.5,5.0
S038,19.0,5.321767895293785,174.2519466157785,172.99325627686204,8.5,5.0
S038,19.5,5.221882325944928,174.3229039024814,173.0740597720252,8.5,5.0
S038,20.0,5.637648497347606,174.28466457923858,173.10995319354723,8.5,5.0
S038,20.5,5.683513980446722,174.25857553507336,173.09093626701613,8.5,5.0
S038,21.0,5.454122244026415,174.31782359091625,173.09771434356782,8.5,5.0
S038,21.5,5.511227415690109,174.48262719985257,173.23544758873712,8.5,5.0
S038,22.0,5.485372385757133,174.35919663973345,173.31715118300752,8.5,5.0
S038,22.5,5.336234056498192,174.25063562465928,173.24168417745477,8.5,5.0
S038,23.0,5.183082581463277,174.49044448271505,173.30620088689267,8.5,5.0
S038,23.5,5.440460370673185,174.34009862335526,173.1701996310759,8.5,5.0
S038,24.0,5.501894744327066,174.311104035406,173.15124410808718,8.5,5.0
S038,24.5,5.503621220132246,174.36727308538363,173.3077383735647,8.5,5.0
S038,25.0,5.345420515818242,174.44498742921712,173.28929263232263,8.5,5.0
S038,25.5,5.1818867095572925,174.4623078253045,173.20399069274225,8.5,5.0
S038,26.0,5.214090418282927,174.3086441849373,173.31410638426962,8.5,5.0
S038,26.5,5.420260775849052,174.4549422571624,173.2597548760605,8.5,5.0
S038,27.0,5.1553370716933555,174.22007990005,173.19022190190555,8.5,5.0
S038,27.5,5.556920074254175,174.45585521133077,173.21820591943836,8.5,5.0
S038,28.0,4.998464604979735,174.48904085766526,173.28374610755594,8.5,5.0
S038,28.5,5.230993843282774,174.404749121613,173.3352871508812,8.5,5.0
S038,29.0,5.391103568474735,174.28351411202036,173.37598842797846,8.5,5.0
S038,29.5,5.1756823257034235,174.44221710314795,173.38230557045745,8.5,5.0
S038,30.0,5.3996559213076605,174.46424923097348,173.22297224824007,8.5,5.0
S039,0.0,101.39656303998218,164.96049789890338,165.07739614640872,0.0,0.0
S039,0.5,80.05292320960214,165.89378968784064,165.6807831094953,0.0,0.0
S039,1.0,63.32509310759973,166.50411777222052,166.349537831932,0.0,0.0
S039,1.5,50.438908959318766,167.3660239911685,166.879733774342,0.0,0.0
S039,2.0,40.555337594816635,167.8109685236041,167.43042902116017,0.0,0.0
S039,2.5,32.860366290251335,168.45892744771382,167.96977387450488,0.0,0.0
S039,3.0,26.696535235055926,169.035629963386,168.47563220510864,0.0,0.0
S039,3.5,21.91686542118341,169.3522997172546,168.81388297916288,0.0,0.0
S039,4.0,18.09107867726547,169.84213133268182,169.2561771403813,0.0,0.0
S039,4.5,15.497999035172569,170.3327493296471,169.5029554350316,0.0,0.0
S039,5.0,13.273668553236618,170.70878289782092,169.8310730973951,0.0,0.0
S039,5.5,11.309578532134164,171.0813627459,170.13534644012378,0.0,0.0
S039,6.0,10.065158243380774,171.30671320061816,170.2964627301345,0.0,0.0
S039,6.5,9.369979826878625,171.57123161350444,170.6510010783463,0.0,0.0
S039,7.0,8.061305410344158,171.96592482198287,170.98298311799144,0.0,0.0
S039,7.5,7.519594987908543,172.0259637490468,171.03002845333805,0.0,0.0
S039,8.0,7.000867694020781,172.39822188594644,171.25095748547938,0.0,0.0
S039,8.5,6.611941395710449,172.39524945172383,171.44699844990546,1.0625,0.575
S039,9.0,6.292982275403373,172.67137103585418,171.62914836595664,2.125,1.15
S039,9.5,6.26433245286385,172.90658951650485,171.73240597163058,3.1875,1.7249999999999999
S039,10.0,6.092634907728836,173.0051101367119,171.92002094338625,4.25,2.3
S039,10.5,6.226110678650495,173.22576819647801,171.97903997184233,5.3125,2.875
S039,11.0,6.034696552482995,173.28535276096812,172.05130034648332,6.375,3.4499999999999997
S039,11.5,5.839493786893118,173.393092206173,172.21463341816894,7.4375,4.0249999999999995
S039,12.0,5.5908478586111405,173.36460205965895,172.3390647119175,8.5,4.6
S039,12.5,5.746557310585466,173.6571368535752,172.4386797453346,8.5,5.0
S039,13.0,5.6360471696199195,173.57816720054515,172.55794479932734,8.5,5.0
S039,13.5,5.567697757157235,173.80070879666542,172.43715425333906,8.5,5.0
S039,14.0,5.601526662611304,173.74895820387854,172.70963904795158,8.5,5.0
S039,14.5,5.277523937866261,173.89058488234073,172.68471774867956,8.5,5.0
S039,15.0,5.606419393677018,173.989340039122,172.76235342223015,8.5,5.0
S039,15.5,5.60513840224875,173.98796584994355,172.78791594295328,8.5,5.0
S039,16.0,5.559540778860685,174.13121789519144,172.9465059383045,8.5,5.0
S039,16.5,5.453997831249903,174.05457311712084,172.920495047761,8.5,5.0
S039,17.0,5.163367472571728,174.0545849544291,173.0132408265583,8.5,5.0
S039,17.5,5.378441059925924,174.19065900616957,172.90958944314414,8.5,5.0
S039,18.0,5.375126672638373,174.23228729952712,173.00142773925393,8.5,5.0
S039,18.5,5.552878246711907,174.1487324178914,173.07573582426622,8.5,5.0
S039,19.0,5.296382367385184,174.13298123589212,173.0613730099165,8.5,5.0
S039,19.5,5.342637905112694,174.3519285034257,173.02498541259072,8.5,5.0
S039,20.0,5.708706655756793,174.26813765172432,173.09028880854112,8.5,5.0
S039,20.5,5.740365935680273,174.25870237762481,173.19067417340486,8.5,5.0
S039,21.0,5.061908108985138,174.365774927777,173.0891824278997,8.5,5.0
S039,21.5,5.286370318988874,174.34564575300087,173.1212928954464,8.5,5.0
S039,22.0,5.663761045676478,174.26287586659512,173.1137613484741,8.5,5.0
S039,22.5,5.246471109765189,174.3867478749256,173.28118701183493,8.5,5.0
S039,23.0,5.462624510326205,174.2685002552922,173.24171861920664,8.5,5.0
S039,23.5,5.902183685599277,174.5870707806806,173.17409606051206,8.5,5.0
S039,24.0,5.746295352398777,174.2801103225099,173.2302245456674,8.5,5.0
S039,24.5,5.536445613060733,174.46487357040533,173.2307554237025,8.5,5.0
S039,25.0,5.621263673701933,174.53000469372313,173.31227733112627,8.5,5.0
S039,25.5,5.628322257825852,174.48177023798485,173.31882304841207,8.5,5.0
S039,26.0,5.578363775390336,174.36017289022186,173.29855529452473,8.5,5.0
S039,26.5,5.516049435136968,174.42193253014452,173.38805680967084,8.5,5.0
S039,27.0,5.548234504512586,174.57087811360543,173.2814133334536,8.5,5.0
S039,27.5,5.644470974509986,174.47887979752178,173.2563215300962,8.5,5.0
S039,28.0,5.825290208002977,174.41908937088004,173.3807989256038,8.5,5.0
S039,28.5,5.464054364329564,174.57318612858506,173.418419254436,8.5,5.0
S039,29.0,5.499665805377516,174.5412130838646,173.2999283891039,8.5,5.0
S039,29.5,5.6279469121480235,174.54168968221092,173.15401687546427,8.5,5.0
S039,30.0,5.455192649218168,174.4575354761298,173.35911775712577,8.5,5.0
S040,0.0,101.11471387583973,165.05154369388126,165.031284666615,0.0,0.0
S040,0.5,79.93336580597096,165.67887864575619,165.6582183062414,0.0,0.0
S040,1.0,63.52596756282984,166.57459516789416,166.38314040495337,0.0,0.0
S040,1.5,50.65596390820455,167.38749223587075,166.88688874634326,0.0,0.0
S040,2.0,40.38833234511189,167.85317823584873,167.44048885058908,0.0,0.0
S040,2.5,32.661518916214305,168.26757570314487,167.89108153262592,0.0,0.0
S040,3.0,26.477813934686083,168.87375458355504,168.38134835487313,0.0,0.0
S040,3.5,21.6834486310389,169.33976531559009,168.87000741344477,0.0,0.0
S040,4.0,18.107248359238802,169.89069319724481,169.07524564028338,0.0,0.0
S040,4.5,15.515568504786017,170.0796584723781,169.3658791255035,0.0,0.0
S040,5.0,13.014202767222137,170.4513436378229,169.6809386199863,0.0,0.0
S040,5.5,11.33657010758906,170.88442433841757,170.0685675174126,0.0,0.0
S040,6.0,9.549590839796544,171.09094476136792,170.37694094998554,0.0,0.0
S040,6.5,8.528315069810443,171.38759816426062,170.69003025194044,0.0,0.0
S040,7.0,7.797227899627289,171.57476527693137,170.79405090705217,0.0,0.0
S040,7.5,7.6467992099885755,171.91337012429133,170.99969579680777,0.0,0.0
S040,8.0,7.017832036325424,171.98804114949937,171.2125577170801,0.0,0.0
S040,8.5,6.34251920096243,172.23597326810165,171.22865078814925,1.0625,0.425
S040,9.0,6.550591225803822,172.5323725765526,171.39855674027734,2.125,0.85
S040,9.5,6.103291065324703,172.60688584120663,171.57414985710716,3.1875,1.275
S040,10.0,5.579767115121113,172.80146410493924,171.8320481014365,4.25,1.7
S040,10.5,5.861123468053382,172.98608509922659,171.81469612279497,5.3125,2.125
S040,11.0,5.806639484519873,172.99271304264,171.8705095499124,6.375,2.55
S040,11.5,5.18226323136027,173.16160115210414,172.15823799716438,7.4375,2.975
S040,12.0,5.354305724143914,173.1770302166907,172.1481538084656,8.5,3.4
S040,12.5,4.898576068865702,173.2673156052401,172.32435550103398,8.5,3.8249999999999997
S040,13.0,5.049736313467438,173.28052701871766,172.45831929313474,8.5,4.25
S040,13.5,5.562102227898956,173.31893837249052,172.4880115503446,8.5,4.675
S040,14.0,5.119779900521372,173.48704266398033,172.45594117470282,8.5,5.0
S040,14.5,5.295233528572392,173.62260990522262,172.56183020258132,8.5,5.0
S040,15.0,5.479752184872189,173.65009335455596,172.7081028254292,8.5,5.0
S040,15.5,5.466150450528835,173.681941854523,172.76769648272028,8.5,5.0
S040,16.0,5.068707079276006,173.72772981764754,172.67484121064894,8.5,5.0
S040,16.5,5.0214594277614255,173.69302220225256,172.79112064718453,8.5,5.0
S040,17.0,5.234441362378583,173.7769643654778,172.77280052626128,8.5,5.0
S040,17.5,4.903404723524663,173.8267938442055,172.86156848969762,8.5,5.0
S040,18.0,5.323495164799616,173.89114881615714,172.97505722846762,8.5,5.0
S040,18.5,5.250768963979215,173.8317866066693,172.87165723163568,8.5,5.0
S040,19.0,4.925718406209566,173.77604880532616,172.96659514284127,8.5,5.0
S040,19.5,5.144974245133924,173.89733642830336,172.95237991040347,8.5,5.0
S040,20.0,5.321826238058847,173.86701239784801,173.00928924907697,8.5,5.0
S040,20.5,5.022821371992914,174.0728261045131,173.01816524970175,8.5,5.0
S040,21.0,5.216001435916883,173.92032929478574,173.06906956834183,8.5,5.0
S040,21.5,5.3208751356414945,173.92238841100573,172.98769965219867,8.5,5.0
S040,22.0,5.097004180876717,174.10699301228118,172.99231039328114,8.5,5.0
S040,22.5,5.168986313529128,174.24964914392737,172.9282364213239,8.5,5.0
S040,23.0,5.157854338595019,174.0683746521667,173.06726061618747,8.5,5.0
S040,23.5,5.261307678553386,173.90372319733802,173.0018779386832,8.5,5.0
S040,24.0,5.021163958207685,174.10293863278613,173.1171458397032,8.5,5.0
S040,24.5,5.306393827810237,173.90530057402864,173.09563675674053,8.5,5.0
S040,25.0,4.9888870935003915,174.15643153350814,173.12357945833858,8.5,5.0
S040,25.5,5.520925516420199,174.17319110171283,173.13666031413706,8.5,5.0
S040,26.0,4.983666055653431,174.0924768904966,173.23174179171306,8.5,5.0
S040,26.5,5.330248995901706,174.16574057195635,173.20287047376763,8.5,5.0
S040,27.0,5.37998623993042,174.06967259232687,173.03844404544284,8.5,5.0
S040,27.5,5.3985950579164745,174.12363219810055,173.12664033685618,8.5,5.0
S040,28.0,5.093900205290993,174.12194869555876,173.3550354886543,8.5,5.0
S040,28.5,5.103343588544799,174.20174929605275,173.27289184116933,8.5,5.0
S040,29.0,5.230338981337391,174.1401580506672,173.28392634308526,8.5,5.0
S040,29.5,4.991566365592185,174.19363834061195,173.189184297601,8.5,5.0
S040,30.0,4.994175374328851,174.32411577887302,173.19646346284387,8.5,5.0
S041,0.0,101.042681328901,165.0132832750153,164.93143778259423,0.0,0.0
S041,0.5,82.41445428205206,165.7438509511074,165.64317572453024,0.0,0.0
S041,1.0,67.49301917665565,166.5815385257372,166.38942160900942,0.0,0.0
S041,1.5,55.6658877242713,167.23539913279953,166.78427805980948,0.0,0.0
S041,2.0,45.56987809486861,168.0024686162149,167.31206250356476,0.0,0.0
S041,2.5,38.02116957208445,168.59426709900708,167.8308274192658,0.0,0.0
S041,3.0,31.765617729812433,169.02141022447,168.33054384325206,0.0,0.0
S041,3.5,26.551118213806998,169.47722702241265,168.50847951871688,0.0,0.0
S041,4.0,22.819142703884882,169.8933120104557,169.13994519237193,0.0,0.0
S041,4.5,19.469830590192796,170.3708430253588,169.45907968958414,0.0,0.0
S041,5.0,16.42590998515333,170.72652736436316,169.6759086558387,0.0,0.0
S041,5.5,14.751903379511743,171.07975814876193,169.9372471432986,0.0,0.0
S041,6.0,12.704714473264826,171.42066892793346,170.18503360834288,0.0,0.0
S041,6.5,11.522994422767901,171.64149820499156,170.5090474567013,0.0,0.0
S041,7.0,10.405265483399175,171.7785459612159,170.5779186528509,0.0,0.0
S041,7.5,9.485284623159128,172.05276271653062,170.88218718730224,0.0,0.0
S041,8.0,8.57495807797402,172.46643046728045,171.12759738309785,0.0,0.0
S041,8.5,8.011839531846746,172.56961512472083,171.09887761085892,1.0625,0.5
S041,9.0,7.972722366748248,172.5716508954087,171.37825066299683,2.125,1.0
S041,9.5,7.452431866896139,172.76451820296006,171.45278262831218,3.1875,1.5
S041,10.0,7.3030655546895655,172.89981263425247,171.6497551180222,4.25,2.0
S041,10.5,6.877394819489538,172.99427772850794,171.56734673090494,5.3125,2.5
S041,11.0,6.9474535706157825,173.22233001047513,171.92293994626033,6.375,3.0
S041,11.5,6.4194406497459475,173.30260944329012,171.90476471223923,7.4375,3.5
S041,12.0,6.325726876689686,173.5343846895653,172.05414644981258,8.5,4.0
S041,12.5,6.12385627075582,173.45938447568471,172.17503016140316,8.5,4.5
S041,13.0,6.1707657089147085,173.52696985038511,172.2534891292794,8.5,5.0
S041,13.5,6.274707455168382,173.49693861163317,172.31706718936402,8.5,5.0
S041,14.0,6.200291448381343,173.86257052491217,172.3427308509921,8.5,5.0
S041,14.5,6.572117422502423,173.8893542491881,172.353628188091,8.5,5.0
S041,15.0,6.1000398405788925,173.95074361066668,172.4063009307965,8.5,5.0
S041,15.5,6.015143175064726,173.97975982186762,172.36454006349354,8.5,5.0
S041,16.0,5.896814449606869,173.96331987744165,172.6134460389101,8.5,5.0
S041,16.5,5.686197086587287,174.01295158647454,172.6376448197396,8.5,5.0
S041,17.0,6.087150813733379,174.1259238316631,172.7255713263857,8.5,5.0
S041,17.5,5.787982612059977,174.09442138450123,172.7254932952395,8.5,5.0
S041,18.0,5.88588527795119,174.19262484919446,172.74835667116588,8.5,5.0
S041,18.5,5.966786182235066,174.11491578123457,172.74471263762072,8.5,5.0
S041,19.0,5.7448587259981405,174.2748507287139,172.83569211079853,8.5,5.0
S041,19.5,6.03663361822661,174.28821331658756,172.79870238322007,8.5,5.0
S041,20.0,6.158393230740077,174.26592869268143,172.7555501759482,8.5,5.0
S041,20.5,5.664353570087236,174.21326453104285,172.9923976654269,8.5,5.0
S041,21.0,5.828905950028924,174.30745808592812,172.84468033382046,8.5,5.0
S041,21.5,5.690072022481603,174.38379023752097,172.89030856877727,8.5,5.0
S041,22.0,6.026682500143142,174.3060477704297,172.85928567095402,8.5,5.0
S041,22.5,6.0927220760748435,174.44861603887836,172.9380561206559,8.5,5.0
S041,23.0,5.969738580285918,174.46519828817435,172.8891857878399,8.5,5.0
S041,23.5,5.8729867761101495,174.42808050469563,172.9183451772334,8.5,5.0
S041,24.0,6.259901565694703,174.39645548732474,172.86571046407155,8.5,5.0
S041,24.5,6.046765893554939,174.26010651983555,172.9926680565981,8.5,5.0
S041,25.0,6.0980995787602135,174.31110545140652,173.02429993899867,8.5,5.0
S041,25.5,6.027764073017963,174.32842157001713,172.91942464160013,8.5,5.0
S041,26.0,5.679392931674358,174.43430588922524,172.98215064417573,8.5,5.0
S041,26.5,5.787138641078874,174.35238759579556,172.93912634932096,8.5,5.0
S041,27.0,5.979341292436257,174.34721891769806,173.06678307483233,8.5,5.0
S041,27.5,5.79506232547013,174.5221122375684,172.91019605418995,8.5,5.0
S041,28.0,6.0782078588121555,174.4866082410214,173.05841732688174,8.5,5.0
S041,28.5,6.270738239068338,174.51305587021253,173.06325034209212,8.5,5.0
S041,29.0,5.897612117713344,174.41975612361506,172.97632607543756,8.5,5.0
S041,29.5,5.7051789427141655,174.4759023327473,173.1434458909449,8.5,5.0
S041,30.0,5.913372983409088,174.4488564786519,172.8957724396395,8.5,5.0
S042,0.0,101.20796888550262,164.92033080860676,164.96920394301972,0.0,0.0
S042,0.5,81.52136491968535,165.81445035935494,165.68593767036504,0.0,0.0
S042,1.0,65.84727911789857,166.47125042816532,166.32315769869902,0.0,0.0
S042,1.5,53.62992408103893,167.09163557866336,166.85049784479583,0.0,0.0
S042,2.0,43.839411229110716,167.85558312485892,167.33391068680544,0.0,0.0
S042,2.5,36.11156273619758,168.23890015360908,167.79807441275122,0.0,0.0
S042,3.0,29.815785075195688,168.85569554190997,168.26632891718398,0.0,0.0
S042,3.5,24.877050921946708,169.2410083606419,168.5874619920275,0.0,0.0
S042,4.0,20.820120800275063,169.65774615107858,168.8759031328833,0.0,0.0
S042,4.5,18.262851828802027,170.09089555321995,169.34384908597258,0.0,0.0
S042,5.0,15.2961299456682,170.34865647431684,169.58939231078378,0.0,0.0
S042,5.5,13.109578087846133,170.80232275653708,169.74961270275008,0.0,0.0
S042,6.0,11.90807480262337,171.1182593602838,170.06073440037218,0.0,0.0
S042,6.5,10.475054032321694,171.3342556786099,170.47932799581938,0.0,0.0
S042,7.0,9.62633514960034,171.6266413110541,170.557805456744,0.0,0.0
S042,7.5,8.515896047722949,171.87197132921605,170.73577321216558,0.0,0.0
S042,8.0,7.966325322269154,171.93527878855025,170.88078175181963,0.0,0.0
S042,8.5,7.5541857455465955,172.10885449153943,171.06259568026272,1.0625,0.575
S042,9.0,7.609439110099412,172.40659850716648,171.2607429444633,2.125,1.15
S042,9.5,7.121666416383292,172.39545503191005,171.38120283912227,3.1875,1.7249999999999999
S042,10.0,6.678205990589881,172.60853482068197,171.5475701852581,4.25,2.3
S042,10.5,6.208537455546409,172.56953971940774,171.70903797794588,5.3125,2.875
S042,11.0,6.27307079926251,172.81508705759128,171.7775111650042,6.375,3.4499999999999997
S042,11.5,6.204541791739124,172.99902842615685,171.84207236649718,7.4375,4.0249999999999995
S042,12.0,5.8767757541037575,173.15112005115373,171.91184173860515,8.5,4.6
S042,12.5,5.6951461200246545,173.15196525754223,172.0909106911894,8.5,5.0
S042,13.0,5.857959580996156,173.1964340941669,172.17904232745934,8.5,5.0
S042,13.5,6.066941941310352,173.3770846053653,172.2503794305824,8.5,5.0
S042,14.0,6.070995189629797,173.4421640493793,172.19377835158576,8.5,5.0
S042,14.5,5.670096517251246,173.5245647528701,172.22321729589157,8.5,5.0
S042,15.0,5.652236893150737,173.53353804678517,172.38220952931334,8.5,5.0
S042,15.5,5.708393443969052,173.51320140142883,172.43651351429122,8.5,5.0
S042,16.0,6.058060140600486,173.6191203224785,172.36110042666581,8.5,5.0
S042,16.5,5.708486015135544,173.68964090083315,172.47779902213745,8.5,5.0
S042,17.0,6.0282325515228345,173.77295037254433,172.62905003884822,8.5,5.0
S042,17.5,5.607288317320584,173.78679491763862,172.66084782218658,8.5,5.0
S042,18.0,5.596342314869817,173.8854095192539,172.6932190836529,8.5,5.0
S042,18.5,5.508640668955936,173.89263346016315,172.6927801173167,8.5,5.0
S042,19.0,5.556035411994074,173.77506545257827,172.66802309870533,8.5,5.0
S042,19.5,5.671703765905818,173.85205813361065,172.65225393867033,8.5,5.0
S042,20.0,5.601525589447514,173.8920646558731,172.78107555418848,8.5,5.0
S042,20.5,5.772654414635561,173.93838782148367,172.5985355352265,8.5,5.0
S042,21.0,5.416076738415875,173.83576339745576,172.65737520729115,8.5,5.0
S042,21.5,6.113268546666947,174.0998098462373,172.76454988337716,8.5,5.0
S042,22.0,5.586017926036348,173.93666323967994,172.82192607397556,8.5,5.0
S042,22.5,5.885625886749783,174.0339344858128,172.73534114492807,8.5,5.0
S042,23.0,5.559818504191529,173.91296796886564,172.74036721163307,8.5,5.0
S042,23.5,5.881990510109983,174.01989312323363,172.81985212389387,8.5,5.0
S042,24.0,5.381774974100413,174.04561268768305,172.73533157563728,8.5,5.0
S042,24.5,5.6864261268321075,173.94180597277116,172.88241667746772,8.5,5.0
S042,25.0,5.47068166290077,174.0079007290429,172.8253643186433,8.5,5.0
S042,25.5,5.728801959628499,174.09232938970433,172.86986335269648,8.5,5.0
S042,26.0,5.6156194881711246,174.1337587346304,172.8121648287485,8.5,5.0
S042,26.5,5.605328831974134,173.9886816191376,172.80028409857135,8.5,5.0
S042,27.0,5.499037893936584,173.92363113744403,172.94589762923812,8.5,5.0
S042,27.5,5.605710029368562,174.10835336798706,172.79243348781034,8.5,5.0
S042,28.0,5.293585290117495,174.0705262960975,172.87258163894833,8.5,5.0
S042,28.5,5.319239282077737,174.05149628732832,172.81393449758536,8.5,5.0
S042,29.0,5.870201902319903,174.16983331612514,172.88510046144944,8.5,5.0
S042,29.5,5.6678850714953,174.18133807032757,172.83611949601487,8.5,5.0
S042,30.0,5.633621288516449,174.12782929104088,173.03589633160985,8.5,5.0
S043,0.0,101.16964862251437,165.06109632837467,164.9713240099338,0.0,0.0
S043,0.5,79.35706188151913,165.8446931101997,165.66422927187156,0.0,0.0
S043,1.0,63.38052150333944,166.3273727901993,166.25339563623635,0.0,0.0
S043,1.5,49.977943590616235,167.1623284398732,166.73091902567785,0.0,0.0
S043,2.0,40.14810241298777,167.66267954904765,167.07785210120448,0.0,0.0
S043,2.5,32.35328309927047,168.25024586902586,167.73891973585194,0.0,0.0
S043,3.0,26.39211873128571,168.8358369420184,168.0754502497935,0.0,0.0
S043,3.5,21.66155690714099,169.33299186956586,168.48841115159283,0.0,0.0
S043,4.0,17.940761089703415,169.55379329765594,168.7117507117653,0.0,0.0
S043,4.5,14.775864454318066,170.0787010339635,169.10597564544454,0.0,0.0
S043,5.0,13.222423242102295,170.2811273451687,169.34117316848366,0.0,0.0
S043,5.5,11.62281106869773,170.58814300025347,169.53039876007756,0.0,0.0
S043,6.0,9.736490351875869,170.89504924333718,169.7328350891534,0.0,0.0
S043,6.5,8.820338586127704,171.1997238249428,170.15547009304726,0.0,0.0
S043,7.0,8.497217331021025,171.34462526792376,170.31808513953584,0.0,0.0
S043,7.5,7.6311678096551,171.71243139001427,170.44688073195954,0.0,0.0
S043,8.0,7.046615620141463,171.8678142916194,170.60320807532258,0.0,0.0
S043,8.5,6.995476833265316,172.07888801708035,170.73298291086195,1.0625,0.425
S043,9.0,6.5381440728567926,172.23859418473603,171.03125419472815,2.125,0.85
S043,9.5,6.537577201464156,172.45178165173547,171.03648817425676,3.1875,1.275
S043,10.0,5.84635056045341,172.50278478676626,171.07155577398527,4.25,1.7
S043,10.5,5.698353825001285,172.61720940997265,171.22545774148753,5.3125,2.125
S043,11.0,5.7920551284192845,172.7140399066829,171.36758056538216,6.375,2.55
S043,11.5,5.534256601283789,172.86011761332117,171.50180026028215,7.4375,2.975
S043,12.0,5.572581903304179,173.03503156497456,171.51314228090823,8.5,3.4
S043,12.5,5.531487100345312,172.98305039819155,171.6612218029605,8.5,3.8249999999999997
S043,13.0,5.161414260219406,173.1880030164718,171.67681063064728,8.5,4.25
S043,13.5,5.62158626850725,173.27779337350455,171.78768205563824,8.5,4.675
S043,14.0,5.681807857649771,173.2727241867397,171.73527342773303,8.5,5.0
S043,14.5,5.576997258425562,173.29937471298305,171.99234759306538,8.5,5.0
S043,15.0,5.372783599538889,173.38303604451457,172.0562758738324,8.5,5.0
S043,15.5,5.1969618850517,173.45003702038062,172.003966958735,8.5,5.0
S043,16.0,5.285194207488293,173.4480992250667,172.05402861549288,8.5,5.0
S043,16.5,5.611870293202973,173.59246797837974,172.12237109344798,8.5,5.0
S043,17.0,5.391775620337138,173.51041091844235,172.00145248934288,8.5,5.0
S043,17.5,5.365046641853749,173.57220879156748,172.09901756282213,8.5,5.0
S043,18.0,5.000207018544761,173.68205267058983,172.17683237922145,8.5,5.0
S043,18.5,5.635072917539727,173.65505325813749,172.19082049362078,8.5,5.0
S043,19.0,5.373046944325611,173.75152779548054,172.20627246953896,8.5,5.0
S043,19.5,4.926397450527776,173.8297270180194,172.29848590725095,8.5,5.0
S043,20.0,5.558015881797453,173.70569874843963,172.17508383812006,8.5,5.0
S043,20.5,5.269214218593024,173.84933441763607,172.32542799713187,8.5,5.0
S043,21.0,5.324728490132951,173.8265266201888,172.25541451515872,8.5,5.0
S043,21.5,5.5090985362544815,173.7757293599803,172.38957852217555,8.5,5.0
S043,22.0,5.32079497595455,173.8562125887187,172.25931776749616,8.5,5.0
S043,22.5,5.119433156907801,173.8209980397504,172.29840561242,8.5,5.0
S043,23.0,5.616590921952835,173.81611052413757,172.4176017074368,8.5,5.0
S043,23.5,5.072595399276249,173.82889404994478,172.38263461812934,8.5,5.0
S043,24.0,5.581502983203279,173.79527565944156,172.44883138800998,8.5,5.0
S043,24.5,5.5261515940563575,173.9231529948791,172.32472508731993,8.5,5.0
S043,25.0,5.567721823693531,173.86396649519088,172.47608780717005,8.5,5.0
S043,25.5,5.6038259753076645,173.97777236303352,172.30859769438658,8.5,5.0
S043,26.0,5.742646598931568,173.98138911917906,172.47205477510644,8.5,5.0
S043,26.5,5.477969736393111,173.9719616692748,172.53785203715861,8.5,5.0
S043,27.0,5.480302086576923,173.86577136546768,172.5020096807543,8.5,5.0
S043,27.5,5.143258455550874,173.8883625491896,172.4045923683126,8.5,5.0
S043,28.0,5.349976260425964,174.04197135094842,172.51937830481526,8.5,5.0
S043,28.5,5.16517661659295,174.00704965116066,172.49157294254405,8.5,5.0
S043,29.0,5.493810578831602,173.955464855528,172.45951464055602,8.5,5.0
S043,29.5,5.530659586549427,173.9369482647005,172.45840510561203,8.5,5.0
S043,30.0,5.456624835769091,173.9704641951543,172.54970570078433,8.5,5.0
S044,0.0,101.34024837853563,164.90071322954887,165.11591536611857,0.0,0.0
S044,0.5,83.54624883283608,165.88482761943837,165.78648389553928,0.0,0.0
S044,1.0,69.04764351810827,166.86628740417416,166.37458520070686,0.0,0.0
S044,1.5,57.25651994090017,167.51851938304193,167.07472438379455,0.0,0.0
S044,2.0,47.99758977340679,168.27995269671098,167.49212038806905,0.0,0.0
S044,2.5,39.93468886770936,168.9178067958117,167.98606468066563,0.0,0.0
S044,3.0,33.72837160043559,169.46456488804648,168.3148251272655,0.0,0.0
S044,3.5,28.444160277449367,169.92663492342294,168.8384108488879,0.0,0.0
S044,4.0,24.36629213246733,170.34059488121198,169.23928387168814,0.0,0.0
S044,4.5,21.218491133815384,170.8697977104569,169.65437431968564,0.0,0.0
S044,5.0,18.466810505053648,171.3061306661049,169.89886116359983,0.0,0.0
S044,5.5,16.250226070204032,171.72402098516167,170.12473894101774,0.0,0.0
S044,6.0,14.21921257265405,171.95819370864407,170.5246409590545,0.0,0.0
S044,6.5,12.794334459549688,172.32715491178533,170.69947319468474,0.0,0.0
S044,7.0,11.301176171807027,172.52736893181276,171.02089882292614,0.0,0.0
S044,7.5,10.598051477845878,172.82252162420332,171.11240010829204,0.0,0.0
S044,8.0,9.542601393050388,173.19870700649608,171.3495523226435,0.0,0.0
S044,8.5,9.247178337704554,173.23572433491884,171.52840253062985,1.0625,0.5
S044,9.0,8.659042486672835,173.49053990479027,171.64035195709855,2.125,1.0
S044,9.5,8.338906879935207,173.71624933240216,171.89322588724838,3.1875,1.5
S044,10.0,7.945891273548424,173.78889558193976,171.79938285747167,4.25,2.0
S044,10.5,7.598474051245646,174.09190244994838,172.22653872836352,5.3125,2.5
S044,11.0,7.167327825630423,174.24374328569124,172.17710250889212,6.375,3.0
S044,11.5,7.2679268771945456,174.2578790116254,172.25349712808418,7.4375,3.5
S044,12.0,6.605175467554246,174.19126015312813,172.43324392671738,8.5,4.0
S044,12.5,6.643645677427649,174.32166765445385,172.46761666523884,8.5,4.5
S044,13.0,6.4448569083623335,174.58201689774197,172.54522820862957,8.5,5.0
S044,13.5,6.6661443611987945,174.62600447617476,172.56917664866972,8.5,5.0
S044,14.0,6.546234166801269,174.76989877935407,172.73151409915698,8.5,5.0
S044,14.5,6.52902677797976,174.810828656608,172.76162430616841,8.5,5.0
S044,15.0,6.389971205720817,174.86739822035125,172.80012269445947,8.5,5.0
S044,15.5,6.216331008896514,174.9705405461275,172.9355704131374,8.5,5.0
S044,16.0,6.2463394885656,174.9281824549372,172.8904659372778,8.5,5.0
S044,16.5,6.543572585335179,175.12125358025347,173.02333011478876,8.5,5.0
S044,17.0,6.1906011346134004,175.07319579460724,173.11977240837334,8.5,5.0
S044,17.5,6.4634909793727715,175.0300422931967,173.05734292427238,8.5,5.0
S044,18.0,6.561862674180881,175.23841261792992,173.11064565706997,8.5,5.0
S044,18.5,6.5201674811842985,175.15753467070166,173.08128501370786,8.5,5.0
S044,19.0,6.349705097782274,175.12947864864643,173.2692489546661,8.5,5.0
S044,19.5,6.378569479803109,175.27732489921044,173.1080134484467,8.5,5.0
S044,20.0,6.386232699337527,175.2086509581901,173.21126885819083,8.5,5.0
S044,20.5,6.095344643160783,175.32479030084852,173.1958226774949,8.5,5.0
S044,21.0,6.046400571182444,175.37028227363587,173.2910683865106,8.5,5.0
S044,21.5,6.184238422852913,175.27620380816694,173.35716358062336,8.5,5.0
S044,22.0,6.198334331984772,175.4089317368376,173.26669831122294,8.5,5.0
S044,22.5,6.349196961347785,175.36574721581601,173.27622909644077,8.5,5.0
S044,23.0,6.207614615308055,175.44847791939486,173.31331556729913,8.5,5.0
S044,23.5,6.508664984506441,175.36841474379622,173.3332357727827,8.5,5.0
S044,24.0,6.3449738889749625,175.45811827673117,173.31830276686318,8.5,5.0
S044,24.5,6.016448120406044,175.47168932971803,173.32292049354245,8.5,5.0
S044,25.0,6.27677956261283,175.4223038003053,173.37586620342233,8.5,5.0
S044,25.5,6.56352926625979,175.4957438178728,173.45136171797844,8.5,5.0
S044,26.0,6.515928004002642,175.4379108429295,173.36645902677085,8.5,5.0
S044,26.5,6.241321944277747,175.46840232451225,173.35178177335305,8.5,5.0
S044,27.0,5.961849496171332,175.42993600792934,173.32698846082312,8.5,5.0
S044,27.5,6.512753077235582,175.48808199406614,173.3611528053698,8.5,5.0
S044,28.0,6.334660573460907,175.54006129515776,173.3811486551016,8.5,5.0
S044,28.5,6.250543219316421,175.5412268495975,173.42964126422459,8.5,5.0
S044,29.0,6.6096740621681755,175.55809990270953,173.30033054369804,8.5,5.0
S044,29.5,6.425919728837767,175.42694484107216,173.57530142072522,8.5,5.0
S044,30.0,6.506446004456104,175.57387869057354,173.51440504477392,8.5,5.0
S045,0.0,101.4619481023012,164.9609565739361,165.08313596740655,0.0,0.0
S045,0.5,80.4882283784693,165.80815597752218,165.5769347959935,0.0,0.0
S045,1.0,64.76098120702954,166.47847243860355,166.1391882961043,0.0,0.0
S045,1.5,51.626416249761796,167.2120384947602,166.7429398488126,0.0,0.0
S045,2.0,41.82715885283293,167.6705566674329,167.43072356543306,0.0,0.0
S045,2.5,34.48055401909695,168.29280882495647,167.7246120418659,0.0,0.0
S045,3.0,28.040470027601614,168.82212909165182,168.14722839391442,0.0,0.0
S045,3.5,23.086099125625505,169.2608142510053,168.59053550702507,0.0,0.0
S045,4.0,19.270445130590364,169.763068983568,168.91488056793287,0.0,0.0
S045,4.5,16.39665382590648,170.18811013469593,169.25226826746706,0.0,0.0
S045,5.0,13.830447257117237,170.4546027015721,169.61418805922176,0.0,0.0
S045,5.5,12.511870232151342,170.7610029821342,169.89636650041834,0.0,0.0
S045,6.0,10.701013839721837,171.03536622053107,170.0652864185952,0.0,0.0
S045,6.5,9.800016831432808,171.20517036459006,170.4273888559425,0.0,0.0
S045,7.0,8.726301635618565,171.573103580451,170.4903794529627,0.0,0.0
S045,7.5,8.371515893677001,171.75657437681818,170.83012693394403,0.0,0.0
S045,8.0,7.661331140252967,172.01869193445853,171.0520263097605,0.0,0.0
S045,8.5,7.1107317196521524,172.12924371496456,171.01853574201277,1.0625,0.575
S045,9.0,6.461094508200864,172.173239210856,171.16474093957092,2.125,1.15
S045,9.5,6.476667210796322,172.54197159624593,171.26499917724607,3.1875,1.7249999999999999
S045,10.0,6.248985814751752,172.59828454655536,171.42981294123692,4.25,2.3
S045,10.5,6.075960388045923,172.6950649671541,171.58189033837837,5.3125,2.875
S045,11.0,6.067540760881418,172.88207056155534,171.6655015534718,6.375,3.4499999999999997
S045,11.5,5.768458081560437,172.96778072988317,171.7865513895441,7.4375,4.0249999999999995
S045,12.0,5.728680135093957,173.22758152538503,171.99679299276858,8.5,4.6
S045,12.5,5.435130301818866,173.12477920061917,171.98028851146762,8.5,5.0
S045,13.0,5.755708763550891,173.28767210350847,172.10312826347385,8.5,5.0
S045,13.5,5.84120633585412,173.3499997937826,172.1429738125427,8.5,5.0
S045,14.0,5.32366847909327,173.41216820938163,172.25088783108396,8.5,5.0
S045,14.5,5.400345327252844,173.3659029348855,172.36082020086425,8.5,5.0
S045,15.0,5.912751789984173,173.39678908900433,172.32047685496823,8.5,5.0
S045,15.5,5.611736025030371,173.58400930951166,172.28485568894115,8.5,5.0
S045,16.0,5.808435868166206,173.68157118175748,172.35095874659305,8.5,5.0
S045,16.5,5.717903527243065,173.71939317903946,172.40961773508766,8.5,5.0
S045,17.0,5.644788048553456,173.73528916595393,172.41173096750794,8.5,5.0
S045,17.5,5.268355488670802,173.57455774338013,172.54760277230747,8.5,5.0
S045,18.0,5.200720753626162,173.75754471907027,172.4835840868057,8.5,5.0
S045,18.5,5.543524523079205,173.8361200305807,172.43857088297887,8.5,5.0
S045,19.0,5.769091478873938,173.73750036235697,172.6165978068473,8.5,5.0
S045,19.5,5.470315378792971,173.96901012033842,172.6352754875359,8.5,5.0
S045,20.0,5.297463518987052,173.81281786647065,172.72066724964276,8.5,5.0
S045,20.5,5.532120758694843,173.82917004298835,172.56974264507747,8.5,5.0
S045,21.0,5.567903038684925,173.90513683114887,172.6552170088226,8.5,5.0
S045,21.5,5.539795638577205,173.88822896954065,172.6890147691271,8.5,5.0
S045,22.0,5.518568463479919,174.03553120963304,172.74345593695332,8.5,5.0
S045,22.5,5.518309535789714,173.9353731072944,172.6888496980179,8.5,5.0
S045,23.0,5.562565336330556,174.0552470978045,172.66521119687764,8.5,5.0
S045,23.5,5.5178619033612675,173.9975469839665,172.72874942742746,8.5,5.0
S045,24.0,5.610406265780444,174.09196026648803,172.81720999382836,8.5,5.0
S045,24.5,5.6092279855192135,173.94893290104963,172.6762512039426,8.5,5.0
S045,25.0,5.707915164381095,174.07416456316378,172.8287196920121,8.5,5.0
S045,25.5,5.681277234230284,173.98264959980037,172.92210740462934,8.5,5.0
S045,26.0,5.360320038910767,174.10846749124042,172.71168118194927,8.5,5.0
S045,26.5,5.30332371820148,174.04989718363584,172.7758455098319,8.5,5.0
S045,27.0,5.6574528224102885,173.99496225346448,172.70373874535568,8.5,5.0
S045,27.5,5.757955407257856,174.08642844912526,172.78333398192572,8.5,5.0
S045,28.0,5.393372959981892,174.00679747890746,172.83245664305886,8.5,5.0
S045,28.5,5.287951444358844,174.04120789153183,172.71163838039675,8.5,5.0
S045,29.0,5.596442730350632,174.04245303370362,172.68990767130674,8.5,5.0
S045,29.5,5.377082962955677,174.18717848548198,172.89210743034005,8.5,5.0
S045,30.0,5.463826083339237,174.07240729708505,172.8184681493333,8.5,5.0
S046,0.0,101.44588358100204,164.98084414973874,165.0511472067159,0.0,0.0
S046,0.5,79.7411154114958,165.72216466847402,165.5421598946284,0.0,0.0
S046,1.0,62.93715552415416,166.3299102883193,166.23762960557355,0.0,0.0
S046,1.5,50.59180337591526,166.99678742667723,166.8030764954572,0.0,0.0
S046,2.0,40.191241911137276,167.52352015391682,167.10620453484756,0.0,0.0
S046,2.5,32.50888464848402,168.07298659319338,167.60460517181286,0.0,0.0
S046,3.0,26.5932698141492,168.36529463023797,168.03348976880318,0.0,0.0
S046,3.5,21.80920593944562,168.9630514936529,168.38341468633018,0.0,0.0
S046,4.0,18.049061038455065,169.35125134161117,168.77239760039473,0.0,0.0
S046,4.5,15.606575460970026,169.73268003006388,169.0347577497768,0.0,0.0
S046,5.0,13.04267346683203,170.00108233643317,169.38460963362724,0.0,0.0
S046,5.5,11.28997932430314,170.19367493503117,169.63383187657237,0.0,0.0
S046,6.0,10.166785759225121,170.6301227751734,169.86098005688098,0.0,0.0
S046,6.5,9.177390072676546,170.8136302647415,170.0820018770017,0.0,0.0
S046,7.0,8.200577554392769,171.06705344602585,170.32203580143866,0.0,0.0
S046,7.5,7.565228325131085,171.30413754724646,170.53650453397782,0.0,0.0
S046,8.0,7.126594558335019,171.4933944408835,170.45103097503917,0.0,0.0
S046,8.5,6.830072773559447,171.5668369940983,170.77152981447605,1.0625,0.425
S046,9.0,6.000035172228581,171.74640108325372,170.72989806763428,2.125,0.85
S046,9.5,6.046082458697679,171.98085637897006,171.22784092232715,3.1875,1.275
S046,10.0,6.02195698904778,171.9787575924018,171.0162664671366,4.25,1.7
S046,10.5,6.067633779470678,172.20382471031226,171.22681236913226,5.3125,2.125
S046,11.0,5.8473950224960936,172.26289994941655,171.3176113042233,6.375,2.55
S046,11.5,5.573160883892483,172.33250163677397,171.45954581039257,7.4375,2.975
S046,12.0,5.644608836147928,172.40273172888413,171.5406685731247,8.5,3.4
S046,12.5,5.480516034698351,172.54923412835845,171.60017708966245,8.5,3.8249999999999997
S046,13.0,5.351982971555356,172.5585877263196,171.5416885393443,8.5,4.25
S046,13.5,5.4839028205285025,172.71466630899207,171.76257333463624,8.5,4.675
S046,14.0,5.524793771703369,172.57950315869934,171.92922549608608,8.5,5.0
S046,14.5,5.168599979181836,172.83957743258716,171.89679354244282,8.5,5.0
S046,15.0,5.4581204144469115,172.8404211844867,172.01642445266398,8.5,5.0
S046,15.5,5.3048834093077675,172.90671272968922,171.96300870481517,8.5,5.0
S046,16.0,5.625941491209241,173.05249175435216,172.03741614003368,8.5,5.0
S046,16.5,5.408332255289539,172.96070048194198,172.0588739105728,8.5,5.0
S046,17.0,5.064333768181723,173.06069151205676,172.0741224921059,8.5,5.0
S046,17.5,5.394060485779611,173.15054865401282,172.0808253844113,8.5,5.0
S046,18.0,5.378868688970236,173.06215404160437,172.1927358026943,8.5,5.0
S046,18.5,5.291047203727141,173.08197782623378,172.15687466676516,8.5,5.0
S046,19.0,5.391193782653859,173.1507820352407,172.08636184408138,8.5,5.0
S046,19.5,5.542712890274882,173.3039200909771,172.35902911050658,8.5,5.0
S046,20.0,5.191034596586632,173.2109857320777,172.17711874672622,8.5,5.0
S046,20.5,5.257191954406406,173.28463370500546,172.17412623625438,8.5,5.0
S046,21.0,5.243679675716727,173.33430018804793,172.20362265061132,8.5,5.0
S046,21.5,5.177268885973054,173.26279130178685,172.2624938757463,8.5,5.0
S046,22.0,5.279981036630972,173.35933416059362,172.22885832071378,8.5,5.0
S046,22.5,5.214194716852954,173.3096844974475,172.28683006566956,8.5,5.0
S046,23.0,5.291046835682225,173.382731845055,172.4503262922405,8.5,5.0
S046,23.5,5.27348533237536,173.36183623691028,172.3304630859652,8.5,5.0
S046,24.0,5.371634083155683,173.32790110356717,172.3496672190794,8.5,5.0
S046,24.5,5.4706568071643655,173.49929075450402,172.31915665973122,8.5,5.0
S046,25.0,5.256978857279476,173.49275402054053,172.31078112397591,8.5,5.0
S046,25.5,5.353307839407803,173.38596781091042,172.28113770349418,8.5,5.0
S046,26.0,5.345340244041317,173.39768744034714,172.3278854050674,8.5,5.0
S046,26.5,5.303126456440846,173.35010253215276,172.38761687609562,8.5,5.0
S046,27.0,5.591339550724301,173.37335386851174,172.43355718089032,8.5,5.0
S046,27.5,5.395559794658513,173.3604487273115,172.2840475243116,8.5,5.0
S046,28.0,5.456644703273734,173.4981660257531,172.47118654228495,8.5,5.0
S046,28.5,5.555357979299856,173.33178163022964,172.48381953459003,8.5,5.0
S046,29.0,5.45944995041206,173.49782853263932,172.38713021418943,8.5,5.0
S046,29.5,5.3096926130487905,173.44268487313775,172.3529238578001,8.5,5.0
S046,30.0,5.569290784799238,173.3840646367542,172.52601024015456,8.5,5.0
S047,0.0,101.0372675588909,164.96397801754455,165.0137228646387,0.0,0.0
S047,0.5,80.47806097675229,165.8005672302127,165.74394534069205,0.0,0.0
S047,1.0,65.08889012481315,166.58279017262726,166.26936119924136,0.0,0.0
S047,1.5,52.08684867835386,167.30502595630423,166.92810360177998,0.0,0.0
S047,2.0,41.969091521518855,167.87414212187514,167.41893346884274,0.0,0.0
S047,2.5,34.37273656407362,168.4303346592643,167.95082278448186,0.0,0.0
S047,3.0,27.88618977492077,168.94837403135972,168.46937630358454,0.0,0.0
S047,3.5,23.751170825666076,169.35121958622767,168.65519530630942,0.0,0.0
S047,4.0,19.531037508568218,169.9061142684899,169.2106329758685,0.0,0.0
S047,4.5,16.59883874098133,170.29993532355462,169.48491904073578,0.0,0.0
S047,5.0,14.120529197956868,170.61085998646737,169.92128718458292,0.0,0.0
S047,5.5,12.076866370027862,171.03243618108584,170.25499117953035,0.0,0.0
S047,6.0,10.799555108287823,171.27806706424957,170.53929348610973,0.0,0.0
S047,6.5,9.661407951836127,171.62510638502712,170.7585212586987,0.0,0.0
S047,7.0,8.677270960184542,171.79668989930656,170.86543547920581,0.0,0.0
S047,7.5,8.202455152602091,172.0778403496575,171.087496984338,0.0,0.0
S047,8.0,7.42195484376027,172.26226704551146,171.40263805121066,0.0,0.0
S047,8.5,7.179781189780797,172.50094881929556,171.57774331581325,1.0625,0.5
S047,9.0,6.797545531059809,172.64077118137152,171.74235864961736,2.125,1.0
S047,9.5,6.449947038717495,172.8476662294298,171.64189760956683,3.1875,1.5
S047,10.0,6.317181916579849,172.93724817070532,172.04824769456553,4.25,2.0
S047,10.5,5.870188376035115,173.04835658830214,172.1031217812182,5.3125,2.5
S047,11.0,6.0748246051405514,173.22738815576466,172.1576264791939,6.375,3.0
S047,11.5,5.893657651991708,173.3868125657643,172.21962022131473,7.4375,3.5
S047,12.0,5.854389524757283,173.33148959515424,172.30895425246112,8.5,4.0
S047,12.5,5.840761340205459,173.54838733023007,172.45615669205807,8.5,4.5
S047,13.0,5.850235767935294,173.6404255870141,172.60106112740317,8.5,5.0
S047,13.5,5.646712069417226,173.73316750362144,172.70547457912247,8.5,5.0
S047,14.0,5.485337099447843,173.7084900650088,172.71784296914106,8.5,5.0
S047,14.5,5.885972672911147,173.82340929860803,172.70788824683027,8.5,5.0
S047,15.0,5.740874318442157,173.83995939195034,172.74309341095258,8.5,5.0
S047,15.5,5.4846782283048405,173.90676884844,172.89554229610653,8.5,5.0
S047,16.0,5.432482763003014,173.94266383043427,172.86365398653732,8.5,5.0
S047,16.5,6.057484801342936,174.12862640028462,172.88840391505477,8.5,5.0
S047,17.0,5.483634816784993,174.02044792130837,172.96837063851154,8.5,5.0
S047,17.5,5.7377042399455425,174.12177109351938,173.0264750872639,8.5,5.0
S047,18.0,5.639228029992413,174.12847620470188,173.09012913716296,8.5,5.0
S047,18.5,5.810686686182313,174.11678662814566,173.19498517972528,8.5,5.0
S047,19.0,5.671944314487787,174.35938337927385,172.98148846157451,8.5,5.0
S047,19.5,5.7665694994728,174.14176414953468,173.20027782157075,8.5,5.0
S047,20.0,5.543855007638114,174.19383220388931,173.18894399138748,8.5,5.0
S047,20.5,5.534356099587731,174.2526208530283,173.18413833372574,8.5,5.0
S047,21.0,5.381844743133678,174.27392475672661,173.2899154209963,8.5,5.0
S047,21.5,5.623958980112254,174.20144954017064,173.1450408134444,8.5,5.0
S047,22.0,5.561836538735012,174.34059964630296,173.19796787418665,8.5,5.0
S047,22.5,5.464999061371539,174.30661437026927,173.19589847353805,8.5,5.0
S047,23.0,5.5563666097930815,174.3857399212836,173.26064410875316,8.5,5.0
S047,23.5,5.585163107311378,174.3434884174618,173.24562477035914,8.5,5.0
S047,24.0,5.172945175002526,174.3514298855572,173.3088375885562,8.5,5.0
S047,24.5,5.4137964745846805,174.42251730667547,173.2253469594106,8.5,5.0
S047,25.0,5.430605936405834,174.53129036857962,173.2855909506369,8.5,5.0
S047,25.5,5.917525324767198,174.47711953316127,173.51119089959414,8.5,5.0
S047,26.0,5.145027171767292,174.41247668494051,173.2506554039567,8.5,5.0
S047,26.5,5.758663745848718,174.25621930583887,173.30589075421517,8.5,5.0
S047,27.0,5.128532385806691,174.49886414157345,173.4437854081479,8.5,5.0
S047,27.5,5.6351484272044745,174.37913253043965,173.36120680886972,8.5,5.0
S047,28.0,5.550805656825293,174.3737481043581,173.35390566015172,8.5,5.0
S047,28.5,5.405408165978587,174.4561711357448,173.3763126675332,8.5,5.0
S047,29.0,5.231115652487251,174.3885764646511,173.36073203713391,8.5,5.0
S047,29.5,5.702094716406646,174.25037034000755,173.2402440097629,8.5,5.0
S047,30.0,5.469049361697799,174.412362064041,173.47479589802967,8.5,5.0
S048,0.0,101.16377637564192,165.0367006045851,164.98755824106814,0.0,0.0
S048,0.5,83.05535032345385,166.03141365928602,165.6628929302938,0.0,0.0
S048,1.0,68.88888921786366,166.83632742782277,166.4612755990585,0.0,0.0
S048,1.5,56.889382343670384,167.49633713442753,166.938010808745,0.0,0.0
S048,2.0,47.43498591878059,168.1674203809907,167.466747028627,0.0,0.0
S048,2.5,39.537043807602785,168.84428049485572,168.0321980737488,0.0,0.0
S048,3.0,33.27909603389234,169.5313348036129,168.523444015866,0.0,0.0
S048,3.5,28.061514928606424,170.14345098172242,169.0847881861478,0.0,0.0
S048,4.0,23.832530521509977,170.43153640537156,169.31818428859947,0.0,0.0
S048,4.5,20.53580885857199,171.03376382473175,169.71796264096062,0.0,0.0
S048,5.0,17.877990744317525,171.39656380211306,170.0133379140266,0.0,0.0
S048,5.5,15.648812862073282,171.92380921016695,170.39735639542303,0.0,0.0
S048,6.0,13.886062295889987,172.1920009201382,170.68357920380586,0.0,0.0
S048,6.5,12.352886442050039,172.49730549955677,170.80813629529663,0.0,0.0
S048,7.0,11.24495393045005,172.7833433368836,171.25179693102467,0.0,0.0
S048,7.5,10.135221857556413,172.82003102542313,171.28590289348296,0.0,0.0
S048,8.0,9.750565640429851,173.16852239274772,171.73131618130898,0.0,0.0
S048,8.5,8.985706537815911,173.48596136292105,171.73020814870412,1.0625,0.575
S048,9.0,8.567952139441266,173.73145398786747,171.9196691359239,2.125,1.15
S048,9.5,8.140689455515945,173.69221296330474,171.99451279467183,3.1875,1.7249999999999999
S048,10.0,7.844127059482457,173.935638770578,172.13596860488693,4.25,2.3
S048,10.5,7.332461217889583,174.1894070517267,172.35475607074005,5.3125,2.875
S048,11.0,7.453641290904826,174.36803262952924,172.48896230797442,6.375,3.4499999999999997
S048,11.5,6.894478408803317,174.36301572830064,172.64417918742586,7.4375,4.0249999999999995
S048,12.0,7.022374273628846,174.48752727984842,172.52960796711383,8.5,4.6
S048,12.5,6.492957655142812,174.61020408119882,172.7766170289764,8.5,5.0
S048,13.0,6.591594328488978,174.79000467123018,172.85231200631185,8.5,5.0
S048,13.5,6.672469962684925,174.72545654094947,172.90694010587026,8.5,5.0
S048,14.0,6.264285935856574,174.82775006441867,172.9730700612184,8.5,5.0
S048,14.5,6.6888952399534976,175.00457773894613,172.98973249003456,8.5,5.0
S048,15.0,6.184825677519425,175.04737290037386,173.15741902418145,8.5,5.0
S048,15.5,6.169998327755766,175.21383566176098,173.18477122646578,8.5,5.0
S048,16.0,6.49079217674405,175.21975852022246,173.1665149939079,8.5,5.0
S048,16.5,6.188728914763396,175.15710287013542,173.17113241786396,8.5,5.0
S048,17.0,6.186639661937792,175.17041106805033,173.38663326490604,8.5,5.0
S048,17.5,6.186354313453074,175.304367471943,173.35500745672894,8.5,5.0
S048,18.0,6.216247271976043,175.2717687584034,173.45459979502695,8.5,5.0
S048,18.5,6.165662912516112,175.3279695214967,173.5035483212797,8.5,5.0
S048,19.0,6.1286119274843305,175.51238175831458,173.5317284522923,8.5,5.0
S048,19.5,6.855242235333012,175.41085228106397,173.51740258629906,8.5,5.0
S048,20.0,6.3583044879549435,175.3185611556129,173.45958886820924,8.5,5.0
S048,20.5,6.011033911100005,175.4121326899546,173.6166612059687,8.5,5.0
S048,21.0,6.035064781548054,175.48302352477998,173.51585295536898,8.5,5.0
S048,21.5,6.516141120286191,175.46277783742133,173.4834117679789,8.5,5.0
S048,22.0,6.2831402719366345,175.60366172568945,173.3612581109509,8.5,5.0
S048,22.5,6.407525695567449,175.43272286225164,173.55309212684054,8.5,5.0
S048,23.0,6.381855453037696,175.59778199501886,173.57288662876246,8.5,5.0
S048,23.5,6.271427667832172,175.58473269005884,173.61211716347776,8.5,5.0
S048,24.0,6.409146095105528,175.5801479745688,173.64113020922127,8.5,5.0
S048,24.5,6.040690579658517,175.67182944633444,173.62675023476396,8.5,5.0
S048,25.0,6.430042067779546,175.71161984332363,173.61838101369776,8.5,5.0
S048,25.5,6.043657256923957,175.63801359237897,173.66803928485592,8.5,5.0
S048,26.0,6.0561927585729896,175.58508115703876,173.65194665058252,8.5,5.0
S048,26.5,6.37133080178177,175.51407166522367,173.68365212388133,8.5,5.0
S048,27.0,6.185373006885549,175.62452273611484,173.7277065719694,8.5,5.0
S048,27.5,6.275296573326761,175.65048098340205,173.76245434974325,8.5,5.0
S048,28.0,5.984820761885698,175.56707393659224,173.7882284945819,8.5,5.0
S048,28.5,6.517472033316224,175.62423738062276,173.7175825836972,8.5,5.0
S048,29.0,6.230637175051601,175.67679649017091,173.67995223109733,8.5,5.0
S048,29.5,6.354420001764043,175.60325991570008,173.7488053874057,8.5,5.0
S048,30.0,6.449802320753999,175.71028754700544,173.59222584962743,8.5,5.0
S049,0.0,101.37081106202666,164.985792564482,164.92380343722036,0.0,0.0
S049,0.5,80.95826682501082,165.75405870600142,165.71415312869053,0.0,0.0
S049,1.0,65.37742009319086,166.4943819794771,166.22970487002183,0.0,0.0
S049,1.5,52.294691152152055,167.2067752033737,167.01915404410468,0.0,0.0
S049,2.0,42.937590175837606,167.8877208882897,167.45003535603757,0.0,0.0
S049,2.5,34.90988060536408,168.56549710588038,168.05053810110084,0.0,0.0
S049,3.0,28.657373834271244,168.98979968582185,168.35459515412978,0.0,0.0
S049,3.5,23.936818421654678,169.47086920612787,168.7738799639153,0.0,0.0
S049,4.0,19.771832629973094,169.9233693858513,169.08185858483722,0.0,0.0
S049,4.5,16.510129026313404,170.38677378075562,169.401755477977,0.0,0.0
S049,5.0,14.187645734923208,170.6707669980026,169.87885848893072,0.0,0.0
S049,5.5,12.587274160136886,170.99212618493488,170.0671226908815,0.0,0.0
S049,6.0,10.91133276944011,171.31200417099996,170.2938016993524,0.0,0.0
S049,6.5,9.721133798386392,171.49650470220948,170.63360951604716,0.0,0.0
S049,7.0,9.10202583486374,171.8241957240146,170.87369403544216,0.0,0.0
S049,7.5,8.47096368524594,172.04373553489597,171.07460000138255,0.0,0.0
S049,8.0,7.848480332889289,172.375486487877,171.26769984053433,0.0,0.0
S049,8.5,6.918686203268676,172.51415682187996,171.48025768112743,1.0625,0.425
S049,9.0,6.713313209322152,172.7546522470092,171.6519605552335,2.125,0.85
S049,9.5,6.659309984189273,172.8320606465229,171.81150108400138,3.1875,1.275
S049,10.0,6.434200586083924,172.96904782895234,171.89622541842508,4.25,1.7
S049,10.5,5.9308234393188295,173.1344045346703,172.11112358836303,5.3125,2.125
S049,11.0,6.270251166664858,173.21345407812424,172.0047485032886,6.375,2.55
S049,11.5,5.797872358511516,173.34111242010437,172.30738248429293,7.4375,2.975
S049,12.0,5.8131531660739935,173.51497008813445,172.27472016453441,8.5,3.4
S049,12.5,5.339895859462121,173.48317636575214,172.446468526432,8.5,3.8249999999999997
S049,13.0,5.936090336119988,173.62702801843233,172.37944716734577,8.5,4.25
S049,13.5,5.375452731688369,173.71237998073363,172.65663543566893,8.5,4.675
S049,14.0,5.538620767142179,173.78626925596524,172.67716526812995,8.5,5.0
S049,14.5,5.691904998247762,173.7615063577346,172.6444321932999,8.5,5.0
S049,15.0,5.544524829702534,173.8691419671255,172.8639762799572,8.5,5.0
S049,15.5,5.488547338895767,173.8714183995427,172.7298926401297,8.5,5.0
S049,16.0,5.637092990678477,173.96925241336447,172.926520469336,8.5,5.0
S049,16.5,5.44575394837025,174.1903639674954,172.80730031490293,8.5,5.0
S049,17.0,5.585969000713824,174.0662105625636,172.9110499918824,8.5,5.0
S049,17.5,5.4010806322678775,174.1175627551842,173.07477294124135,8.5,5.0
S049,18.0,5.493342121611767,174.08725169311285,173.036702960599,8.5,5.0
S049,18.5,5.418239843767317,174.1954987840066,172.99071306099188,8.5,5.0
S049,19.0,5.674326356394027,174.2608338517769,173.03415543113275,8.5,5.0
S049,19.5,5.354906223169578,174.28464289471975,173.03994903665807,8.5,5.0
S049,20.0,5.62747673023283,174.298150022142,173.1135140177364,8.5,5.0
S049,20.5,5.768397116461726,174.2951245549358,173.2655260275726,8.5,5.0
S049,21.0,5.652297009334424,174.3167554919825,173.15102002934867,8.5,5.0
S049,21.5,5.522663064509734,174.29715732041623,173.23194268786906,8.5,5.0
S049,22.0,5.651389785536594,174.2784597252888,173.09099585562728,8.5,5.0
S049,22.5,5.56000360534048,174.3708728445275,173.1585213464155,8.5,5.0
S049,23.0,5.53215083966777,174.42137924052585,173.20053223746078,8.5,5.0
S049,23.5,5.577447961300491,174.53320312231415,173.22211519783988,8.5,5.0
S049,24.0,5.294588678785474,174.4705060791786,173.23556955082108,8.5,5.0
S049,24.5,5.402646807100095,174.53554921347768,173.36183280262046,8.5,5.0
S049,25.0,5.616357375362296,174.43789032092022,173.30752726523093,8.5,5.0
S049,25.5,5.390933184699145,174.50852365640563,173.38446067608348,8.5,5.0
S049,26.0,5.779743721527398,174.57615981412533,173.32798320551194,8.5,5.0
S049,26.5,5.539325204940702,174.46741237267574,173.08138102899957,8.5,5.0
S049,27.0,5.566032525298864,174.54595969837428,173.34502283903294,8.5,5.0
S049,27.5,5.589843002882046,174.4312828775583,173.30336416307162,8.5,5.0
S049,28.0,5.5125947194669624,174.52213928610612,173.2782486806279,8.5,5.0
S049,28.5,5.597824817781052,174.59874193868689,173.2247261302428,8.5,5.0
S049,29.0,5.451211456527243,174.52864796091734,173.23327044056697,8.5,5.0
S049,29.5,5.786442954316995,174.5201297719758,173.35402827825908,8.5,5.0
S049,30.0,5.500971639299395,174.40121988163602,173.3953519384293,8.5,5.0
S050,0.0,101.4762624292648,164.96680133064473,165.00733665757156,0.0,0.0
S050,0.5,80.23460407067162,165.72719227695623,165.55991616154395,0.0,0.0
S050,1.0,64.09121675840242,166.51526979141818,166.26349789341893,0.0,0.0
S050,1.5,51.26909502172022,167.19162643213141,166.83139968108486,0.0,0.0
S050,2.0,41.37772009393175,167.69452447703617,167.28709073757875,0.0,0.0
S050,2.5,33.72483166172592,168.21465439456404,167.84219664112658,0.0,0.0
S050,3.0,27.46974969157874,168.77465268574966,168.15138455161764,0.0,0.0
S050,3.5,22.649898424898282,169.1872530516312,168.67106512016343,0.0,0.0
S050,4.0,18.846865228856913,169.6013350375396,168.90582808330157,0.0,0.0
S050,4.5,15.712650514095762,169.86625004330782,169.33966370010376,0.0,0.0
S050,5.0,13.71771742696498,170.37495813150122,169.652696224116,0.0,0.0
S050,5.5,11.901354510254706,170.69258559699873,169.83853202671682,0.0,0.0
S050,6.0,10.405326505997552,170.8952900757705,170.1060354653887,0.0,0.0
S050,6.5,9.40139519619824,171.20606091589727,170.48239270267678,0.0,0.0
S050,7.0,8.758941511084126,171.32916748538872,170.67401556844212,0.0,0.0
S050,7.5,7.936912364722185,171.5933426265687,170.92271105366947,0.0,0.0
S050,8.0,7.150506813110792,171.8015071464025,170.99244748350736,0.0,0.0
S050,8.5,6.839278872044945,171.93162604701632,171.10381832020525,1.0625,0.5
S050,9.0,6.639386619106089,172.22653052974448,171.34897712121267,2.125,1.0
S050,9.5,6.360003592716182,172.35041593504835,171.39484486182218,3.1875,1.5
S050,10.0,6.096167263661837,172.41525259901258,171.54143178999374,4.25,2.0
S050,10.5,5.84607706655341,172.4474068685874,171.70414952149338,5.3125,2.5
S050,11.0,5.961881549408666,172.8370993400932,171.90917156837634,6.375,3.0
S050,11.5,5.674290537294624,172.77297254471358,171.85922027948936,7.4375,3.5
S050,12.0,5.988328900444976,172.89825937495112,171.98387355748605,8.5,4.0
S050,12.5,5.5959476181962176,173.00627924896534,172.19142203538658,8.5,4.5
S050,13.0,5.565697126646141,173.15141332272043,172.2127894414001,8.5,5.0
S050,13.5,5.6111691455129025,173.02672611923572,172.17772865334916,8.5,5.0
S050,14.0,5.628789973177196,173.1576983468152,172.2292610704229,8.5,5.0
S050,14.5,5.456691147208187,173.34872795522054,172.3427899483335,8.5,5.0
S050,15.0,5.633691249709512,173.31234195198095,172.47284009035337,8.5,5.0
S050,15.5,5.730638938199493,173.30090126711985,172.31104624611973,8.5,5.0
S050,16.0,5.353560695714082,173.50644602185514,172.55056801334214,8.5,5.0
S050,16.5,5.287116391367853,173.53849696064927,172.5874646966263,8.5,5.0
S050,17.0,5.346452074754238,173.46403111428356,172.50996722620258,8.5,5.0
S050,17.5,5.3336813040803515,173.56117190078646,172.57584247200467,8.5,5.0
S050,18.0,5.582679357538124,173.58772095207726,172.70777617178098,8.5,5.0
S050,18.5,5.3587920121326444,173.63865391212136,172.6652778274632,8.5,5.0
S050,19.0,5.277122428206965,173.61065506455816,172.58253132399074,8.5,5.0
S050,19.5,5.463447223385322,173.6612341429202,172.68218311439392,8.5,5.0
S050,20.0,5.324840430562416,173.57528804821047,172.65096185536615,8.5,5.0
S050,20.5,5.587513019816242,173.71080312426307,172.77937813792667,8.5,5.0
S050,21.0,5.657700077788577,173.73001722137056,172.72812717028927,8.5,5.0
S050,21.5,5.599904000749675,173.58472661716166,172.68938956640582,8.5,5.0
S050,22.0,5.265338852868057,173.81709526777715,172.8816190903123,8.5,5.0
S050,22.5,5.458389267404695,173.73840541908416,172.89203275631726,8.5,5.0
S050,23.0,5.560029002527022,173.6966615735488,172.85125538421448,8.5,5.0
S050,23.5,5.788948004102647,173.86117751245303,172.99584208433558,8.5,5.0
S050,24.0,5.35793675397851,173.8768048813691,172.95106616251493,8.5,5.0
S050,24.5,5.172162760946096,173.89109516174378,172.84438693864746,8.5,5.0
S050,25.0,5.597707005187695,173.84906317018337,172.89096747888553,8.5,5.0
S050,25.5,5.328436400855046,173.74654281154733,172.8876040470774,8.5,5.0
S050,26.0,5.249434390676475,173.71939487497602,172.96607176545916,8.5,5.0
S050,26.5,5.40273992276409,173.78078176951843,172.87671733298322,8.5,5.0
S050,27.0,5.440896173467064,173.65515286168787,172.94550319624278,8.5,5.0
S050,27.5,5.441074587864054,173.8290631827448,172.8400556224338,8.5,5.0
S050,28.0,5.315588363616866,173.8833268518105,172.90001856290812,8.5,5.0
S050,28.5,5.443072937580711,173.8131355722941,172.973947301984,8.5,5.0
S050,29.0,5.637689378938123,173.85782058289203,172.89896663175807,8.5,5.0
S050,29.5,5.287789123662389,174.0194572321936,173.10045707895918,8.5,5.0
S050,30.0,5.6712478619879905,173.90387225955342,172.93778554689385,8.5,5.0
S051,0.0,101.13148887097212,165.03936534517678,164.96397670200918,0.0,0.0
S051,0.5,82.5956923874017,165.87926349797849,165.66037653515812,0.0,0.0
S051,1.0,67.69068459049946,166.59094394106194,166.2644355539668,0.0,0.0
S051,1.5,55.78867111595019,167.31762495529108,166.8651998410554,0.0,0.0
S051,2.0,45.98413308972204,167.9361968746963,167.30675442070714,0.0,0.0
S051,2.5,37.93774125481418,168.54555958940242,167.74306124821766,0.0,0.0
S051,3.0,31.68348010901344,169.10414246586112,168.22541079450286,0.0,0.0
S051,3.5,26.98140669155034,169.63301577640524,168.57039113614778,0.0,0.0
S051,4.0,22.792246423274065,169.94574486701057,168.9642017466161,0.0,0.0
S051,4.5,19.56910034830265,170.4491441590228,169.21899977476266,0.0,0.0
S051,5.0,16.898467049828614,170.87053538683307,169.68764708392362,0.0,0.0
S051,5.5,14.90889461506928,171.19576447586837,169.84297301104561,0.0,0.0
S051,6.0,12.778018132170127,171.47095025429647,170.10651665621353,0.0,0.0
S051,6.5,11.909185674307752,171.77475452959683,170.3803300141239,0.0,0.0
S051,7.0,11.030677092821001,172.02649409880246,170.5714452174406,0.0,0.0
S051,7.5,9.57805499351002,172.29765897512362,170.7203311491133,0.0,0.0
S051,8.0,9.334277706271655,172.3868465695506,170.80979920650222,0.0,0.0
S051,8.5,8.490520572748606,172.64815673106082,171.1687101862901,1.0625,0.575
S051,9.0,8.388174349284053,172.91113291172397,171.22682277070336,2.125,1.15
S051,9.5,8.255238178437558,172.89273053459766,171.34296027343066,3.1875,1.7249999999999999
S051,10.0,7.4640700681395815,173.14389308572413,171.58426956584927,4.25,2.3
S051,10.5,7.5881338320297935,173.31580946484797,171.71148319470166,5.3125,2.875
S051,11.0,7.358339360639354,173.3177309585346,171.64079763189915,6.375,3.4499999999999997
S051,11.5,6.882072076379149,173.57154393516066,171.78346205504008,7.4375,4.0249999999999995
S051,12.0,6.7804725468580065,173.59000584154862,171.8712139963793,8.5,4.6
S051,12.5,6.608391892926678,173.6919127845381,172.10274143155496,8.5,5.0
S051,13.0,6.5320454998489,173.81986035339006,172.06129203357133,8.5,5.0
S051,13.5,6.604591719804564,173.90495869236162,172.19756138465934,8.5,5.0
S051,14.0,6.637056476266449,174.09480403810937,172.2204738570965,8.5,5.0
S051,14.5,6.6027631926501344,174.2208436753244,172.30653825506963,8.5,5.0
S051,15.0,6.659075298419587,174.16549450550255,172.33708764818363,8.5,5.0
S051,15.5,6.455928281790752,174.1275265261528,172.3571057496599,8.5,5.0
S051,16.0,6.317307603989051,174.1888507172506,172.53084721397784,8.5,5.0
S051,16.5,6.427925800996199,174.32540384328163,172.41179135792896,8.5,5.0
S051,17.0,6.490050517804082,174.29135707964505,172.38459175873714,8.5,5.0
S051,17.5,6.45856465386791,174.38473723810912,172.58457742074503,8.5,5.0
S051,18.0,6.431756482518796,174.45082448280357,172.4522651859854,8.5,5.0
S051,18.5,6.601560523419967,174.41793091693742,172.7083592748437,8.5,5.0
S051,19.0,6.187404446226754,174.4657100582877,172.65713472470105,8.5,5.0
S051,19.5,6.513148471920952,174.63290247631278,172.53489414133176,8.5,5.0
S051,20.0,6.38002105394543,174.56771571518502,172.64499487478415,8.5,5.0
S051,20.5,6.587595418312721,174.49768415063025,172.69393539128066,8.5,5.0
S051,21.0,6.357226521427995,174.446972411296,172.67396907840546,8.5,5.0
S051,21.5,6.673877976389403,174.6431967497634,172.59319815200118,8.5,5.0
S051,22.0,6.129056055084856,174.4837554547146,172.78294003693216,8.5,5.0
S051,22.5,6.317493851442258,174.579941808591,172.7344528696109,8.5,5.0
S051,23.0,6.13249930169021,174.61509106088272,172.9907217633256,8.5,5.0
S051,23.5,6.166990947220695,174.7820049367027,172.84409929623362,8.5,5.0
S051,24.0,6.46685878921775,174.63321052841562,172.8410188765652,8.5,5.0
S051,24.5,6.4224290978933976,174.70798278929192,172.79770705809602,8.5,5.0
S051,25.0,6.448191426606281,174.6360425690752,172.80147030317838,8.5,5.0
S051,25.5,6.190889582830404,174.64697337433125,172.79344504371304,8.5,5.0
S051,26.0,6.271525416847188,174.622456582088,172.7940432499665,8.5,5.0
S051,26.5,6.454978261603831,174.88250740110846,172.77249401338867,8.5,5.0
S051,27.0,6.026873630633569,174.70906494969097,172.88417718004598,8.5,5.0
S051,27.5,6.348944608487154,174.6580062122987,172.8192269577441,8.5,5.0
S051,28.0,6.40464416450401,174.7416409019585,172.8481667075139,8.5,5.0
S051,28.5,6.318462850617777,174.52315471111382,172.88650436391208,8.5,5.0
S051,29.0,6.04595129279306,174.7253454005997,172.8924979668704,8.5,5.0
S051,29.5,6.335250815069934,174.65142163105986,172.9611481145654,8.5,5.0
S051,30.0,6.603521965594384,174.82670078894145,172.8895695748273,8.5,5.0
S052,0.0,101.03539349159392,164.9940265322465,164.95640013745663,0.0,0.0
S052,0.5,80.0128023466916,165.84235847069044,165.7114869944877,0.0,0.0
S052,1.0,63.43263820224699,166.49654043778696,166.1069035461457,0.0,0.0
S052,1.5,50.73843080413745,167.0841615642354,166.70661408050373,0.0,0.0
S052,2.0,40.54091743201738,167.8654120077615,167.3406009954445,0.0,0.0
S052,2.5,32.744704141486736,168.33996166429225,167.77495080926195,0.0,0.0
S052,3.0,26.515614117377005,168.93840308061928,168.28068001362104,0.0,0.0
S052,3.5,22.104058359992358,169.3892804055937,168.62212707556822,0.0,0.0
S052,4.0,18.36534286894252,169.89015869238702,168.94695646284094,0.0,0.0
S052,4.5,15.719009080130219,170.100608909897,169.24781406031474,0.0,0.0
S052,5.0,13.422726317816105,170.70612952548566,169.59581659733632,0.0,0.0
S052,5.5,11.538779618310533,170.81315554194035,170.0411861026678,0.0,0.0
S052,6.0,10.058642750119134,171.18136194595635,170.12487298893322,0.0,0.0
S052,6.5,9.308950861890875,171.44847005865543,170.4257707231305,0.0,0.0
S052,7.0,8.44769121795654,171.63612781381426,170.6714542941263,0.0,0.0
S052,7.5,7.555995852051597,171.8846072098603,170.81245922875755,0.0,0.0
S052,8.0,7.586503054801425,172.2341924240436,170.96502377493624,0.0,0.0
S052,8.5,6.450597808254618,172.33832926053344,171.26630899477678,1.0625,0.425
S052,9.0,6.58836363633923,172.49857765988682,171.41780044610164,2.125,0.85
S052,9.5,6.202297694463756,172.71837012847973,171.45808885808083,3.1875,1.275
S052,10.0,6.093957763443351,172.86871152877808,171.6300083298405,4.25,1.7
S052,10.5,6.193605056160325,172.9551130244725,171.689719225544,5.3125,2.125
S052,11.0,6.047457725497546,173.00706428243944,171.80654834298932,6.375,2.55
S052,11.5,5.597519281542885,173.09252416901458,171.87366227264948,7.4375,2.975
S052,12.0,5.944682462007001,173.18187482455895,171.92548021785444,8.5,3.4
S052,12.5,5.827129869760054,173.3682604368177,172.0376621846432,8.5,3.8249999999999997
S052,13.0,5.579763407649165,173.3797665337329,172.2419652590626,8.5,4.25
S052,13.5,5.845116057435055,173.50984089009017,172.27274469160812,8.5,4.675
S052,14.0,5.448208920057801,173.54843653499054,172.3218920250517,8.5,5.0
S052,14.5,5.664445013293637,173.69425650024698,172.29910261456132,8.5,5.0
S052,15.0,5.65772519428666,173.67420689934417,172.3285497795675,8.5,5.0
S052,15.5,6.030677438199775,173.84541095609143,172.4162653872205,8.5,5.0
S052,16.0,5.487350729047513,173.8524150874197,172.53828505372152,8.5,5.0
S052,16.5,5.739058319794096,173.86152995895569,172.4916405216629,8.5,5.0
S052,17.0,5.510285004200124,173.77047976983022,172.6417750893892,8.5,5.0
S052,17.5,5.635235462973558,173.9395709397122,172.7100240534515,8.5,5.0
S052,18.0,5.152837330631311,173.91527753800963,172.6028469285862,8.5,5.0
S052,18.5,5.763419536563301,173.97522973627565,172.513000849218,8.5,5.0
S052,19.0,5.629908318858047,173.99374428725991,172.78326958304174,8.5,5.0
S052,19.5,5.514880636851085,174.06659708355522,172.6628556429393,8.5,5.0
S052,20.0,5.442728894850343,173.94416683097148,172.79667988887317,8.5,5.0
S052,20.5,5.0706487769827255,174.04229278524448,172.77827072327338,8.5,5.0
S052,21.0,5.854669417403275,174.02889188231117,172.765369756905,8.5,5.0
S052,21.5,5.527941251089922,174.20041582282934,172.8179626679025,8.5,5.0
S052,22.0,5.452339785483791,174.06323936336727,172.81425779865702,8.5,5.0
S052,22.5,5.684971025176086,174.21132517037407,172.76402730114697,8.5,5.0
S052,23.0,5.561926363062359,174.19423360115195,172.8402792718941,8.5,5.0
S052,23.5,5.6007449149543165,174.08200782597763,172.94255106820071,8.5,5.0
S052,24.0,5.45212074851291,174.24182834328053,172.81071922506774,8.5,5.0
S052,24.5,5.569076456945948,174.26726001608486,172.82033157286347,8.5,5.0
S052,25.0,5.78996240833112,174.02157548447337,172.83882995002526,8.5,5.0
S052,25.5,5.381342132034745,174.31352221131635,173.03338846005835,8.5,5.0
S052,26.0,5.7122033093220015,174.15648153417675,172.98883550683843,8.5,5.0
S052,26.5,5.62442520154379,174.1489024795225,172.9343689573519,8.5,5.0
S052,27.0,5.664236787707063,174.18288365932466,172.8668201252879,8.5,5.0
S052,27.5,5.649039297916928,174.12662762089,173.0689195518325,8.5,5.0
S052,28.0,5.795673547755146,174.25201917473632,173.00326064476243,8.5,5.0
S052,28.5,5.4720930667190455,174.4432491538666,172.8934889800155,8.5,5.0
S052,29.0,5.570034552750176,174.2414837797604,173.07739693115425,8.5,5.0
S052,29.5,5.689799568977993,174.21440024712356,172.9503281020294,8.5,5.0
S052,30.0,5.590080174366371,174.26278627393452,173.00022505508076,8.5,5.0
S053,0.0,101.20131106201775,165.03792986672443,164.9221553244804,0.0,0.0
S053,0.5,81.83847018987811,165.96838645273363,165.6126611694929,0.0,0.0
S053,1.0,66.38297406128476,166.55270488676274,166.25483918409503,0.0,0.0
S053,1.5,54.05774062328241,167.28653508979414,166.94920093213142,0.0,0.0
S053,2.0,44.3467692002796,167.8053191150319,167.37678477519967,0.0,0.0
S053,2.5,36.440960717528185,168.43804777113797,167.76380682511675,0.0,0.0
S053,3.0,30.44814309410865,168.96637419507442,168.23097421994422,0.0,0.0
S053,3.5,25.414384616288647,169.47486920697352,168.68483110132277,0.0,0.0
S053,4.0,21.429201521553573,169.8426499356599,169.04241257163827,0.0,0.0
S053,4.5,18.103803727247634,170.25486688930025,169.453406694238,0.0,0.0
S053,5.0,15.642933231238008,170.7086169093198,169.69802690114562,0.0,0.0
S053,5.5,13.688812863190037,170.9933553318341,170.00162795131718,0.0,0.0
S053,6.0,12.084215819575185,171.3918140752532,170.36726412705,0.0,0.0
S053,6.5,11.01786265303985,171.54430576658706,170.42983149697636,0.0,0.0
S053,7.0,9.803128200252432,171.85765949669926,170.61521509341293,0.0,0.0
S053,7.5,8.978113928592226,171.97226257238682,170.86078316451923,0.0,0.0
S053,8.0,8.440950761927475,172.15805707167215,171.02435532997634,0.0,0.0
S053,8.5,8.176681172178085,172.38248399312135,171.22560260811372,1.0625,0.5
S053,9.0,7.625744874460832,172.6336498357121,171.432701854535,2.125,1.0
S053,9.5,7.1945686596171905,172.8565535574168,171.3893047347176,3.1875,1.5
S053,10.0,6.711930165457413,172.8602418881513,171.7300839008403,4.25,2.0
S053,10.5,6.529580885600912,173.0418487334357,171.86504364285886,5.3125,2.5
S053,11.0,6.573105238187546,173.20987520896253,171.872019735111,6.375,3.0
S053,11.5,6.555994465066117,173.2907929981203,171.87269875714938,7.4375,3.5
S053,12.0,6.144573262708958,173.43858579290833,172.2766486238487,8.5,4.0
S053,12.5,6.580234705691265,173.43673530827684,172.1432642497552,8.5,4.5
S053,13.0,6.287454401651637,173.62471408430122,172.2801040581073,8.5,5.0
S053,13.5,5.881188480374604,173.61027729291402,172.3341140413785,8.5,5.0
S053,14.0,6.401007148547012,173.7203800112356,172.39452113103238,8.5,5.0
S053,14.5,5.694688122443714,173.82385399669997,172.5217417934873,8.5,5.0
S053,15.0,6.01601130387812,173.85847478285064,172.45255083823278,8.5,5.0
S053,15.5,5.903751979005832,173.9231808536911,172.63435547346182,8.5,5.0
S053,16.0,5.864692448521548,174.0780472410934,172.75149363829135,8.5,5.0
S053,16.5,6.203618489540345,173.94317683314844,172.51249854168182,8.5,5.0
S053,17.0,5.800119360884949,174.06069242845535,172.70825200595502,8.5,5.0
S053,17.5,6.0330863203959675,174.1255283816277,172.64646956105233,8.5,5.0
S053,18.0,5.95418969713581,174.10092939339933,172.559559916268,8.5,5.0
S053,18.5,5.818311700514763,174.05425850373834,172.80199908162888,8.5,5.0
S053,19.0,5.840995149630379,174.03885088215864,172.8100153461486,8.5,5.0
S053,19.5,5.939846068240929,174.1996471196486,172.8654293089668,8.5,5.0
S053,20.0,5.862522299781249,174.17412909620296,172.77675504550794,8.5,5.0
S053,20.5,5.855337154469987,174.15891030787571,172.7952934252576,8.5,5.0
S053,21.0,5.510425298206227,174.11713759302756,172.87063606774305,8.5,5.0
S053,21.5,5.8010306812728505,174.2784056912561,172.89738290164632,8.5,5.0
S053,22.0,6.044489400765985,174.29073090062238,172.84661852722834,8.5,5.0
S053,22.5,5.747669530929766,174.29325854836313,172.95139424377908,8.5,5.0
S053,23.0,6.2194357815638135,174.31316899641268,172.95091196368415,8.5,5.0
S053,23.5,5.792739578152723,174.37413138437088,173.00074641610644,8.5,5.0
S053,24.0,5.71809578856967,174.30723211449455,173.1265147693917,8.5,5.0
S053,24.5,5.8922345441347135,174.36722298679788,173.12325833931175,8.5,5.0
S053,25.0,5.847369648865607,174.37254141614815,172.98958161567953,8.5,5.0
S053,25.5,6.028952304679953,174.404653590562,173.06100491762828,8.5,5.0
S053,26.0,5.842671155216274,174.46070035938405,172.96116663176477,8.5,5.0
S053,26.5,5.880064690586834,174.39233118675637,173.1750858765752,8.5,5.0
S053,27.0,5.9024413325289125,174.36613125337146,173.07041569974774,8.5,5.0
S053,27.5,5.811309533069601,174.46663400601992,172.99501378795256,8.5,5.0
S053,28.0,5.547528897172108,174.27690001555777,173.15167702178294,8.5,5.0
S053,28.5,5.873067291329727,174.34656658442825,173.16569030379208,8.5,5.0
S053,29.0,5.8204057289648965,174.3879794147993,173.05330500366028,8.5,5.0
S053,29.5,5.712468384248825,174.54174398714056,172.92738172273323,8.5,5.0
S053,30.0,6.089100121027323,174.42289854407008,173.0725534167366,8.5,5.0
S054,0.0,101.24991889553027,165.0860378287576,164.90973431833476,0.0,0.0
S054,0.5,81.5489251032361,165.8610137896058,165.78560034747957,0.0,0.0
S054,1.0,66.273750401736,166.5864742164571,166.37605806504527,0.0,0.0
S054,1.5,53.176741921461456,167.46894330997745,166.97146309831024,0.0,0.0
S054,2.0,43.246614875694526,168.20113004458776,167.4664458187188,0.0,0.0
S054,2.5,35.60665669495461,168.7254646659445,167.9967506574132,0.0,0.0
S054,3.0,29.524447580441972,169.15064243194357,168.40192978024206,0.0,0.0
S054,3.5,24.502003269920067,169.7117705574351,168.9991324264927,0.0,0.0
S054,4.0,20.283537581983847,170.2051708036487,169.25944425306798,0.0,0.0
S054,4.5,16.967232504260636,170.67351273928787,169.61855045922624,0.0,0.0
S054,5.0,14.888911000694126,171.11470413475286,170.11145223735642,0.0,0.0
S054,5.5,12.947600699608138,171.4270557517374,170.43691729190178,0.0,0.0
S054,6.0,11.25929193455917,171.79198973228796,170.56995898440437,0.0,0.0
S054,6.5,9.944486933393659,172.06899284754058,170.85106372272935,0.0,0.0
S054,7.0,9.025585277014777,172.34217580291718,170.96858756179216,0.0,0.0
S054,7.5,8.429561136796046,172.46738037805787,171.2805529070797,0.0,0.0
S054,8.0,7.62782144486479,172.69165862430816,171.4031636108061,0.0,0.0
S054,8.5,7.413521261834472,173.1376437039155,171.76678447809448,1.0625,0.575
S054,9.0,7.053565151764807,173.07309568314994,171.85533839229112,2.125,1.15
S054,9.5,6.849973813956755,173.36108690301256,172.02756854318048,3.1875,1.7249999999999999
S054,10.0,6.635298613319377,173.58897645852963,172.18498960100132,4.25,2.3
S054,10.5,6.433489456863008,173.60483902131926,172.16382905332244,5.3125,2.875
S054,11.0,5.95268623297479,173.71195345143963,172.4152729165493,6.375,3.4499999999999997
S054,11.5,5.908693775469966,173.91005356733172,172.42208588976,7.4375,4.0249999999999995
S054,12.0,6.027912198624876,174.03424450352105,172.6070952017874,8.5,4.6
S054,12.5,5.575996962047599,174.1356532654206,172.72959475840395,8.5,5.0
S054,13.0,5.423288264185416,174.19482838237732,172.7751041997675,8.5,5.0
S054,13.5,5.540905514274762,174.26674071091685,172.77808037226754,8.5,5.0
S054,14.0,5.315709136993234,174.3905342462227,172.87877977913297,8.5,5.0
S054,14.5,5.732359497878518,174.33585927470267,172.97273902986177,8.5,5.0
S054,15.0,5.412398293013456,174.50487485885492,172.9660759201536,8.5,5.0
S054,15.5,5.315364925491516,174.50581340961546,172.9873179489999,8.5,5.0
S054,16.0,5.61059105144735,174.6146251569687,172.9786269948737,8.5,5.0
S054,16.5,5.772586326982812,174.69441338873864,173.1032580471244,8.5,5.0
S054,17.0,5.784612688367931,174.68579628159696,173.345486406982,8.5,5.0
S054,17.5,5.6244804174800365,174.67676243054893,173.36247401497948,8.5,5.0
S054,18.0,5.603444036223131,174.8508982298081,173.32290806481308,8.5,5.0
S054,18.5,5.608420936719649,174.75074809512554,173.33647970379795,8.5,5.0
S054,19.0,5.189710382777328,174.89445405680945,173.35475638970917,8.5,5.0
S054,19.5,5.791155795824972,174.95877796351448,173.47479690097384,8.5,5.0
S054,20.0,5.732994368524669,174.86534381309872,173.36832771528515,8.5,5.0
S054,20.5,5.5628600450499,174.78300575716074,173.39540469305047,8.5,5.0
S054,21.0,5.645284808750588,174.93040337475776,173.46367663218706,8.5,5.0
S054,21.5,5.518613483537308,174.97910595020764,173.34146499501048,8.5,5.0
S054,22.0,5.268644843875861,174.78585373462715,173.52024447031306,8.5,5.0
S054,22.5,5.18876787537719,174.91538987270485,173.38841949414794,8.5,5.0
S054,23.0,5.547370488311328,174.99333026779362,173.4277876683601,8.5,5.0
S054,23.5,5.679360193618842,175.10925577459813,173.53472132927143,8.5,5.0
S054,24.0,5.362245376052403,175.07496639092292,173.39087815327647,8.5,5.0
S054,24.5,5.637910589653849,174.9393315598989,173.51050604946533,8.5,5.0
S054,25.0,5.736579871308276,175.10380341852866,173.6275746325689,8.5,5.0
S054,25.5,5.234025610762941,175.03648977098305,173.60548562117467,8.5,5.0
S054,26.0,5.586318749075989,175.0941595630855,173.5003120491121,8.5,5.0
S054,26.5,5.506568433203537,175.15779038093666,173.50281449806053,8.5,5.0
S054,27.0,5.393040476117893,175.16339926420173,173.7034961168767,8.5,5.0
S054,27.5,5.486204671056057,175.05814843952595,173.5442487760849,8.5,5.0
S054,28.0,5.653428266046274,174.98495537763344,173.65795414435698,8.5,5.0
S054,28.5,5.5389162088828385,175.12359560942247,173.6413132961359,8.5,5.0
S054,29.0,5.506615894661094,175.11789841982898,173.65140395135597,8.5,5.0
S054,29.5,5.612752406180396,175.2510724757486,173.69032918425526,8.5,5.0
S054,30.0,5.646194871648385,175.1283732620456,173.57052741301288,8.5,5.0
S055,0.0,101.4466410140208,164.9908237204402,164.9204101491243,0.0,0.0
S055,0.5,80.94835355045923,165.88318062036387,165.77795871766165,0.0,0.0
S055,1.0,64.86889145688058,166.7230823951669,166.48210699051106,0.0,0.0
S055,1.5,52.05276258576929,167.3578690891951,167.04928450278797,0.0,0.0
S055,2.0,42.537164449031565,168.01654895493388,167.62770509178384,0.0,0.0
S055,2.5,34.379720612256484,168.4907854072189,168.03709966421314,0.0,0.0
S055,3.0,28.014037990546203,169.18867123293558,168.56977308039282,0.0,0.0
S055,3.5,23.535741016676624,169.55876161209102,169.05055029666545,0.0,0.0
S055,4.0,19.47427332487514,169.9833445677209,169.51141385762492,0.0,0.0
S055,4.5,16.76208287070967,170.43466016247942,169.75907225253562,0.0,0.0
S055,5.0,14.47747364574562,170.8568835663308,170.16944186153623,0.0,0.0
S055,5.5,12.695203608344833,171.3370536009615,170.48596506632484,0.0,0.0
S055,6.0,10.873660655499965,171.4858629623334,170.72474357043154,0.0,0.0
S055,6.5,9.92831983576843,171.86990703165344,171.09350120335492,0.0,0.0
S055,7.0,9.18020892422707,172.05636704436552,171.1017359483154,0.0,0.0
S055,7.5,7.870199464730684,172.389125691269,171.37627458547024,0.0,0.0
S055,8.0,7.744999046985811,172.71445158573917,171.65847898860966,0.0,0.0
S055,8.5,7.410496772241646,172.64746933036568,171.86539462543993,1.0625,0.425
S055,9.0,6.753577415752855,172.90589369607355,171.98420136175022,2.125,0.85
S055,9.5,6.900330989736124,173.20429206433568,172.0234086356192,3.1875,1.275
S055,10.0,6.449770044523192,173.2181153368419,172.25515369535051,4.25,1.7
S055,10.5,6.360150652946518,173.40581718602257,172.3925714396146,5.3125,2.125
S055,11.0,6.0947718207943815,173.59133150384284,172.4444534265162,6.375,2.55
S055,11.5,6.364076187573285,173.54388566621606,172.53119551545456,7.4375,2.975
S055,12.0,6.065626871005256,173.70316595189948,172.69019044522338,8.5,3.4
S055,12.5,5.856969512236303,173.97948825856457,172.8291648442617,8.5,3.8249999999999997
S055,13.0,5.55332208061002,173.94061166498525,172.92527083152328,8.5,4.25
S055,13.5,5.662154308808736,173.9367209232416,172.9287020448301,8.5,4.675
S055,14.0,5.706071997495889,174.0835678846051,173.12412690375183,8.5,5.0
S055,14.5,5.669586320888822,174.2072176654356,173.17164087912744,8.5,5.0
S055,15.0,5.632635346208193,174.12968055333548,173.17376113793446,8.5,5.0
S055,15.5,6.025826978858042,174.28519065912536,173.22124843913122,8.5,5.0
S055,16.0,5.680240703119359,174.42012926488928,173.24998216877415,8.5,5.0
S055,16.5,5.902386363952397,174.38858321235284,173.2785328932632,8.5,5.0
S055,17.0,5.739426129100055,174.44927424280286,173.35424071653074,8.5,5.0
S055,17.5,5.917391776954515,174.40793311091926,173.45507998540927,8.5,5.0
S055,18.0,5.911809721939812,174.4161436542514,173.38869209779838,8.5,5.0
S055,18.5,5.719945722231615,174.58661555306563,173.52717634292253,8.5,5.0
S055,19.0,5.7586238055515055,174.52537424836038,173.44445180195922,8.5,5.0
S055,19.5,5.679220662714801,174.51530811068815,173.56634479260006,8.5,5.0
S055,20.0,5.617678351383011,174.54391504332844,173.69455029209993,8.5,5.0
S055,20.5,5.7926387583697485,174.6412290034113,173.65492609234062,8.5,5.0
S055,21.0,5.727411215823978,174.681626081989,173.64428628197388,8.5,5.0
S055,21.5,6.080374238890043,174.61811232693657,173.61779295665147,8.5,5.0
S055,22.0,5.970667490257016,174.66334314091168,173.48305774036368,8.5,5.0
S055,22.5,5.5969664544611994,174.73725008400723,173.64596149199798,8.5,5.0
S055,23.0,5.583844722429165,174.69208112193755,173.6168053264081,8.5,5.0
S055,23.5,5.6823837241069475,174.73725622811423,173.76525384409229,8.5,5.0
S055,24.0,5.2581911232683725,174.6975282357023,173.69002278096724,8.5,5.0
S055,24.5,5.455505271218935,174.78866922189772,173.7397572068303,8.5,5.0
S055,25.0,6.178154150878456,174.8983776566226,173.85574915454455,8.5,5.0
S055,25.5,5.6187916675661,174.65987932410576,173.70048752336928,8.5,5.0
S055,26.0,5.882859930988965,174.761233260644,173.70521423631232,8.5,5.0
S055,26.5,5.499914820919929,174.72722050841932,173.74506281939404,8.5,5.0
S055,27.0,5.446729266507183,174.86615147074264,173.84113156340692,8.5,5.0
S055,27.5,5.744184485873366,174.85108381716424,173.73341609592475,8.5,5.0
S055,28.0,5.842393378642525,174.80947115024313,173.71887907857288,8.5,5.0
S055,28.5,5.773628237057148,174.6631212157201,173.8676285091172,8.5,5.0
S055,29.0,5.734789918713587,174.770225232266,173.79873018514257,8.5,5.0
S055,29.5,5.437336443250706,174.7898283092333,173.79282110217383,8.5,5.0
S055,30.0,6.005873928334242,174.82612727226237,173.7811022084081,8.5,5.0
S056,0.0,100.925032642933,164.9957955200852,165.07128678230137,0.0,0.0
S056,0.5,79.13858831549122,165.7104688098375,165.58413426085767,0.0,0.0
S056,1.0,61.62697802028155,166.73768622529454,166.2860809936754,0.0,0.0
S056,1.5,48.97842937325706,167.10471029500385,166.79305886937297,0.0,0.0
S056,2.0,38.791387174723965,167.77761304060547,167.31031717613615,0.0,0.0
S056,2.5,30.914872591459776,168.34753097813868,167.83000764811058,0.0,0.0
S056,3.0,24.654992632659464,168.75997279680445,168.14514512210283,0.0,0.0
S056,3.5,20.441582242448682,169.1732540367571,168.58326440110528,0.0,0.0
S056,4.0,16.269340484595702,169.53108422140951,168.92209274499123,0.0,0.0
S056,4.5,13.82590692661386,170.0624053934186,169.1037327092121,0.0,0.0
S056,5.0,11.629250541534814,170.3572742947403,169.5445732025335,0.0,0.0
S056,5.5,9.711302168138923,170.68394491888782,169.88691622519917,0.0,0.0
S056,6.0,8.510752740456008,170.9637800594102,170.01035746369328,0.0,0.0
S056,6.5,7.595874577670669,171.26657113862115,170.31357374891678,0.0,0.0
S056,7.0,7.0501937681530205,171.3829358183022,170.4545279615346,0.0,0.0
S056,7.5,5.978703765794366,171.5494829474225,170.5563011782212,0.0,0.0
S056,8.0,5.680812765369161,171.7901666454506,170.62494945870898,0.0,0.0
S056,8.5,5.395847729203007,172.18162171313622,171.06902710355544,1.0625,0.5
S056,9.0,5.3932680434830935,172.18686527330902,171.23812134086376,2.125,1.0
S056,9.5,5.17107407004875,172.3391003306163,171.24832884124987,3.1875,1.5
S056,10.0,4.729867294329254,172.43164580520482,171.55563832918722,4.25,2.0
S056,10.5,4.674381497566227,172.61327225733191,171.56769809287135,5.3125,2.5
S056,11.0,4.454918567428604,172.7030229908366,171.7564499443809,6.375,3.0
S056,11.5,4.417718700247122,172.75531734382386,171.9452239574242,7.4375,3.5
S056,12.0,4.454756488893892,173.00116111439044,171.79662949395825,8.5,4.0
S056,12.5,4.54651331600255,172.965509620728,171.86262670337203,8.5,4.5
S056,13.0,4.413029783114915,173.27892105227568,172.0387754822286,8.5,5.0
S056,13.5,4.139417043064519,173.11940377173485,172.12248969624642,8.5,5.0
S056,14.0,4.479186023871654,173.16906190826103,172.1346797672544,8.5,5.0
S056,14.5,3.9797184715218394,173.33666082716405,172.27069952944615,8.5,5.0
S056,15.0,4.515103837109947,173.21520938451934,172.337707773279,8.5,5.0
S056,15.5,4.243500222546497,173.35796160164867,172.3919531495265,8.5,5.0
S056,16.0,4.224710993283463,173.46021491181494,172.42906745184777,8.5,5.0
S056,16.5,4.358679947933662,173.5059865992332,172.30256019204123,8.5,5.0
S056,17.0,4.230065648006113,173.46434459651317,172.45215197055873,8.5,5.0
S056,17.5,3.9410440630106955,173.70771153729342,172.45916090420178,8.5,5.0
S056,18.0,4.300215528869085,173.58066509754363,172.51647877290776,8.5,5.0
S056,18.5,4.278866788079748,173.73756310628656,172.52938510622172,8.5,5.0
S056,19.0,4.245221580682584,173.50932968872303,172.62767510949507,8.5,5.0
S056,19.5,4.598332451422691,173.66120627080863,172.65770766465053,8.5,5.0
S056,20.0,4.333208044594246,173.70347414100328,172.68672957129482,8.5,5.0
S056,20.5,4.068403299503315,173.62731349325702,172.5922562668537,8.5,5.0
S056,21.0,4.097628789083123,173.624588796486,172.7246263632294,8.5,5.0
S056,21.5,4.156441979178112,173.771808085393,172.61270002552203,8.5,5.0
S056,22.0,4.314583091278035,173.67823376360352,172.72747485020662,8.5,5.0
S056,22.5,4.2688925633980155,173.6889684746839,172.710099154786,8.5,5.0
S056,23.0,4.299727484734491,173.82371810771897,172.62496071101316,8.5,5.0
S056,23.5,3.974753196990345,173.9168858825349,172.73101943493657,8.5,5.0
S056,24.0,4.292710325466292,173.7969493408624,172.8383439269591,8.5,5.0
S056,24.5,4.373092774229536,173.79311746372574,172.70890904549057,8.5,5.0
S056,25.0,4.339060996209657,173.82178646411433,172.61648975379185,8.5,5.0
S056,25.5,3.968911982232204,173.82308024298686,172.68608728842113,8.5,5.0
S056,26.0,4.215878756064201,173.81868647786854,172.7239247110378,8.5,5.0
S056,26.5,4.545997773717488,173.73183543505175,172.7999587251733,8.5,5.0
S056,27.0,3.9796375204873957,173.89319604582752,172.72062471358416,8.5,5.0
S056,27.5,4.10349995125629,173.71540070966344,172.8293964103811,8.5,5.0
S056,28.0,4.414332353318452,173.9401517201465,172.8398894973477,8.5,5.0
S056,28.5,4.277754648229693,174.00238256340123,172.84427918134332,8.5,5.0
S056,29.0,4.338997810341774,173.89285809035016,172.9177403886572,8.5,5.0
S056,29.5,4.56114775838601,173.857802658678,172.78327326513707,8.5,5.0
S056,30.0,4.128967358115175,173.75753520676858,172.76728005969608,8.5,5.0
S057,0.0,101.19194034187684,165.0261667017752,165.0018039433985,0.0,0.0
S057,0.5,77.25058063149967,165.78258598377948,165.58627875500076,0.0,0.0
S057,1.0,59.255399772028476,166.64753978406046,166.33735910487684,0.0,0.0
S057,1.5,45.605906023385366,167.15212828215155,166.82642825544067,0.0,0.0
S057,2.0,35.60503899272051,167.83900886398482,167.34956413324946,0.0,0.0
S057,2.5,28.19931308264049,168.2990231537894,167.86760504362164,0.0,0.0
S057,3.0,22.209510870866215,168.87192778088215,168.22882550993634,0.0,0.0
S057,3.5,18.020974962080878,169.34021688982148,168.5804900172115,0.0,0.0
S057,4.0,14.803360058002133,169.5100867985366,169.17235234321612,0.0,0.0
S057,4.5,12.333085499172261,169.97639660165208,169.37106461464543,0.0,0.0
S057,5.0,10.24330622539382,170.28904436508492,169.81549476894216,0.0,0.0
S057,5.5,8.595388705826094,170.751869930385,170.11874547801494,0.0,0.0
S057,6.0,7.559928193999667,171.0438131074638,170.2118056342096,0.0,0.0
S057,6.5,6.926317725946466,171.32577967044958,170.37319055377367,0.0,0.0
S057,7.0,6.6746083385983574,171.65526371776585,170.67304729399444,0.0,0.0
S057,7.5,5.971932337701751,171.77463907085522,170.8032513528903,0.0,0.0
S057,8.0,5.64372971775116,171.94328616611128,171.12324372350722,0.0,0.0
S057,8.5,5.24828249175244,172.1259923630595,171.09226877633557,1.0625,0.575
S057,9.0,4.795147722252326,172.31036129048348,171.47448697252202,2.125,1.15
S057,9.5,4.567325923044661,172.45912897817587,171.50386778350912,3.1875,1.7249999999999999
S057,10.0,4.853605638031354,172.66668142555832,171.8273457909965,4.25,2.3
S057,10.5,4.757984990159159,172.65889456836274,171.77510600182381,5.3125,2.875
S057,11.0,4.65251498490161,172.85482437585657,171.94985503744607,6.375,3.4499999999999997
S057,11.5,4.704591612212708,172.95255123544376,172.09427919374247,7.4375,4.0249999999999995
S057,12.0,4.732448868138851,173.07466418581677,171.95298761213948,8.5,4.6
S057,12.5,4.5704931566216755,173.13882554927602,172.2552793174644,8.5,5.0
S057,13.0,4.518683444606033,173.32475935486687,172.30784919304332,8.5,5.0
S057,13.5,4.578687708603146,173.31311175489907,172.3446553746284,8.5,5.0
S057,14.0,4.630265234672234,173.32102971935535,172.34384667254773,8.5,5.0
S057,14.5,4.4279849933923465,173.3981599811281,172.58392916073586,8.5,5.0
S057,15.0,4.4563149917901566,173.3916539619067,172.62759105386132,8.5,5.0
S057,15.5,4.6298175297328,173.51659734123112,172.69933798724566,8.5,5.0
S057,16.0,4.583151966988182,173.56971862891237,172.57143168928602,8.5,5.0
S057,16.5,4.348069762914135,173.44748162293146,172.57469977489896,8.5,5.0
S057,17.0,4.438267498018948,173.82185401291878,172.66785720438173,8.5,5.0
S057,17.5,4.273971222749657,173.66875276854014,172.74869142038042,8.5,5.0
S057,18.0,4.270296823452272,173.7438190056513,172.68534145375355,8.5,5.0
S057,18.5,4.287016699112475,173.57928757748778,172.77456553412446,8.5,5.0
S057,19.0,4.294182612938598,173.84264998885712,172.7586137830403,8.5,5.0
S057,19.5,4.4879812532723875,173.73551261849207,172.717981725141,8.5,5.0
S057,20.0,4.4812669826145095,173.9424082644593,172.79781787244337,8.5,5.0
S057,20.5,4.3311059503821125,173.97504697780636,172.8090011749907,8.5,5.0
S057,21.0,4.45291865235882,173.94065016296418,172.9363834360922,8.5,5.0
S057,21.5,4.1812230087957625,173.9370307973153,172.8855312685913,8.5,5.0
S057,22.0,4.5712974054862405,173.79688485568062,172.86634684618528,8.5,5.0
S057,22.5,4.546636118729092,173.9263834540781,172.96351676446213,8.5,5.0
S057,23.0,4.554894512210711,173.96301390720495,172.93797763936914,8.5,5.0
S057,23.5,4.695190848563431,173.91506638758867,172.80072148070514,8.5,5.0
S057,24.0,4.317879890176507,173.98138898925225,172.9535221582738,8.5,5.0
S057,24.5,4.106939814405522,174.01265656639086,173.0519770366301,8.5,5.0
S057,25.0,4.291750072523063,173.93808983486994,173.04385470896517,8.5,5.0
S057,25.5,4.711141813723568,173.97381772629038,173.10281778333206,8.5,5.0
S057,26.0,4.577559681014175,174.0489887979192,172.96324547090637,8.5,5.0
S057,26.5,4.332051563954939,173.9396505342574,172.97405406863356,8.5,5.0
S057,27.0,4.349717591590135,173.97394183690156,172.97551878747257,8.5,5.0
S057,27.5,4.320722193597168,174.04894120031352,173.0476474451017,8.5,5.0
S057,28.0,4.341625053701954,173.98434813226228,173.0722987059554,8.5,5.0
S057,28.5,4.573247458386209,173.91629660379212,172.96430286457593,8.5,5.0
S057,29.0,4.693307472377682,174.14773443332368,172.952630065894,8.5,5.0
S057,29.5,4.454870559707857,173.94914368924083,173.02505360137175,8.5,5.0
S057,30.0,4.561558870946054,174.1365295880994,173.01865442103343,8.5,5.0
S058,0.0,101.07788524641674,164.92277761260746,165.04630781448154,0.0,0.0
S058,0.5,83.70057713108548,165.8437321760458,165.80028867001457,0.0,0.0
S058,1.0,70.07823318333035,166.64306254450645,166.2680823138449,0.0,0.0
S058,1.5,57.90801521542787,167.37635150233388,166.80571434487163,0.0,0.0
S058,2.0,49.16310409365951,167.89748546606071,167.3228479145137,0.0,0.0
S058,2.5,41.11079741156386,168.50761372492,167.8447323470422,0.0,0.0
S058,3.0,34.84569982245865,169.0696285812698,168.39366442500685,0.0,0.0
S058,3.5,29.466833366526327,169.49477137309765,168.67178812661447,0.0,0.0
S058,4.0,25.241010589506637,169.95720938873177,169.04431496890845,0.0,0.0
S058,4.5,22.177221276360772,170.57345126990728,169.51683542019381,0.0,0.0
S058,5.0,19.148902307120057,170.69774665697176,169.69216479501864,0.0,0.0
S058,5.5,17.012818921473364,171.09234154221016,170.0720131583289,0.0,0.0
S058,6.0,14.748241601713461,171.30063366419762,170.26046415538897,0.0,0.0
S058,6.5,13.60920195765493,171.74580550587288,170.47513975587714,0.0,0.0
S058,7.0,11.88396610920859,171.89817624557705,170.7367385118677,0.0,0.0
S058,7.5,10.99074154929629,172.06226715560447,170.76874317504635,0.0,0.0
S058,8.0,10.36986179659573,172.5091747936349,171.028967413564,0.0,0.0
S058,8.5,9.892795900449734,172.59486291395257,171.18132044461768,1.0625,0.425
S058,9.0,9.234113719851809,172.70726563138973,171.24286075601267,2.125,0.85
S058,9.5,8.565889081892248,172.95393010091348,171.57721006906732,3.1875,1.275
S058,10.0,8.394251895106358,173.10276590085874,171.57036697982687,4.25,1.7
S058,10.5,7.767557213778824,173.2706747898445,171.8413350059417,5.3125,2.125
S058,11.0,7.77289498235936,173.39274576167077,171.83515788237332,6.375,2.55
S058,11.5,7.694894120385591,173.50563890470116,172.0043709928601,7.4375,2.975
S058,12.0,6.996974933496074,173.6092275614938,172.04473690638858,8.5,3.4
S058,12.5,6.765290902892421,173.68611233308926,172.08606646071888,8.5,3.8249999999999997
S058,13.0,6.92866844806456,173.78287062576916,172.13818352622084,8.5,4.25
S058,13.5,6.9899347858671685,173.82221433586517,172.18778740545628,8.5,4.675
S058,14.0,7.0591139047595695,173.83889720365678,172.56454609811823,8.5,5.0
S058,14.5,7.19299621150841,173.83383960186836,172.29794552658916,8.5,5.0
S058,15.0,6.836675022855287,174.15933493571086,172.53070188650364,8.5,5.0
S058,15.5,6.779671225522217,173.86950387851707,172.58257946952747,8.5,5.0
S058,16.0,6.505924741137273,174.2588485075706,172.57512908588544,8.5,5.0
S058,16.5,6.578763869763759,174.18502347390054,172.70800900219106,8.5,5.0
S058,17.0,6.345645420317952,174.21586629517196,172.57279495992304,8.5,5.0
S058,17.5,6.677634044749118,174.2214900791785,172.59769346561336,8.5,5.0
S058,18.0,6.666264920683397,174.2939724931553,172.67200462053128,8.5,5.0
S058,18.5,6.229023425667105,174.24029958184718,172.77561172711023,8.5,5.0
S058,19.0,6.48641942232602,174.31716890239647,172.67948670351487,8.5,5.0
S058,19.5,6.626648863108622,174.37831957672756,172.72721823223205,8.5,5.0
S058,20.0,6.353398847322462,174.31140870205763,172.8917218184606,8.5,5.0
S058,20.5,6.9973893159684035,174.4171592830748,172.79993677461405,8.5,5.0
S058,21.0,6.634745937895387,174.41038988295347,172.93325848628655,8.5,5.0
S058,21.5,6.9519364443636755,174.44348722873403,172.90941677169866,8.5,5.0
S058,22.0,6.352958901266008,174.50856035203017,173.01888590140567,8.5,5.0
S058,22.5,6.466724895366537,174.3883437877938,173.0193954566752,8.5,5.0
S058,23.0,6.733400536189213,174.58925908224955,172.96291329360378,8.5,5.0
S058,23.5,6.532916736390242,174.48752268395086,172.84526508089908,8.5,5.0
S058,24.0,6.687508515416688,174.5666386159664,172.95017539926314,8.5,5.0
S058,24.5,6.327371428387776,174.40449054502827,172.90707541506242,8.5,5.0
S058,25.0,6.722415337319948,174.4716338518528,172.92917077575012,8.5,5.0
S058,25.5,6.2761631934114055,174.5080859330848,172.93952971644904,8.5,5.0
S058,26.0,6.537366680487174,174.57447543381917,172.96554247748318,8.5,5.0
S058,26.5,6.585729123303231,174.5338236593646,172.97515705642434,8.5,5.0
S058,27.0,6.58599668001123,174.43862476535685,172.8589772000409,8.5,5.0
S058,27.5,6.564221612100423,174.5029285915234,173.07399262965453,8.5,5.0
S058,28.0,6.438688771434599,174.5047383220954,172.97980028053288,8.5,5.0
S058,28.5,6.657735437519935,174.51125846402005,173.10821285118004,8.5,5.0
S058,29.0,6.690459505068113,174.73945372954844,172.96060724602475,8.5,5.0
S058,29.5,6.667533395189865,174.54121181439228,172.95089815297015,8.5,5.0
S058,30.0,6.695311252350443,174.46741920559546,173.00460886201165,8.5,5.0
S059,0.0,101.02972357820911,165.0572909355949,164.9427563008331,0.0,0.0
S059,0.5,76.83327037584664,165.80081406041484,165.63390765305223,0.0,0.0
S059,1.0,58.665732949850906,166.37491984486792,166.25752977445723,0.0,0.0
S059,1.5,44.775697060107156,167.17389304945542,166.88039918981556,0.0,0.0
S059,2.0,35.07137097259169,167.65913616019793,167.28322973778782,0.0,0.0
S059,2.5,26.92154270797802,168.13055418242345,167.74568376049757,0.0,0.0
S059,3.0,21.57426710386291,168.640641900657,168.22242679552807,0.0,0.0
S059,3.5,17.18202279246804,169.16164892126253,168.57307315095684,0.0,0.0
S059,4.0,13.775064557281224,169.53187178638987,168.89127482917078,0.0,0.0
S059,4.5,11.47143652821174,169.93449141400478,169.2958326340759,0.0,0.0
S059,5.0,9.668617399043468,170.33281741893103,169.52691274255895,0.0,0.0
S059,5.5,8.410558660294681,170.60313919547335,169.96050256265488,0.0,0.0
S059,6.0,7.520815747663767,170.8137687221736,170.1096010654366,0.0,0.0
S059,6.5,6.8047089507809195,171.01159353995482,170.34627270725596,0.0,0.0
S059,7.0,6.224646153791268,171.21737238347623,170.73869879946773,0.0,0.0
S059,7.5,5.831772045668044,171.46802422949978,170.79343838314094,0.0,0.0
S059,8.0,5.77905350221682,171.6925663820505,170.83588072405632,0.0,0.0
S059,8.5,4.944662384730117,171.92947802235162,171.31359402590834,1.0625,0.5
S059,9.0,4.56649519910621,171.97073782723615,171.33910360225389,2.125,1.0
S059,9.5,5.087117443218537,172.23252232645598,171.39427735178978,3.1875,1.5
S059,10.0,4.859883583802033,172.28556971095674,171.5050365553109,4.25,2.0
S059,10.5,4.68777968826462,172.39838914383844,171.7203501171598,5.3125,2.5
S059,11.0,4.377344340724651,172.55589482435465,171.85861380128537,6.375,3.0
S059,11.5,4.595081541058631,172.6678295542546,171.97351364397588,7.4375,3.5
S059,12.0,4.4956621911309735,172.71274703879203,171.91914182530004,8.5,4.0
S059,12.5,4.632956267953536,172.82503526481992,172.04542052374097,8.5,4.5
S059,13.0,4.825222200711284,172.95539185453202,172.17117602140408,8.5,5.0
S059,13.5,4.608000728983028,173.02852582416025,172.21805135968174,8.5,5.0
S059,14.0,4.434291645392333,172.86685141907344,172.22706662485595,8.5,5.0
S059,14.5,4.596845318917181,173.09904970348077,172.16763991142207,8.5,5.0
S059,15.0,4.401319614550657,173.2149446715252,172.3168121602258,8.5,5.0
S059,15.5,4.49798899598732,173.3200678860396,172.38835960905382,8.5,5.0
S059,16.0,4.3133438360762995,173.1731345894538,172.47501282131822,8.5,5.0
S059,16.5,4.440791561800299,173.3339102081162,172.55589605872316,8.5,5.0
S059,17.0,4.272374287354235,173.35333167919123,172.4839731143529,8.5,5.0
S059,17.5,4.03047094774013,173.42832506218042,172.50890635758645,8.5,5.0
S059,18.0,4.699429782292118,173.4650848238223,172.6058884174778,8.5,5.0
S059,18.5,4.3794665466908045,173.44007338315623,172.521285661092,8.5,5.0
S059,19.0,4.279771288540076,173.35640031256415,172.64207550024673,8.5,5.0
S059,19.5,4.367463324715138,173.37447247901358,172.70027578496772,8.5,5.0
S059,20.0,4.502226732047827,173.5021015522365,172.7717257605838,8.5,5.0
S059,20.5,4.56163857195799,173.4376436119765,172.6703113014563,8.5,5.0
S059,21.0,4.606985302142879,173.47588506675308,172.70158473104786,8.5,5.0
S059,21.5,4.706333282062386,173.51025020634626,172.78647402921604,8.5,5.0
S059,22.0,4.698790029368024,173.6404942801148,172.75966961448617,8.5,5.0
S059,22.5,4.188927502728197,173.65156440049856,172.7508413604413,8.5,5.0
S059,23.0,4.3540463963307054,173.61580780354785,172.91390358166367,8.5,5.0
S059,23.5,4.516034430327857,173.53731468603866,172.96012323682214,8.5,5.0
S059,24.0,4.423002287768779,173.77207808929208,173.00272100178103,8.5,5.0
S059,24.5,4.4776685040882045,173.63055805383405,172.819431456004,8.5,5.0
S059,25.0,4.434509051089518,173.67405604620183,172.73604930270082,8.5,5.0
S059,25.5,4.243664432310225,173.6380482799667,172.8942374135646,8.5,5.0
S059,26.0,4.758953440589608,173.69083927359205,172.87107316253753,8.5,5.0
S059,26.5,4.638287096890739,173.65471257235987,172.77990100059736,8.5,5.0
S059,27.0,4.464402821298676,173.57840484707398,172.95145554179047,8.5,5.0
S059,27.5,4.453948151233241,173.6165716647964,172.999755101281,8.5,5.0
S059,28.0,4.618676603554521,173.66512267681887,172.85856363373463,8.5,5.0
S059,28.5,4.313117493152286,173.7816282210527,173.00278347258373,8.5,5.0
S059,29.0,4.484853393277012,173.79730533681837,172.85086419522295,8.5,5.0
S059,29.5,4.411875655913155,173.68600227398738,173.00540047892287,8.5,5.0
S059,30.0,4.684685712080795,173.63695962075664,172.75948262729503,8.5,5.0
S060,0.0,101.23680833623993,165.01568176034218,164.98457443866428,0.0,0.0
S060,0.5,77.83256056943384,165.84170923696772,165.53797616026836,0.0,0.0
S060,1.0,60.041001188325,166.3809359069944,166.26545609746546,0.0,0.0
S060,1.5,46.334139822847405,167.1200648741336,166.71910386693733,0.0,0.0
S060,2.0,36.42329253512262,167.79917713715702,167.40023698703843,0.0,0.0
S060,2.5,28.698450477067563,168.30031899423082,167.6883135738856,0.0,0.0
S060,3.0,22.356838353536183,168.85022685337586,168.21772316019565,0.0,0.0
S060,3.5,18.12646458340987,169.23289094627634,168.7385838701412,0.0,0.0
S060,4.0,14.717276579207402,169.56463408286544,168.91923670590901,0.0,0.0
S060,4.5,12.330048258039076,169.95230066101325,169.18482918119085,0.0,0.0
S060,5.0,9.890072040477252,170.31038881105832,169.58181768674513,0.0,0.0
S060,5.5,8.82715359755029,170.46948586810944,169.9588563075807,0.0,0.0
S060,6.0,7.543048798247272,170.84118790198363,170.21121729034684,0.0,0.0
S060,6.5,6.788791392806365,171.2547201883386,170.38578451437937,0.0,0.0
S060,7.0,5.823753113401989,171.32739627279724,170.4586162800934,0.0,0.0
S060,7.5,5.461940713124556,171.50645805186767,170.68917548600584,0.0,0.0
S060,8.0,5.163054392239627,171.84808883816964,171.02744562285443,0.0,0.0
S060,8.5,4.6860766175192206,171.95381542312285,171.19697547669176,1.0625,0.575
S060,9.0,4.580737832619135,172.20404002557746,171.4185810051473,2.125,1.15
S060,9.5,4.540572669585174,172.1997511059415,171.44368861599187,3.1875,1.7249999999999999
S060,10.0,4.357287698185504,172.3694310379768,171.53182289913357,4.25,2.3
S060,10.5,4.705149403072932,172.66388029081898,171.65357315961813,5.3125,2.875
S060,11.0,4.379686615977769,172.6918580342091,171.81405183296968,6.375,3.4499999999999997
S060,11.5,4.2199283629480755,172.72552111479223,171.9387723096997,7.4375,4.0249999999999995
S060,12.0,4.196788697877533,172.9303364456556,171.92642555692598,8.5,4.6
S060,12.5,4.388191902484167,173.0287861909154,172.07647918244447,8.5,5.0
S060,13.0,4.2619657050241635,173.11728300243007,172.07842228806706,8.5,5.0
S060,13.5,4.115936914974446,173.0473380498819,172.25219510920314,8.5,5.0
S060,14.0,4.112680360005872,173.28315832463178,172.25782998106703,8.5,5.0
S060,14.5,4.269727349674246,173.15994334624466,172.3612993917644,8.5,5.0
S060,15.0,4.2550256725659725,173.33652944129952,172.4432623818683,8.5,5.0
S060,15.5,4.431794632977951,173.30006330524623,172.3621295988906,8.5,5.0
S060,16.0,4.230721249832453,173.49317179511456,172.4661960147918,8.5,5.0
S060,16.5,4.243368539082557,173.329276515853,172.4873764484119,8.5,5.0
S060,17.0,4.166538414013079,173.49994076456042,172.61248492310494,8.5,5.0
S060,17.5,3.8787690435662494,173.42320092422364,172.40532852351876,8.5,5.0
S060,18.0,3.9824526344267706,173.51127638029143,172.61667309584288,8.5,5.0
S060,18.5,3.960381458701155,173.68064475349365,172.7308517606028,8.5,5.0
S060,19.0,3.8751884292660455,173.5015916512906,172.69468650592057,8.5,5.0
S060,19.5,4.177735833195482,173.50572224820928,172.67717746208336,8.5,5.0
S060,20.0,4.465560144622341,173.63250869550035,172.8383892336432,8.5,5.0
S060,20.5,4.079933204376356,173.68889521386072,172.78972827245298,8.5,5.0
S060,21.0,4.098328493553965,173.65407942576186,172.7718541690789,8.5,5.0
S060,21.5,4.123537736609869,173.61678553735086,172.83560230740684,8.5,5.0
S060,22.0,4.002524762371901,173.72196737481792,172.86526223326612,8.5,5.0
S060,22.5,3.843369950667741,173.77426162291945,172.84369804146465,8.5,5.0
S060,23.0,4.0563132161976965,173.6951364437424,172.82990098000963,8.5,5.0
S060,23.5,4.120514796539346,173.72605425533698,172.8212271843526,8.5,5.0
S060,24.0,3.6143307638891615,173.80222616934256,173.0222479134924,8.5,5.0
S060,24.5,4.201857772876453,173.70339828898614,172.92942381350312,8.5,5.0
S060,25.0,3.919280192416829,173.80014625627769,172.889528218949,8.5,5.0
S060,25.5,3.9970660678533423,173.6923019745348,172.9952658571267,8.5,5.0
S060,26.0,4.20216713307376,173.8705056031228,173.0812881317071,8.5,5.0
S060,26.5,4.403214974210283,173.86383519381437,172.89348811567615,8.5,5.0
S060,27.0,4.4188321041217975,173.6360181917154,172.91116682082583,8.5,5.0
S060,27.5,4.083726095093973,173.89196493890014,173.03014265981955,8.5,5.0
S060,28.0,4.052765783376622,173.76729850395984,172.9484387114728,8.5,5.0
S060,28.5,4.1866543224487,173.87411675280111,172.90292740236325,8.5,5.0
S060,29.0,4.100807840737343,173.86078663128643,172.94634835304575,8.5,5.0
S060,29.5,4.134058627889324,173.73709680629165,173.02995323242627,8.5,5.0
S060,30.0,4.153186009466594,173.8964487386248,172.82705259058645,8.5,5.0
S061,0.0,101.40358163212592,164.9913803493461,165.00325470778446,0.0,0.0
S061,0.5,80.9877472362063,165.8591075413786,165.61177950842801,0.0,0.0
S061,1.0,64.50391049445007,166.5518710868797,166.15315185692378,0.0,0.0
S061,1.5,51.45732972314737,167.2693518531677,166.8917499550904,0.0,0.0
S061,2.0,41.15585862586147,167.89834191981396,167.36141484828119,0.0,0.0
S061,2.5,34.242814147686495,168.4435400836036,167.79458547978874,0.0,0.0
S061,3.0,27.550210630600674,169.00303490172203,168.1831095866438,0.0,0.0
S061,3.5,22.516039818616683,169.43850952632076,168.61577782684054,0.0,0.0
S061,4.0,18.888486469254822,169.7856079622596,168.90253092395614,0.0,0.0
S061,4.5,15.75877362325806,170.21386295637163,169.2029959783036,0.0,0.0
S061,5.0,13.19365356002083,170.6060051154055,169.53855586480555,0.0,0.0
S061,5.5,11.668605200174667,170.9351220119993,169.84520723404944,0.0,0.0
S061,6.0,10.003874211116063,171.15441483585914,170.28635316218978,0.0,0.0
S061,6.5,8.996091813014532,171.62903509235161,170.35626667115113,0.0,0.0
S061,7.0,8.32319976506102,171.79108200471472,170.5356764322116,0.0,0.0
S061,7.5,7.0862070040164,172.02102630301727,170.91397243395468,0.0,0.0
S061,8.0,6.884973572063907,172.2106313991169,170.9345034472253,0.0,0.0
S061,8.5,6.3508897349921805,172.46764663821276,171.14055430275872,1.0625,0.425
S061,9.0,6.020675532607635,172.6341571897659,171.319395218011,2.125,0.85
S061,9.5,5.859048264343521,172.87683830522198,171.4199857718346,3.1875,1.275
S061,10.0,5.661409574016567,172.95468319029555,171.38325344121412,4.25,1.7
S061,10.5,5.506467545889988,173.11149383586567,171.6073124482301,5.3125,2.125
S061,11.0,5.093228297831395,173.25844114853604,171.7069501147127,6.375,2.55
S061,11.5,5.097560031641583,173.36903022024973,171.85845987779675,7.4375,2.975
S061,12.0,5.155858909736836,173.41144147411563,172.02446825739864,8.5,3.4
S061,12.5,4.948470775314984,173.58512770659365,171.8521712800236,8.5,3.8249999999999997
S061,13.0,5.184945167309728,173.5466421896577,172.19834570822917,8.5,4.25
S061,13.5,4.871353017530952,173.82850022718802,172.1565662347318,8.5,4.675
S061,14.0,4.869511940718652,173.74227951811474,172.16238321607284,8.5,5.0
S061,14.5,4.883188311769142,173.82773159969963,172.22756970941393,8.5,5.0
S061,15.0,4.813359120722328,173.92139655418646,172.37917678612484,8.5,5.0
S061,15.5,4.748525232384342,173.83288949916314,172.41315626218267,8.5,5.0
S061,16.0,4.480573251613751,174.03838953627343,172.42954255527022,8.5,5.0
S061,16.5,4.530127507052945,173.9958726071098,172.41941667032106,8.5,5.0
S061,17.0,5.00118803602005,173.97769834274112,172.59117508379697,8.5,5.0
S061,17.5,4.760227868400028,174.175562369023,172.51895873946592,8.5,5.0
S061,18.0,4.639099430556934,174.12510986189332,172.6866433883208,8.5,5.0
S061,18.5,4.706740441089128,174.21185046587425,172.56844247450144,8.5,5.0
S061,19.0,4.621833270173814,174.17832663406458,172.5198958397877,8.5,5.0
S061,19.5,4.358837944564965,174.2379613628723,172.63111416484145,8.5,5.0
S061,20.0,4.764430935885019,174.0971322933775,172.7456239214424,8.5,5.0
S061,20.5,4.848035747514094,174.19542213344275,172.61722968491986,8.5,5.0
S061,21.0,4.723764054365058,174.2996799281779,172.68515636103973,8.5,5.0
S061,21.5,4.6539394624031365,174.42784569795327,172.68724409024514,8.5,5.0
S061,22.0,4.457918792035164,174.2449007069335,172.66609928093635,8.5,5.0
S061,22.5,4.963464710549928,174.366136137985,172.76419650010587,8.5,5.0
S061,23.0,4.684314675120912,174.26927821628695,172.9057948539831,8.5,5.0
S061,23.5,4.741520357419948,174.37754093180686,172.73225588421542,8.5,5.0
S061,24.0,4.74136390844541,174.3560375031754,172.7517471633664,8.5,5.0
S061,24.5,4.567639818726015,174.31925341376743,172.90693942927672,8.5,5.0
S061,25.0,5.030996766074593,174.28938939807244,172.86276728345888,8.5,5.0
S061,25.5,4.705797931117831,174.434275535705,172.88495760398357,8.5,5.0
S061,26.0,4.718388317742032,174.42334736289925,172.90407966360186,8.5,5.0
S061,26.5,4.638196756305922,174.26172538537227,172.83697386388866,8.5,5.0
S061,27.0,4.9784747980615975,174.4418206915936,172.9517785883059,8.5,5.0
S061,27.5,4.728283736983341,174.40588815393937,172.93245545233464,8.5,5.0
S061,28.0,4.952973848212872,174.41022261404962,172.89496411820267,8.5,5.0
S061,28.5,4.517305019298951,174.34328271921976,172.94065998016532,8.5,5.0
S061,29.0,4.864244643257426,174.43148749563343,172.93747594484196,8.5,5.0
S061,29.5,4.798191099195331,174.41429303795726,172.99084713170987,8.5,5.0
S061,30.0,4.62579559694988,174.41605386731135,172.9423326303787,8.5,5.0
S062,0.0,101.18305558558248,165.04420838886466,165.02200431275924,0.0,0.0
S062,0.5,77.25193986290145,165.8232362950019,165.69222991310437,0.0,0.0
S062,1.0,59.155301046935925,166.578030550234,166.36792659059515,0.0,0.0
S062,1.5,45.63871957935563,167.30121016846675,167.08467314676818,0.0,0.0
S062,2.0,35.685135406013785,167.933167146283,167.45887085124284,0.0,0.0
S062,2.5,27.394027196126373,168.3428673711831,168.1185009917635,0.0,0.0
S062,3.0,22.043784387390236,169.05320143077887,168.55771833265672,0.0,0.0
S062,3.5,17.918836418674285,169.36810517644003,168.93577057443346,0.0,0.0
S062,4.0,14.145512444666513,169.77486587845948,169.35363545632987,0.0,0.0
S062,4.5,11.930424202745106,170.23620232566935,169.76004931514726,0.0,0.0
S062,5.0,9.906359050325289,170.61888777115638,170.03805213993476,0.0,0.0
S062,5.5,8.237895972015549,170.97941068013856,170.36245424403592,0.0,0.0
S062,6.0,7.229034356864365,171.26368876388105,170.63504877883489,0.0,0.0
S062,6.5,6.440157716369812,171.38962737001725,170.81735158186282,0.0,0.0
S062,7.0,6.06640793031479,171.645215398029,171.11106469573846,0.0,0.0
S062,7.5,5.4449916152905145,171.93597603705766,171.4206059166982,0.0,0.0
S062,8.0,5.073041306874207,172.17462112627615,171.50434215615357,0.0,0.0
S062,8.5,4.8405263322462675,172.31307811085273,171.86784822842313,1.0625,0.5
S062,9.0,4.561169038185764,172.58048994884723,171.79442014549898,2.125,1.0
S062,9.5,4.612617903317534,172.65766267193177,171.96415848892804,3.1875,1.5
S062,10.0,4.274649673873646,172.69369612637212,172.1652530242114,4.25,2.0
S062,10.5,4.537995738643524,173.07664291546803,172.31966210243291,5.3125,2.5
S062,11.0,4.202711881835024,173.12919891582658,172.3742849710158,6.375,3.0
S062,11.5,4.300860547444614,173.23107462593825,172.5496790832301,7.4375,3.5
S062,12.0,4.623016315371001,173.2585939363758,172.6790158030647,8.5,4.0
S062,12.5,4.347379841723446,173.3906200680783,172.73518468428142,8.5,4.5
S062,13.0,4.375469090922381,173.4772561068366,172.84677743759346,8.5,5.0
S062,13.5,4.292166609415885,173.56838434085347,172.94427102818878,8.5,5.0
S062,14.0,4.068526352082142,173.70678802608333,172.97944960415273,8.5,5.0
S062,14.5,4.199905781948329,173.81485895787844,172.97638552964563,8.5,5.0
S062,15.0,4.070514115731013,173.82575452542446,173.07611967470658,8.5,5.0
S062,15.5,4.358548847637264,173.8283174392547,173.31062576633636,8.5,5.0
S062,16.0,4.142502840873149,173.88779648984527,173.22760180562287,8.5,5.0
S062,16.5,4.15005763912215,173.90391062610874,173.20961270535656,8.5,5.0
S062,17.0,4.086542120511734,173.9698252156381,173.2388901848464,8.5,5.0
S062,17.5,4.328271375688674,173.9517017535892,173.3121610401397,8.5,5.0
S062,18.0,3.9927069668861983,173.96346360208653,173.49344650201166,8.5,5.0
S062,18.5,4.450873396804087,174.0653209449051,173.30311054634066,8.5,5.0
S062,19.0,4.2591717172266845,174.01222417629702,173.51881412800387,8.5,5.0
S062,19.5,4.411965044491903,174.10683693248248,173.59293229451612,8.5,5.0
S062,20.0,3.9406198396619367,174.1035393162198,173.50303146845783,8.5,5.0
S062,20.5,4.075859801318993,174.24496254108323,173.4052979553666,8.5,5.0
S062,21.0,4.201134481667154,174.2496943326697,173.52687647597008,8.5,5.0
S062,21.5,4.185058760820072,174.18650981706725,173.5553855295169,8.5,5.0
S062,22.0,4.678916155936835,174.22698034945805,173.557961498584,8.5,5.0
S062,22.5,4.01048418506909,174.1297982120415,173.5734137869931,8.5,5.0
S062,23.0,4.030641206796487,174.32568896058507,173.67271864188064,8.5,5.0
S062,23.5,4.545491950647295,174.30189649119492,173.54304808206922,8.5,5.0
S062,24.0,4.293709088532679,174.319865522673,173.55535864444786,8.5,5.0
S062,24.5,4.2625783636900705,174.3879158025144,173.56727395489474,8.5,5.0
S062,25.0,3.96961956836712,174.22433583238134,173.70344052369808,8.5,5.0
S062,25.5,4.114949408321387,174.29965878678965,173.69590327606267,8.5,5.0
S062,26.0,4.221321046793336,174.46032313860823,173.69752047038787,8.5,5.0
S062,26.5,4.338332067052432,174.30553747018737,173.82273114794597,8.5,5.0
S062,27.0,4.181088514290968,174.25979333035534,173.62501124464822,8.5,5.0
S062,27.5,4.217487953420447,174.28190326992765,173.76834935591347,8.5,5.0
S062,28.0,4.097049908295544,174.31342754735098,173.60539208738308,8.5,5.0
S062,28.5,4.15414446859326,174.30397282112483,173.65795490938223,8.5,5.0
S062,29.0,4.157787363789268,174.39223991207106,173.68814420331202,8.5,5.0
S062,29.5,4.384894707213204,174.27797168005947,173.79291117157322,8.5,5.0
S062,30.0,4.037887341219964,174.38599990960822,173.7776818602567,8.5,5.0
S063,0.0,101.66727534690413,164.88656454974245,165.13373776678912,0.0,0.0
S063,0.5,78.86857528313082,165.85606582060186,165.68340269813595,0.0,0.0
S063,1.0,60.92364728260036,166.4219337170663,166.3204337683965,0.0,0.0
S063,1.5,47.930742552918275,167.24392762681822,166.99001655135578,0.0,0.0
S063,2.0,37.42540891652375,167.76387732309368,167.43082309420447,0.0,0.0
S063,2.5,29.745886780418267,168.42028980076202,167.9811426078225,0.0,0.0
S063,3.0,23.733860555909835,168.9060049589991,168.45262171305984,0.0,0.0
S063,3.5,19.773903813943676,169.27386255638802,168.8611636921708,0.0,0.0
S063,4.0,16.084367580334735,169.73109618970713,169.30167182620127,0.0,0.0
S063,4.5,13.77488758921772,170.31954669344472,169.58000982261026,0.0,0.0
S063,5.0,11.643379086658909,170.72835616917752,169.90519988791965,0.0,0.0
S063,5.5,10.02477764037293,170.8129956964404,170.16514494489329,0.0,0.0
S063,6.0,8.663355208708783,171.25547626121676,170.36880271563535,0.0,0.0
S063,6.5,7.742828139256042,171.38801338900072,170.59273240752563,0.0,0.0
S063,7.0,7.535216074316873,171.59118245497447,170.92000240110156,0.0,0.0
S063,7.5,6.434447019089403,171.87672732429377,171.04532199042387,0.0,0.0
S063,8.0,6.593157153136639,172.11285914446032,171.22669389874142,0.0,0.0
S063,8.5,6.149196586783933,172.32673540671715,171.3816519603403,1.0625,0.575
S063,9.0,5.451783761223455,172.41052430834733,171.62747879613357,2.125,1.15
S063,9.5,5.599446846979307,172.61620949749656,171.7143972004131,3.1875,1.7249999999999999
S063,10.0,5.880596525885241,172.92513665121015,171.92380868200328,4.25,2.3
S063,10.5,5.499406018380558,172.88529507619515,172.0724445142833,5.3125,2.875
S063,11.0,5.129409725428043,172.95889179232813,172.25852567951864,6.375,3.4499999999999997
S063,11.5,5.22237478869218,173.1991385094206,172.23834017847483,7.4375,4.0249999999999995
S063,12.0,5.3004874243405755,173.1709321448977,172.29471328822288,8.5,4.6
S063,12.5,5.238147131556133,173.40511928909407,172.4696839593507,8.5,5.0
S063,13.0,5.15356366367504,173.3827310485179,172.65370496499244,8.5,5.0
S063,13.5,5.317257795950267,173.47667660629116,172.5935102742627,8.5,5.0
S063,14.0,5.367466481940134,173.4849866291471,172.84468690990974,8.5,5.0
S063,14.5,5.606126228417995,173.52356559456254,172.7244438305573,8.5,5.0
S063,15.0,5.083777756433378,173.58054509749167,172.86801625084982,8.5,5.0
S063,15.5,5.052993293995305,173.81637140588995,172.94264792288155,8.5,5.0
S063,16.0,5.271476786009441,173.70903566506252,172.78429020203853,8.5,5.0
S063,16.5,5.172711938212528,173.83866597021043,172.98813477369123,8.5,5.0
S063,17.0,5.228335185909608,173.76220314975717,172.93381073718035,8.5,5.0
S063,17.5,5.051128879224214,173.87033485920617,172.91118235763273,8.5,5.0
S063,18.0,5.132419992585978,173.942933453114,173.1003430205244,8.5,5.0
S063,18.5,5.232023169690711,173.9744073706491,173.00332604604432,8.5,5.0
S063,19.0,5.15888894640298,173.91842238633205,173.18738159212444,8.5,5.0
S063,19.5,5.304010362840322,174.02948185533134,173.10542527659234,8.5,5.0
S063,20.0,4.870901650083905,174.05178284782022,173.09948303441664,8.5,5.0
S063,20.5,4.873174046798197,174.07299264781182,172.9999064604038,8.5,5.0
S063,21.0,5.137498554401551,174.03983178491546,173.34364947155126,8.5,5.0
S063,21.5,5.414655863260107,174.219759930642,173.19854409248512,8.5,5.0
S063,22.0,4.853268076610663,174.03432349893026,173.17753928404736,8.5,5.0
S063,22.5,5.205020117446405,174.1791294461097,173.31235454597353,8.5,5.0
S063,23.0,5.310407636277841,174.1016147183848,173.31016015032725,8.5,5.0
S063,23.5,5.2004966954112,174.01800514213377,173.12169689381676,8.5,5.0
S063,24.0,4.909032749491204,174.0706005627251,173.2819201070233,8.5,5.0
S063,24.5,5.004396953773641,174.11987605836697,173.35656375492522,8.5,5.0
S063,25.0,5.198501784650934,174.2270289872942,173.32092023977654,8.5,5.0
S063,25.5,5.307023639969612,174.18914369717479,173.32532494000702,8.5,5.0
S063,26.0,5.154135008169759,174.16384265400637,173.3331906678225,8.5,5.0
S063,26.5,4.816814944005826,174.3011158913938,173.29205445291134,8.5,5.0
S063,27.0,4.93175301213573,174.19619095096107,173.38445971436147,8.5,5.0
S063,27.5,5.2424918410284675,174.30555480766617,173.3943315158862,8.5,5.0
S063,28.0,5.288514539403332,174.1982446877038,173.3360563541426,8.5,5.0
S063,28.5,4.8255858966717,174.15706804888612,173.4283242479891,8.5,5.0
S063,29.0,5.175729539673477,174.24176700343682,173.39082330093976,8.5,5.0
S063,29.5,4.925953766717133,174.18362114651663,173.2845919959779,8.5,5.0
S063,30.0,5.341268472293178,174.15302263901768,173.33415150121004,8.5,5.0
S064,0.0,101.0040923158419,164.98153750590185,164.9061129835164,0.0,0.0
S064,0.5,76.73848190217304,165.6833417696908,165.6088530078892,0.0,0.0
S064,1.0,58.389380720974636,166.610829411281,166.36635429743555,0.0,0.0
S064,1.5,44.499050089031336,167.1999726155638,166.90925932027469,0.0,0.0
S064,2.0,34.54491066180593,168.01701777698332,167.42421968268408,0.0,0.0
S064,2.5,26.92919400626128,168.5760641889454,167.9601363927252,0.0,0.0
S064,3.0,21.005464849546197,169.02635979785336,168.31008548075457,0.0,0.0
S064,3.5,16.761580027793222,169.46940892923308,168.8597719269583,0.0,0.0
S064,4.0,14.060848687653605,170.05983299068194,169.26713473030665,0.0,0.0
S064,4.5,11.49837974274322,170.40277037408407,169.42989526707004,0.0,0.0
S064,5.0,9.46755202255589,170.71531071081785,169.77471433630274,0.0,0.0
S064,5.5,8.230758268475512,171.18135251859678,170.0612000294248,0.0,0.0
S064,6.0,7.572976947356808,171.32353333948484,170.37327276940619,0.0,0.0
S064,6.5,6.749363570584334,171.60200571963733,170.6952701967928,0.0,0.0
S064,7.0,6.147549467410363,172.10113251100825,170.95684055582544,0.0,0.0
S064,7.5,5.4948687405169485,172.03514206641407,171.09013666215216,0.0,0.0
S064,8.0,5.471327267503059,172.39229878215045,171.50718539149767,0.0,0.0
S064,8.5,5.029884168304577,172.57051974352967,171.4586385792589,1.0625,0.425
S064,9.0,4.795122956960627,172.73962142664982,171.70294055086453,2.125,0.85
S064,9.5,4.961462787193782,172.8680972362048,171.7561856391623,3.1875,1.275
S064,10.0,4.529250782492388,173.13688842520375,171.95043493215587,4.25,1.7
S064,10.5,4.368744988772314,173.23859309017604,172.07494500058462,5.3125,2.125
S064,11.0,4.586128054810451,173.39175123090536,172.13718220286802,6.375,2.55
S064,11.5,4.308899744591972,173.47142542706464,172.2176318795713,7.4375,2.975
S064,12.0,4.739133395828566,173.5150226551037,172.27101625683858,8.5,3.4
S064,12.5,4.415355785779436,173.48744179610154,172.39035047957216,8.5,3.8249999999999997
S064,13.0,4.799005352730082,173.7876287907028,172.5525379224835,8.5,4.25
S064,13.5,4.500128400715872,173.8273701424447,172.60460746678766,8.5,4.675
S064,14.0,4.600252279882405,173.81456219737564,172.7815434173627,8.5,5.0
S064,14.5,4.412615265642554,173.8115230560542,172.79518060995963,8.5,5.0
S064,15.0,4.285397358273545,173.84957255948243,172.84003571997872,8.5,5.0
S064,15.5,4.555670214142627,174.03154198563493,172.89624768734882,8.5,5.0
S064,16.0,4.343210668935676,174.03638242364502,173.00669218000607,8.5,5.0
S064,16.5,4.572834902350955,174.13306080667076,172.97137293846092,8.5,5.0
S064,17.0,4.388816607986352,174.28675365777272,173.02232302454442,8.5,5.0
S064,17.5,4.479803697808653,174.3750533642553,173.0030192379311,8.5,5.0
S064,18.0,4.473320813547317,174.2451989061758,173.11083480944603,8.5,5.0
S064,18.5,4.49700066705059,174.25412689400716,173.22265103127086,8.5,5.0
S064,19.0,4.492338203509218,174.2660289755304,173.21964991984328,8.5,5.0
S064,19.5,4.323390825340275,174.2528432462431,173.24662392650635,8.5,5.0
S064,20.0,4.546323674126382,174.3206947331878,173.2154383321315,8.5,5.0
S064,20.5,4.677479796222449,174.250765289797,173.2730011340541,8.5,5.0
S064,21.0,4.270639548659644,174.21656715530415,173.08868590490934,8.5,5.0
S064,21.5,4.288772475578848,174.4498638353158,173.31052730951544,8.5,5.0
S064,22.0,4.347234107250709,174.3858632563354,173.32365837598783,8.5,5.0
S064,22.5,4.344324633857268,174.44116581144164,173.25989486611255,8.5,5.0
S064,23.0,4.353755066025519,174.36780536627606,173.45575047693052,8.5,5.0
S064,23.5,4.329141475088729,174.5292623885911,173.284824497862,8.5,5.0
S064,24.0,4.416290420455422,174.33675513131433,173.42218206155712,8.5,5.0
S064,24.5,4.406566792989551,174.48119434302845,173.36721700909885,8.5,5.0
S064,25.0,4.423632657332227,174.48033645061327,173.4252514510845,8.5,5.0
S064,25.5,4.237969991654819,174.42854635423956,173.3168571121881,8.5,5.0
S064,26.0,4.326622293638977,174.51610788140584,173.3309197112686,8.5,5.0
S064,26.5,4.437271122997395,174.44995147189343,173.43255190274627,8.5,5.0
S064,27.0,4.631670738999543,174.60139554935608,173.5216403768848,8.5,5.0
S064,27.5,4.188927299420024,174.56015386158802,173.36915896936804,8.5,5.0
S064,28.0,4.38408035752492,174.47363347125315,173.55721048594515,8.5,5.0
S064,28.5,4.517183760314422,174.44984865766764,173.42448806889786,8.5,5.0
S064,29.0,4.542581634678763,174.5131009636102,173.4055783628199,8.5,5.0
S064,29.5,4.595748175723918,174.63777212593,173.45627211610565,8.5,5.0
S064,30.0,4.270407923815249,174.59661757577234,173.44198237772207,8.5,5.0
S065,0.0,101.10880857035266,164.97403792851185,165.01556288352904,0.0,0.0
S065,0.5,80.34101473227234,165.85650854436693,165.74502552749598,0.0,0.0
S065,1.0,64.3760031191054,166.75976260308624,166.3899680378363,0.0,0.0
S065,1.5,51.47466462532013,167.5412372711168,167.07330200446864,0.0,0.0
S065,2.0,41.22457734687526,168.20146120737675,167.3717803007007,0.0,0.0
S065,2.5,33.34763833843391,168.7878760611423,168.15995947779155,0.0,0.0
S065,3.0,27.38991282834601,169.31232223941964,168.5603095714606,0.0,0.0
S065,3.5,22.683440865108416,169.75471784750752,168.8916966318622,0.0,0.0
S065,4.0,18.486644817136845,170.32617682950587,169.29352645634347,0.0,0.0
S065,4.5,15.858235686249134,170.61985461125852,169.84027464897034,0.0,0.0
S065,5.0,13.52830180228048,171.11597005944452,170.11639147907002,0.0,0.0
S065,5.5,11.695352807336816,171.5863407325629,170.3729842983508,0.0,0.0
S065,6.0,10.350975093146035,171.89879806914215,170.59356483034782,0.0,0.0
S065,6.5,9.292791597783209,172.0858861574404,170.95540957233655,0.0,0.0
S065,7.0,8.150460255686578,172.4463244389188,171.1728391556472,0.0,0.0
S065,7.5,7.382504155485769,172.5738893328542,171.43347696271695,0.0,0.0
S065,8.0,7.06423612599943,172.80651769604958,171.67190996333787,0.0,0.0
S065,8.5,6.809919949434196,173.06407433425147,171.71929534966944,1.0625,0.5
S065,9.0,6.559848042817153,173.22814945701433,172.04023099870506,2.125,1.0
S065,9.5,5.943062857661647,173.33761962476748,172.21089911231127,3.1875,1.5
S065,10.0,5.5360952766492835,173.640240214684,172.27535337086096,4.25,2.0
S065,10.5,5.9294326387036715,173.77196303824493,172.42178128371643,5.3125,2.5
S065,11.0,5.369237201585563,173.8613620044277,172.43772536276336,6.375,3.0
S065,11.5,5.32189018786054,173.8675773891903,172.6954620232904,7.4375,3.5
S065,12.0,5.029188214731567,173.94386366394033,172.77801647408316,8.5,4.0
S065,12.5,5.249052377698904,174.0893255610228,172.81636378989685,8.5,4.5
S065,13.0,5.323247464104263,174.27167489701833,172.89554230542714,8.5,5.0
S065,13.5,5.0722842607259775,174.371090447243,172.94383851793117,8.5,5.0
S065,14.0,5.204324946520695,174.4491100752129,173.00717257727635,8.5,5.0
S065,14.5,5.060292324046697,174.52601709409248,173.11333198670835,8.5,5.0
S065,15.0,5.1999151826391765,174.6255894462394,173.13151149759528,8.5,5.0
S065,15.5,5.008239707753864,174.629727476463,173.28379650436648,8.5,5.0
S065,16.0,5.236695909924137,174.7983824069697,173.3249899132689,8.5,5.0
S065,16.5,5.501739308070707,174.86652645047423,173.17268468766787,8.5,5.0
S065,17.0,5.189933944499155,174.7904885422878,173.3501354509719,8.5,5.0
S065,17.5,5.161051428980568,174.79370485379522,173.41534570642276,8.5,5.0
S065,18.0,5.163479365483287,174.87621501770866,173.47477918674716,8.5,5.0
S065,18.5,4.945592458845268,174.8922075595581,173.36012380808015,8.5,5.0
S065,19.0,5.0869626660564045,174.8553331824583,173.5087140635558,8.5,5.0
S065,19.5,5.307899740642959,174.96122646938178,173.51419565801473,8.5,5.0
S065,20.0,5.057286168661495,174.94462339896774,173.57548801948582,8.5,5.0
S065,20.5,5.111594223316785,175.02132369438982,173.56615792051957,8.5,5.0
S065,21.0,5.22132584675334,174.97475522868925,173.54930947915886,8.5,5.0
S065,21.5,5.089159853399965,175.0531396840637,173.62289858444214,8.5,5.0
S065,22.0,4.9921328755349625,174.96089443096668,173.60368843773406,8.5,5.0
S065,22.5,5.102078181974434,175.06129340576538,173.6666109846712,8.5,5.0
S065,23.0,5.165355068538318,175.08850775788974,173.59459063930086,8.5,5.0
S065,23.5,5.029060719949552,174.9973384615927,173.7829671642775,8.5,5.0
S065,24.0,4.832785676414111,175.18132496588703,173.60875679745178,8.5,5.0
S065,24.5,5.00888837662976,175.08671221029724,173.57619891942485,8.5,5.0
S065,25.0,5.14322350746817,175.0461971676846,173.63746982334462,8.5,5.0
S065,25.5,4.8688004377773355,175.1532208622086,173.68576422992143,8.5,5.0
S065,26.0,4.90507248455633,175.16590571561161,173.7411843967316,8.5,5.0
S065,26.5,5.072140904629915,175.23075562161293,173.63409737079556,8.5,5.0
S065,27.0,5.024861619426154,175.26068997341366,173.81030517008503,8.5,5.0
S065,27.5,5.0158036781676385,175.33794579359392,173.81824817086422,8.5,5.0
S065,28.0,5.18005634098095,175.2609041848436,173.74990525830896,8.5,5.0
S065,28.5,5.22350786884755,175.11293923361782,173.88007943090497,8.5,5.0
S065,29.0,4.982645452823927,175.32929552049328,173.72729023823973,8.5,5.0
S065,29.5,5.327881075929061,175.19428030372862,173.657422239236,8.5,5.0
S065,30.0,5.130231343737129,175.09012827905167,173.67345916905808,8.5,5.0
S066,0.0,101.56954988688739,164.91972794507763,164.92022188589334,0.0,0.0
S066,0.5,77.69296028015397,165.8130605664669,165.7137926967586,0.0,0.0
S066,1.0,59.238838308746736,166.52942197703936,166.3798370531007,0.0,0.0
S066,1.5,45.30426950788356,167.40771028895617,166.9487697929616,0.0,0.0
S066,2.0,35.35015330657332,167.87851701853452,167.38150943734388,0.0,0.0
S066,2.5,27.81133073089107,168.53170709343235,167.974128662367,0.0,0.0
S066,3.0,21.90754661902859,169.06062817452366,168.36979427458775,0.0,0.0
S066,3.5,17.643020291831363,169.4042329293151,168.7582565022607,0.0,0.0
S066,4.0,14.165715280140262,169.97613531172954,169.32685658863025,0.0,0.0
S066,4.5,12.106946283714551,170.19109063267533,169.4334124480211,0.0,0.0
S066,5.0,10.087995630408228,170.7115879725809,169.88535207160984,0.0,0.0
S066,5.5,8.817664198828142,171.0328132887032,170.04737046462,0.0,0.0
S066,6.0,7.817425143290175,171.2551546608523,170.3692246944559,0.0,0.0
S066,6.5,6.78490519208861,171.45846869610708,170.62818080501154,0.0,0.0
S066,7.0,6.528664446075588,171.88486872162514,170.84444407964645,0.0,0.0
S066,7.5,6.2401763153153205,171.96237311641724,171.0420946253765,0.0,0.0
S066,8.0,6.144575317235618,172.30622668081278,171.2506106522725,0.0,0.0
S066,8.5,5.2421681234878905,172.49622931352616,171.54922123247192,1.0625,0.575
S066,9.0,5.087644712196347,172.61858720221687,171.67813259146686,2.125,1.15
S066,9.5,4.86208010512234,172.79773957814544,171.76257760189455,3.1875,1.7249999999999999
S066,10.0,4.930839634822373,172.84680940995278,171.9358599556828,4.25,2.3
S066,10.5,4.816563951797668,173.11701833975496,172.0725305082247,5.3125,2.875
S066,11.0,4.990679391400887,173.18328506271945,171.98896900910282,6.375,3.4499999999999997
S066,11.5,4.524372633199413,173.38109841817567,172.1917356679659,7.4375,4.0249999999999995
S066,12.0,4.512032501609287,173.41445032680699,172.45731899623493,8.5,4.6
S066,12.5,5.010073339467425,173.56858412377278,172.40580888161725,8.5,5.0
S066,13.0,4.617257934990928,173.61724024434773,172.64669743518004,8.5,5.0
S066,13.5,4.926682084948723,173.70329861604569,172.59891604917104,8.5,5.0
S066,14.0,4.742162902597492,173.87164246616328,172.54276248620212,8.5,5.0
S066,14.5,4.217113323794977,173.84929791852286,172.59706990186797,8.5,5.0
S066,15.0,4.682488250290602,173.84871068597687,172.70248965095092,8.5,5.0
S066,15.5,4.650451251434436,173.99042420731277,172.84322093933005,8.5,5.0
S066,16.0,4.416544455173204,173.95494794186843,172.82885247161929,8.5,5.0
S066,16.5,4.651378608149116,174.03294250297856,172.830741635254,8.5,5.0
S066,17.0,4.69842219487087,173.98185319302988,172.85409728978536,8.5,5.0
S066,17.5,4.672823931195059,174.1956660726323,173.1015516994162,8.5,5.0
S066,18.0,4.493391980530019,174.16037151897436,172.83947014488172,8.5,5.0
S066,18.5,4.75745460925081,174.1754332133139,173.10546720568522,8.5,5.0
S066,19.0,4.210443016229651,174.26959002548261,173.02769342243406,8.5,5.0
S066,19.5,4.836162941849006,174.26932991857606,173.1212239067782,8.5,5.0
S066,20.0,4.462201227857133,174.38562554779156,173.14848732479518,8.5,5.0
S066,20.5,4.822002484303564,174.2100786197499,173.01343838757654,8.5,5.0
S066,21.0,4.4791418003538555,174.38562418034903,173.1659740367046,8.5,5.0
S066,21.5,4.587936942101878,174.1969274596714,173.2312067105402,8.5,5.0
S066,22.0,4.676387058564045,174.38894419048208,173.17519930551586,8.5,5.0
S066,22.5,4.623482754991301,174.39128476229942,173.17292197478406,8.5,5.0
S066,23.0,4.649621832490394,174.3383923111789,173.2429995821161,8.5,5.0
S066,23.5,4.539385641774119,174.53580979393126,173.31886652426425,8.5,5.0
S066,24.0,4.494570525785429,174.4176129082002,173.21033948654275,8.5,5.0
S066,24.5,4.75033173311378,174.46466895554406,173.2011529788087,8.5,5.0
S066,25.0,4.782406121234273,174.45292638020481,173.24023435478375,8.5,5.0
S066,25.5,4.591839190615666,174.3591857848158,173.3038400209284,8.5,5.0
S066,26.0,4.728535298233315,174.33488773130273,173.25283665303172,8.5,5.0
S066,26.5,4.5195612362532716,174.65048144408897,173.3133212784632,8.5,5.0
S066,27.0,4.776314981198331,174.52465997194474,173.23201521802832,8.5,5.0
S066,27.5,4.568275445077846,174.3793061495098,173.42450160466598,8.5,5.0
S066,28.0,4.7024635484401625,174.46915906344643,173.2738596775039,8.5,5.0
S066,28.5,4.4614937042041305,174.5179997162962,173.35448831585944,8.5,5.0
S066,29.0,4.485851716142195,174.6306467570269,173.24809822264265,8.5,5.0
S066,29.5,4.327955136498102,174.4352498834821,173.18097022322686,8.5,5.0
S066,30.0,4.913660134752572,174.5948250687415,173.1467402471862,8.5,5.0
S067,0.0,101.01412640007356,164.86342884300126,165.0608918056614,0.0,0.0
S067,0.5,78.16608951732633,165.79519174016227,165.58090650099007,0.0,0.0
S067,1.0,60.52014425504091,166.31345910636716,166.24856970692557,0.0,0.0
S067,1.5,46.59460876816884,167.12054762851574,166.9877935493951,0.0,0.0
S067,2.0,36.714691647002304,167.5237290523794,167.34952549323842,0.0,0.0
S067,2.5,28.768248352578173,168.08022600561998,167.8279054929006,0.0,0.0
S067,3.0,22.75580206553776,168.5373629367622,168.14586713017866,0.0,0.0
S067,3.5,18.433081292773252,169.14476997724145,168.58357617165797,0.0,0.0
S067,4.0,15.168408396374632,169.5156583902706,168.8957856947459,0.0,0.0
S067,4.5,12.696259496467537,169.80684207317705,169.3527632960719,0.0,0.0
S067,5.0,10.644139700364274,170.08140382318675,169.70485138701923,0.0,0.0
S067,5.5,9.124559996176718,170.4737870282517,169.9099001566059,0.0,0.0
S067,6.0,7.932979438335574,170.7751102741598,170.09156338823794,0.0,0.0
S067,6.5,7.347375139120305,170.98360498442332,170.302185358827,0.0,0.0
S067,7.0,6.243748338186917,171.33432935385946,170.54412917029907,0.0,0.0
S067,7.5,5.890867607812603,171.43698134562536,170.78954526361784,0.0,0.0
S067,8.0,5.42194106782168,171.58540167431633,171.01507250583262,0.0,0.0
S067,8.5,5.34629638030639,171.63821944048613,171.19200189480975,1.0625,0.425
S067,9.0,5.073500399558494,171.91635422344106,171.05935317584553,2.125,0.85
S067,9.5,5.25713026182073,172.06833020287152,171.40390685545,3.1875,1.275
S067,10.0,4.847714069510175,172.33558074702873,171.5928034056696,4.25,1.7
S067,10.5,4.708356642598225,172.50258242082504,171.62703180703355,5.3125,2.125
S067,11.0,4.688832942596696,172.43437482633487,171.7020560579037,6.375,2.55
S067,11.5,4.5930815837586225,172.57547482888864,171.90237692975305,7.4375,2.975
S067,12.0,4.786010872102109,172.72073793670248,172.1053191418552,8.5,3.4
S067,12.5,4.517493182275739,172.67809003153735,172.09120684655136,8.5,3.8249999999999997
S067,13.0,4.851112415432031,172.80965256398045,172.15241832717075,8.5,4.25
S067,13.5,4.049689128675041,172.89113376190528,172.29332864257208,8.5,4.675
S067,14.0,4.308879928134925,172.92832960091073,172.24623632251843,8.5,5.0
S067,14.5,4.582364222217719,173.0658435125699,172.44712297607103,8.5,5.0
S067,15.0,4.71712109096767,173.1713278097311,172.5132321494147,8.5,5.0
S067,15.5,4.295227396402336,173.23522455769253,172.55675730086537,8.5,5.0
S067,16.0,4.478768591483795,173.15545183501305,172.56589319806795,8.5,5.0
S067,16.5,4.337892713036201,173.2665859354192,172.60534919183246,8.5,5.0
S067,17.0,4.4793868657032,173.31611827872987,172.56322473447426,8.5,5.0
S067,17.5,4.10489527350406,173.23555109206964,172.45993865806966,8.5,5.0
S067,18.0,4.427019548829822,173.35046073636286,172.68041012454867,8.5,5.0
S067,18.5,4.442065665193736,173.27262812744425,172.74704035824126,8.5,5.0
S067,19.0,4.000688038735971,173.34162469425823,172.76398131460763,8.5,5.0
S067,19.5,4.355938520957112,173.3366017634238,172.81829701103254,8.5,5.0
S067,20.0,4.320734747988326,173.42315569144318,172.73670232468382,8.5,5.0
S067,20.5,4.769962643189049,173.4479096309901,172.70723156822675,8.5,5.0
S067,21.0,4.512448117669174,173.40007886011682,172.76131264473025,8.5,5.0
S067,21.5,4.529572466963815,173.33251587670858,172.80147671560113,8.5,5.0
S067,22.0,4.348391821480098,173.5913458885608,172.69181825416936,8.5,5.0
S067,22.5,4.423125394921169,173.51396004807916,172.9104114673873,8.5,5.0
S067,23.0,4.442948642238841,173.56690024682644,172.78841234479276,8.5,5.0
S067,23.5,4.407286221754419,173.542356757928,172.83275429660017,8.5,5.0
S067,24.0,4.427021592724186,173.602324321267,172.84277169605573,8.5,5.0
S067,24.5,4.419749605180828,173.52147444112518,172.76657168056207,8.5,5.0
S067,25.0,4.107091109851594,173.5896132016169,172.90895276129453,8.5,5.0
S067,25.5,4.159802062461336,173.52954513044605,173.02497701335622,8.5,5.0
S067,26.0,4.6231885115560045,173.56918440667778,173.02713972785483,8.5,5.0
S067,26.5,4.800094015860922,173.48477015550276,172.9164353838338,8.5,5.0
S067,27.0,4.414899866220849,173.57845835113466,172.7740412874283,8.5,5.0
S067,27.5,4.440840749565213,173.6517985272538,172.89308239971896,8.5,5.0
S067,28.0,4.670696270645414,173.64215030032324,172.78130431831082,8.5,5.0
S067,28.5,4.3994418998948035,173.5486849740353,172.96137529571803,8.5,5.0
S067,29.0,4.32940078766765,173.4818128798109,172.93975799779318,8.5,5.0
S067,29.5,4.082911234955927,173.58622826339467,172.99111121239653,8.5,5.0
S067,30.0,4.56760570485799,173.6431974300531,172.8857355710985,8.5,5.0
S068,0.0,101.12770677958693,165.10411336655673,165.02311166882552,0.0,0.0
S068,0.5,80.08660344063773,165.88955404090765,165.5867821536936,0.0,0.0
S068,1.0,63.56966308325737,166.72037296097528,166.33696198188986,0.0,0.0
S068,1.5,50.72652147543451,167.3277130444021,166.8522339950747,0.0,0.0
S068,2.0,40.35320106822182,168.05603590489596,167.45805981003542,0.0,0.0
S068,2.5,32.73882126759633,168.53325981836628,167.8176522622658,0.0,0.0
S068,3.0,26.378992174855956,169.20996658675796,168.2596990701051,0.0,0.0
S068,3.5,21.485606247799335,169.72796891659664,168.8004935922104,0.0,0.0
S068,4.0,18.04735141539554,170.09494512572763,169.06577271656323,0.0,0.0
S068,4.5,15.512234775498493,170.54717845062706,169.40235188710867,0.0,0.0
S068,5.0,13.190021254629992,170.88171784729155,169.73305754787208,0.0,0.0
S068,5.5,11.172467022470773,171.1839380613527,170.10963876479556,0.0,0.0
S068,6.0,10.090850109327176,171.46244722309885,170.34097928886567,0.0,0.0
S068,6.5,8.799009651848374,171.94935570722106,170.51210049027512,0.0,0.0
S068,7.0,8.155017132757298,172.05436398688337,170.70987711190264,0.0,0.0
S068,7.5,7.3204752789548655,172.42381672723425,170.86440501551968,0.0,0.0
S068,8.0,7.0774707230602925,172.69955885250502,171.07088229614808,0.0,0.0
S068,8.5,6.888580442986492,172.76679688619308,171.15371709230268,1.0625,0.5
S068,9.0,6.2549189874845,172.8870981118896,171.34628253315796,2.125,1.0
S068,9.5,5.7628549316868405,173.1699679175698,171.62193679421478,3.1875,1.5
S068,10.0,5.784170772909026,173.18078356128464,171.6781710748311,4.25,2.0
S068,10.5,5.979718800001455,173.34215740542632,171.95407690580188,5.3125,2.5
S068,11.0,5.484716955577217,173.62255556016754,171.87614000432433,6.375,3.0
S068,11.5,5.232273832445962,173.64565073745055,172.1227416524759,7.4375,3.5
S068,12.0,5.456856464172932,173.7604594396678,172.11645757372708,8.5,4.0
S068,12.5,5.34557235989074,173.9339076166065,172.23208968808297,8.5,4.5
S068,13.0,5.273783311521652,173.93327932419675,172.24016449903394,8.5,5.0
S068,13.5,5.277854127754001,173.9955774991892,172.35727853270868,8.5,5.0
S068,14.0,5.475236276138505,174.19418637412014,172.42286665106812,8.5,5.0
S068,14.5,5.601881836390241,174.11770103464892,172.67440789453423,8.5,5.0
S068,15.0,4.9901246975342115,174.1659023297992,172.4775646435707,8.5,5.0
S068,15.5,5.095728484840333,174.303539195622,172.54687510072208,8.5,5.0
S068,16.0,4.967378139137353,174.4576271460757,172.66692192977794,8.5,5.0
S068,16.5,4.9785088479755135,174.33937841439223,172.84698168540572,8.5,5.0
S068,17.0,5.028233988943127,174.51265589380273,172.66846614077966,8.5,5.0
S068,17.5,4.993778000781251,174.46092151815054,172.87144850697547,8.5,5.0
S068,18.0,5.187544984632298,174.5729267497313,172.79685746395114,8.5,5.0
S068,18.5,4.908272459897341,174.3957416744531,172.9557381555323,8.5,5.0
S068,19.0,5.1188745372875415,174.64507081870167,172.86979787518317,8.5,5.0
S068,19.5,4.885417359161207,174.52414720057362,172.84270579218494,8.5,5.0
S068,20.0,5.026260915565874,174.61976453552148,173.02577701741217,8.5,5.0
S068,20.5,5.372688868184891,174.746795843813,172.87518230417402,8.5,5.0
S068,21.0,5.406057317694466,174.6537645182758,173.01959383259162,8.5,5.0
S068,21.5,5.189198335053004,174.63107730583877,172.84016721358358,8.5,5.0
S068,22.0,5.246340348345185,174.77995669285346,173.006852216862,8.5,5.0
S068,22.5,5.120406523138898,174.66626992926035,173.07832212391364,8.5,5.0
S068,23.0,5.123185056285904,174.65053367635247,172.86705680138894,8.5,5.0
S068,23.5,5.26803154856327,174.8048608105172,173.07436030029555,8.5,5.0
S068,24.0,5.045641041219988,174.7568585403549,173.07104635079773,8.5,5.0
S068,24.5,5.126935741925213,174.74617492813175,173.15341354467375,8.5,5.0
S068,25.0,5.111452901588236,174.7248004863831,173.08357220690777,8.5,5.0
S068,25.5,5.240822597241934,174.7286494278013,173.12208240456889,8.5,5.0
S068,26.0,5.166233733830302,174.69411757448952,173.02079466041266,8.5,5.0
S068,26.5,5.047526609799366,174.813521833644,172.99572238956463,8.5,5.0
S068,27.0,5.333762500820212,174.79044293226107,173.02293691025014,8.5,5.0
S068,27.5,5.14145294004438,174.8892933964223,173.08173415381867,8.5,5.0
S068,28.0,5.276910478975076,174.8396316698602,172.9925446564753,8.5,5.0
S068,28.5,5.4723161366921405,174.75239526638165,173.14975323570215,8.5,5.0
S068,29.0,5.059695137125785,174.83114880186872,173.1736901972152,8.5,5.0
S068,29.5,5.230326545466301,174.73846742550714,173.2202562590351,8.5,5.0
S068,30.0,5.280173604670409,174.86007636889627,173.11687549990035,8.5,5.0
S069,0.0,101.33297796459475,164.98942531098112,165.08151207690918,0.0,0.0
S069,0.5,78.71279261145285,165.79091243435028,165.6764997371831,0.0,0.0
S069,1.0,61.248882666516,166.5388922062159,166.34500301515988,0.0,0.0
S069,1.5,48.263498976579335,167.08914885898275,166.83456170607727,0.0,0.0
S069,2.0,37.967204842593695,167.57435793124395,167.50029981059993,0.0,0.0
S069,2.5,30.16361672073668,168.37846983448534,167.81566573922808,0.0,0.0
S069,3.0,24.202975406168676,168.88969581196173,168.35699773825397,0.0,0.0
S069,3.5,19.69032903471176,169.40021150442206,168.72000689134794,0.0,0.0
S069,4.0,16.401833339510898,169.69878308694055,169.02647826519893,0.0,0.0
S069,4.5,13.436137204801291,170.0238505310508,169.5192363141084,0.0,0.0
S069,5.0,11.236658628249717,170.37557626401278,169.72124491001196,0.0,0.0
S069,5.5,9.737410947498924,170.5533773764872,170.0309173477107,0.0,0.0
S069,6.0,8.932383289599292,171.03196145133984,170.3993799390441,0.0,0.0
S069,6.5,7.805470085772257,171.1955988447923,170.3827678282414,0.0,0.0
S069,7.0,7.107639975044887,171.51648016375972,170.76835896269446,0.0,0.0
S069,7.5,6.547472508193937,171.5298332950764,171.06606370874644,0.0,0.0
S069,8.0,6.143860591321614,171.8198710632237,171.2625200692225,0.0,0.0
S069,8.5,5.621047456122137,172.18356631251763,171.40399789931,1.0625,0.575
S069,9.0,5.7399760228409455,172.28859231376177,171.44905626116463,2.125,1.15
S069,9.5,5.762073250531611,172.33403213659585,171.56006805298856,3.1875,1.7249999999999999
S069,10.0,4.996619377835877,172.5048145150499,171.81343778884198,4.25,2.3
S069,10.5,5.325735796579421,172.7200925673463,171.77150461304544,5.3125,2.875
S069,11.0,5.227763013420482,172.8186264622488,172.01162634688214,6.375,3.4499999999999997
S069,11.5,5.055138188000124,172.9367040395823,172.1736006788312,7.4375,4.0249999999999995
S069,12.0,5.328689209911182,172.87827136808423,172.15517397883914,8.5,4.6
S069,12.5,5.185349990025041,173.10069177276523,172.16441115499822,8.5,5.0
S069,13.0,4.768414561111303,173.10285401310466,172.26338654983297,8.5,5.0
S069,13.5,4.987881007706455,173.1494643981829,172.441713071903,8.5,5.0
S069,14.0,4.7280992305224006,173.29884686701476,172.44527159870646,8.5,5.0
S069,14.5,4.922820392187409,173.27772098540675,172.55242564582562,8.5,5.0
S069,15.0,5.302448491082395,173.44724969028732,172.6261462943958,8.5,5.0
S069,15.5,4.73698025390041,173.40637009581553,172.45557582094173,8.5,5.0
S069,16.0,5.037504842979985,173.55232854575803,172.64575596525634,8.5,5.0
S069,16.5,4.900785627646696,173.41609737207563,172.72855764022728,8.5,5.0
S069,17.0,5.061396960089419,173.5629882727204,172.77190602525982,8.5,5.0
S069,17.5,5.145417215972327,173.65568007755286,172.7902535025055,8.5,5.0
S069,18.0,4.744993244131553,173.70072094345738,172.79160902515792,8.5,5.0
S069,18.5,5.010088465353855,173.5715920639732,172.7773146015584,8.5,5.0
S069,19.0,5.26154926459928,173.7622772041322,172.84980623104886,8.5,5.0
S069,19.5,4.935354273237235,173.732518996043,172.964068251154,8.5,5.0
S069,20.0,4.920092413217419,173.7321759352055,172.91682664477085,8.5,5.0
S069,20.5,4.91681779364919,173.71517779129277,173.01153862521596,8.5,5.0
S069,21.0,4.734785093949618,173.81621718260618,172.96587061497715,8.5,5.0
S069,21.5,4.961501222336475,173.8412183540206,172.9627420298756,8.5,5.0
S069,22.0,4.866932287350218,173.90015192706213,173.17252466284273,8.5,5.0
S069,22.5,5.157165594806618,173.81681062848796,173.02153343100565,8.5,5.0
S069,23.0,5.074195609523863,173.908914064528,173.15258204475475,8.5,5.0
S069,23.5,5.163457328930634,173.90688497092205,173.0262314502,8.5,5.0
S069,24.0,4.962970990391784,173.78621391973027,172.9654448146707,8.5,5.0
S069,24.5,5.022318494516241,173.9505150197785,173.10762568511632,8.5,5.0
S069,25.0,4.924529984413039,173.95830404526976,173.09696282386307,8.5,5.0
S069,25.5,5.366303564494264,173.94425658943956,173.17853348267977,8.5,5.0
S069,26.0,4.773235249515726,173.79741017227397,173.11873887982145,8.5,5.0
S069,26.5,4.721958867286745,173.87334762329277,173.25148868876497,8.5,5.0
S069,27.0,4.9490933467578095,173.85045803334776,173.1482671410454,8.5,5.0
S069,27.5,5.025693255214766,173.83647076890196,173.08084501490723,8.5,5.0
S069,28.0,4.704713316992547,173.95927060530053,173.1500952223114,8.5,5.0
S069,28.5,4.766675042841273,174.04494754692678,173.13529501045545,8.5,5.0
S069,29.0,4.615691313593976,173.9111342780117,173.22601785095088,8.5,5.0
S069,29.5,4.719079516795716,173.87016885659634,173.16834157404057,8.5,5.0
S069,30.0,4.836122980815298,173.91760562181435,172.99988602903753,8.5,5.0
S070,0.0,101.217905781326,165.00261989574634,165.0776179851217,0.0,0.0
S070,0.5,79.0436008031923,165.8202076015631,165.74487515394,0.0,0.0
S070,1.0,61.99352373032827,166.62430775329756,166.39709701142974,0.0,0.0
S070,1.5,49.07725971116153,167.4449106815433,166.99575226332686,0.0,0.0
S070,2.0,38.71383167807036,168.06008684906186,167.49825851311599,0.0,0.0
S070,2.5,30.628252055028007,168.46525020484353,167.99298597323906,0.0,0.0
S070,3.0,24.842053431936776,169.23193759257015,168.56740388860365,0.0,0.0
S070,3.5,20.13156450005249,169.54964968485336,168.91516633445457,0.0,0.0
S070,4.0,16.389189939916196,169.9559733350423,169.36342463153943,0.0,0.0
S070,4.5,13.367669727661083,170.42509522141182,169.64709311544118,0.0,0.0
S070,5.0,11.783138553347584,170.84332879877942,169.93053128196135,0.0,0.0
S070,5.5,10.16704004087358,171.1012687490512,170.2970884548565,0.0,0.0
S070,6.0,8.867293833448043,171.50421161303834,170.60486170538604,0.0,0.0
S070,6.5,7.5678485471218675,171.5994086254722,170.8936039075191,0.0,0.0
S070,7.0,7.201032815442157,172.06430537877878,171.04806622963937,0.0,0.0
S070,7.5,6.224255218799924,172.1907797327155,171.31607698255158,0.0,0.0
S070,8.0,5.934606061106797,172.5438215292216,171.49377104699008,0.0,0.0
S070,8.5,5.515582906429266,172.54705083828787,171.7083499340653,1.0625,0.425
S070,9.0,5.329389774909315,172.79459859116085,171.87172252187588,2.125,0.85
S070,9.5,5.217519580560712,173.12681717927524,172.01092965932807,3.1875,1.275
S070,10.0,5.342089253978081,173.1365512545602,172.26719627983746,4.25,1.7
S070,10.5,5.204142256365084,173.34087826230817,172.26257723302584,5.3125,2.125
S070,11.0,4.908182169854412,173.54407903812236,172.3934516412603,6.375,2.55
S070,11.5,4.9076824893384305,173.5477537331438,172.45143226098,7.4375,2.975
S070,12.0,4.84417621777061,173.75237986343205,172.6650559667326,8.5,3.4
S070,12.5,4.914569278476849,173.842508769469,172.6803258928802,8.5,3.8249999999999997
S070,13.0,4.3166478010248195,173.72692484812723,172.7467692996457,8.5,4.25
S070,13.5,4.682589118905185,173.936835808567,172.88522300481426,8.5,4.675
S070,14.0,4.499120984201564,173.99058513557193,172.89368452350132,8.5,5.0
S070,14.5,4.547248387609066,174.07879960847887,172.96525804711973,8.5,5.0
S070,15.0,4.653737678719056,174.11218286283307,173.06412050633497,8.5,5.0
S070,15.5,4.945428231515555,174.18974208806844,173.00335345311973,8.5,5.0
S070,16.0,4.634564524151371,174.25139325968846,173.03860078042354,8.5,5.0
S070,16.5,4.401819919467302,174.30562599417527,173.13930209559854,8.5,5.0
S070,17.0,4.825633692104428,174.23530875066763,173.20671470336765,8.5,5.0
S070,17.5,4.586465226607335,174.39068241015443,173.2506856956259,8.5,5.0
S070,18.0,4.709965056453837,174.3666619800152,173.20365333604954,8.5,5.0
S070,18.5,4.433930249591481,174.35373877235534,173.28904911256032,8.5,5.0
S070,19.0,4.709500732658501,174.54953217329918,173.29648714858254,8.5,5.0
S070,19.5,4.603947905318033,174.54607414454804,173.25195123357355,8.5,5.0
S070,20.0,4.684915758317258,174.4347358742495,173.31144336929236,8.5,5.0
S070,20.5,4.630091448246214,174.5266872153615,173.2388142693894,8.5,5.0
S070,21.0,4.674497312023729,174.53176363360427,173.36816881293754,8.5,5.0
S070,21.5,4.686682107383859,174.48855124631632,173.43045951715703,8.5,5.0
S070,22.0,4.659218604772134,174.45653764688933,173.44126603219237,8.5,5.0
S070,22.5,4.934938555200038,174.5531324016574,173.5021759493472,8.5,5.0
S070,23.0,4.611655887840437,174.61939854508893,173.42725175103453,8.5,5.0
S070,23.5,4.6301846220611385,174.63573648444745,173.4593542328399,8.5,5.0
S070,24.0,4.4860667703790105,174.47172665808498,173.4812337795819,8.5,5.0
S070,24.5,4.6236849069851775,174.61532223290044,173.43159653210247,8.5,5.0
S070,25.0,4.400792996010503,174.64086389585637,173.48959476825578,8.5,5.0
S070,25.5,4.7317758096553435,174.66684150815811,173.60759789998386,8.5,5.0
S070,26.0,4.6986315409277895,174.59084978439108,173.59093433014868,8.5,5.0
S070,26.5,4.918526300584822,174.64205336276046,173.64351970557442,8.5,5.0
S070,27.0,4.659158030355986,174.81076506126044,173.56054197962612,8.5,5.0
S070,27.5,4.929436775151502,174.7426987044857,173.62537077229425,8.5,5.0
S070,28.0,4.407158684390144,174.6316929060123,173.62872358956614,8.5,5.0
S070,28.5,4.487971178143291,174.6305258546385,173.52056405552105,8.5,5.0
S070,29.0,4.883711377532055,174.80123037825484,173.6514831323893,8.5,5.0
S070,29.5,4.959234331054749,174.8398326591185,173.55684831142926,8.5,5.0
S070,30.0,4.46011646862816,174.61945922387952,173.77330864396026,8.5,5.0
S071,0.0,101.35101587431225,164.9829931157164,165.16667273668003,0.0,0.0
S071,0.5,79.23498979490634,165.85951073722254,165.55665990687396,0.0,0.0
S071,1.0,61.786922312577026,166.52566755530535,166.20987522538707,0.0,0.0
S071,1.5,48.72350125835153,167.19833818378314,166.9116577756555,0.0,0.0
S071,2.0,38.367133673917046,167.73535093346044,167.35071088299867,0.0,0.0
S071,2.5,30.56731152416888,168.28414636350416,167.73869391265848,0.0,0.0
S071,3.0,24.482069385612892,168.69803818851528,168.26265203587528,0.0,0.0
S071,3.5,20.135830815621652,169.17331587657586,168.74845622893054,0.0,0.0
S071,4.0,16.444799771414303,169.77541957078225,169.02425132419225,0.0,0.0
S071,4.5,14.231376881719395,169.9801172223079,169.3827281123281,0.0,0.0
S071,5.0,11.705406291133189,170.4149095228586,169.6255067066789,0.0,0.0
S071,5.5,10.048078987677867,170.7558621789526,170.03617556573516,0.0,0.0
S071,6.0,8.815742395449359,170.9584024554551,170.15412093735213,0.0,0.0
S071,6.5,8.023794669397796,171.31867998313186,170.44151901130223,0.0,0.0
S071,7.0,7.639336993205364,171.48800391482817,170.64836742301466,0.0,0.0
S071,7.5,6.80407781560204,171.70730242085597,170.70766196904177,0.0,0.0
S071,8.0,6.578338297350884,171.8454481868162,171.0098316188513,0.0,0.0
S071,8.5,5.916594239863105,172.04253874806778,171.30520642454957,1.0625,0.5
S071,9.0,5.576841729705389,172.1889401806797,171.41396316531996,2.125,1.0
S071,9.5,5.43025816629985,172.50761159987908,171.53935727735342,3.1875,1.5
S071,10.0,5.448438675246343,172.53801700337047,171.71327730872088,4.25,2.0
S071,10.5,5.233085861409677,172.74484010409353,171.75126284181377,5.3125,2.5
S071,11.0,5.422714594063128,172.763511798439,171.77748640514045,6.375,3.0
S071,11.5,4.79259953516026,172.95179009333884,171.97894524706612,7.4375,3.5
S071,12.0,4.9178424862449015,173.01985695544673,172.1081312831107,8.5,4.0
S071,12.5,5.071890164723049,173.0444715325522,172.16781071229352,8.5,4.5
S071,13.0,5.046992657206595,173.09941529357928,172.17951340487593,8.5,5.0
S071,13.5,5.302757725356959,173.25700909684423,172.27384553798663,8.5,5.0
S071,14.0,4.66701604923701,173.30005968822724,172.22777506717597,8.5,5.0
S071,14.5,4.894552083690522,173.38282687999785,172.2762462013278,8.5,5.0
S071,15.0,4.855070386396123,173.4041390410265,172.48748335514804,8.5,5.0
S071,15.5,5.07728063343599,173.37837484170583,172.60912667726052,8.5,5.0
S071,16.0,5.072317272312013,173.47566496518644,172.4781548029174,8.5,5.0
S071,16.5,5.433653606734537,173.5115366349259,172.70781012216705,8.5,5.0
S071,17.0,5.0741547132569975,173.6955630399764,172.57963404353896,8.5,5.0
S071,17.5,4.74814473820021,173.67025371989305,172.72194722841974,8.5,5.0
S071,18.0,4.936206469048744,173.62162858940295,172.64053322004847,8.5,5.0
S071,18.5,4.814525829359104,173.7721439729159,172.79167664752208,8.5,5.0
S071,19.0,4.903564692490954,173.8459145809463,172.7124502756186,8.5,5.0
S071,19.5,4.791024132513801,173.671621464575,172.80684484551824,8.5,5.0
S071,20.0,4.5952966972599505,173.84100109825292,172.71819681997383,8.5,5.0
S071,20.5,4.883924904448319,173.74215354399516,172.91897462548366,8.5,5.0
S071,21.0,4.82028163625973,173.81921511495005,172.87757123999194,8.5,5.0
S071,21.5,4.7184613294275755,173.85614134436645,172.94470746569746,8.5,5.0
S071,22.0,4.982672884013413,173.70394058652212,172.82441296774473,8.5,5.0
S071,22.5,5.006261362313924,173.7525870749362,172.92938079870575,8.5,5.0
S071,23.0,4.712364526035717,173.91404241890032,172.9696770088657,8.5,5.0
S071,23.5,4.956979430608765,173.90097930759757,172.94775903529452,8.5,5.0
S071,24.0,4.805105775952089,173.93515049230112,172.9666629266828,8.5,5.0
S071,24.5,4.775019231062271,174.0945422572356,172.9509321948034,8.5,5.0
S071,25.0,5.00503034467484,173.87277479799536,172.97330372010813,8.5,5.0
S071,25.5,4.888543221573144,173.8724281005266,173.02619459436866,8.5,5.0
S071,26.0,4.683667382718651,173.99072173809165,173.04403318774175,8.5,5.0
S071,26.5,5.101169585396223,173.9704896881585,173.0892902923712,8.5,5.0
S071,27.0,4.703231457977853,173.94559946018714,172.97270241515486,8.5,5.0
S071,27.5,4.8070601268340605,173.97541799506075,172.92879676439776,8.5,5.0
S071,28.0,4.867263089780416,174.0122535115521,173.05408505804473,8.5,5.0
S071,28.5,4.995054010450202,173.95120955222583,172.9666952606696,8.5,5.0
S071,29.0,4.919988318570364,174.00815992533566,173.18125290579678,8.5,5.0
S071,29.5,4.817229781180285,174.14192834509907,173.1903705501281,8.5,5.0
S071,30.0,4.734637307369403,173.87929827081004,173.08115822688805,8.5,5.0
S072,0.0,101.51701888034204,164.89170868262005,165.04075322995484,0.0,0.0
S072,0.5,81.45854232141711,165.76277927785895,165.6080493724706,0.0,0.0
S072,1.0,65.79134943284637,166.49342022234933,166.14780742807238,0.0,0.0
S072,1.5,53.59591283470788,166.90532851465073,166.55340232279474,0.0,0.0
S072,2.0,43.39003286257084,167.6124055880765,167.1400086752064,0.0,0.0
S072,2.5,35.652634029041366,168.09855369546202,167.43176563449424,0.0,0.0
S072,3.0,29.49615303848117,168.45593912378658,167.93223019644387,0.0,0.0
S072,3.5,24.527536270479263,169.1115650540306,168.29116306107204,0.0,0.0
S072,4.0,20.866265782838934,169.50489860747933,168.50312812537143,0.0,0.0
S072,4.5,16.99323691170091,169.72892326571426,168.78483259246562,0.0,0.0
S072,5.0,14.962570254897916,170.01052450508945,169.02984066038962,0.0,0.0
S072,5.5,12.55176065742069,170.39247408544534,169.25374516563295,0.0,0.0
S072,6.0,11.4549454519956,170.63767613411366,169.5125532308005,0.0,0.0
S072,6.5,10.054385748654125,170.89234241413715,169.7319007093814,0.0,0.0
S072,7.0,9.074270103740883,171.05011574612087,169.99011199436274,0.0,0.0
S072,7.5,8.246649682771933,171.21746645087785,170.19720121278542,0.0,0.0
S072,8.0,7.489963743409433,171.462397611849,170.35776397413517,0.0,0.0
S072,8.5,7.030259726432083,171.73550762305263,170.53176883037742,1.0625,0.575
S072,9.0,7.119922722592425,171.7478709818343,170.5910379336991,2.125,1.15
S072,9.5,6.44131654237287,171.97039427693983,170.71348058028823,3.1875,1.7249999999999999
S072,10.0,6.274706000241689,172.19789144511702,170.86257474954596,4.25,2.3
S072,10.5,6.08765241535623,172.2794380773053,170.95755508954144,5.3125,2.875
S072,11.0,5.647261575229461,172.382872616742,171.06413305490798,6.375,3.4499999999999997
S072,11.5,5.68011866861853,172.42709334977047,171.1529581970943,7.4375,4.0249999999999995
S072,12.0,5.663953990692284,172.47771346865795,171.18474639784992,8.5,4.6
S072,12.5,5.0679136115678,172.5184570281823,171.43565303129049,8.5,5.0
S072,13.0,5.585260130097868,172.7646586782006,171.4596677210333,8.5,5.0
S072,13.5,5.482353722269455,172.7591033951575,171.47400160907495,8.5,5.0
S072,14.0,5.463552485376075,172.78557592812237,171.48110146368242,8.5,5.0
S072,14.5,5.189718449785837,172.9127456919666,171.61269099137436,8.5,5.0
S072,15.0,5.308871712579737,173.0411793467267,171.49883157634653,8.5,5.0
S072,15.5,5.2159513575186525,172.99285331301758,171.7021626659327,8.5,5.0
S072,16.0,5.156415380262593,172.97108641558128,171.70888078754305,8.5,5.0
S072,16.5,5.361665532724781,173.07891363176654,171.7933679213716,8.5,5.0
S072,17.0,5.318893572045146,173.15137447581543,171.72054325849552,8.5,5.0
S072,17.5,5.362683251923606,173.1406324277638,171.79234450000533,8.5,5.0
S072,18.0,5.0467871028858,173.21148244828177,171.90479620472382,8.5,5.0
S072,18.5,5.103912132675387,173.26105995576216,171.86715697673637,8.5,5.0
S072,19.0,4.896208617451275,173.29064498789023,171.79087025665893,8.5,5.0
S072,19.5,4.996403379613261,173.22965543023932,171.87928135844066,8.5,5.0
S072,20.0,5.017047174213723,173.2702196189769,172.0000948491033,8.5,5.0
S072,20.5,5.31095793025807,173.30835820985985,171.93017514920032,8.5,5.0
S072,21.0,5.060058698639526,173.30873025822305,171.93472625979265,8.5,5.0
S072,21.5,5.168275249247374,173.2967827353354,171.91159094607434,8.5,5.0
S072,22.0,5.116229518708615,173.36926329813932,172.03004085249282,8.5,5.0
S072,22.5,5.281464749015575,173.25869387232294,171.92620349908296,8.5,5.0
S072,23.0,4.997345041319345,173.41871955995802,171.9801759781992,8.5,5.0
S072,23.5,4.981297924959907,173.3297840103804,171.9529186558831,8.5,5.0
S072,24.0,4.943122965228387,173.38049697222883,172.03034375579807,8.5,5.0
S072,24.5,4.977825209994096,173.3202288632239,171.95707705460052,8.5,5.0
S072,25.0,5.08953611974938,173.42577064253297,172.0720531761469,8.5,5.0
S072,25.5,5.211164970241228,173.35851554273583,172.0808076245645,8.5,5.0
S072,26.0,4.698585704361021,173.35057272865714,172.1268203183477,8.5,5.0
S072,26.5,5.164316432262888,173.5066924523704,171.97406713196682,8.5,5.0
S072,27.0,5.153436658436828,173.53206886876492,172.07591119675033,8.5,5.0
S072,27.5,5.01792099076696,173.51188409807634,172.08039899621534,8.5,5.0
S072,28.0,5.465658264619169,173.39273948709538,171.98254355188126,8.5,5.0
S072,28.5,5.101048546681533,173.50413383105365,171.9377032766286,8.5,5.0
S072,29.0,5.01937268761908,173.45685644172173,172.07678064079244,8.5,5.0
S072,29.5,5.429479542290992,173.36521007687233,172.0097475248842,8.5,5.0
S072,30.0,5.394242822174251,173.44002428413478,172.050618195672,8.5,5.0
